{"type": "FeatureCollection", "features": [{"type": "Feature", "properties": {"ref": "OG-001", "block": 4, "area_m2": 447.0, "acres": 0.1104}, "geometry": {"type": "Polygon", "coordinates": [[[36.984880528, -1.061885581], [36.985079649, -1.061714149], [36.985169116, -1.061819435], [36.984969995, -1.061990867], [36.984880528, -1.061885581]]]}}, {"type": "Feature", "properties": {"ref": "OG-002", "block": 4, "area_m2": 447.0, "acres": 0.1105}, "geometry": {"type": "Polygon", "coordinates": [[[36.984969995, -1.061990867], [36.985169116, -1.061819435], [36.985258585, -1.061924723], [36.985059464, -1.062096156], [36.985048144, -1.062082834], [36.984969995, -1.061990867]]]}}, {"type": "Feature", "properties": {"ref": "OG-003", "block": 4, "area_m2": 447.0, "acres": 0.1104}, "geometry": {"type": "Polygon", "coordinates": [[[36.984791061, -1.061780294], [36.984990182, -1.061608862], [36.985079649, -1.061714149], [36.984880528, -1.061885581], [36.984791061, -1.061780294]]]}}, {"type": "Feature", "properties": {"ref": "OG-004", "block": 4, "area_m2": 447.0, "acres": 0.1104}, "geometry": {"type": "Polygon", "coordinates": [[[36.984701593, -1.061675008], [36.984900714, -1.061503576], [36.984990182, -1.061608862], [36.984791061, -1.061780294], [36.984701593, -1.061675008]]]}}, {"type": "Feature", "properties": {"ref": "OG-005", "block": 4, "area_m2": 445.9, "acres": 0.1102}, "geometry": {"type": "Polygon", "coordinates": [[[36.985059464, -1.062096156], [36.985258585, -1.061924723], [36.985292532, -1.061895497], [36.985368793, -1.061985242], [36.985135725, -1.0621859], [36.985059464, -1.062096156]]]}}, {"type": "Feature", "properties": {"ref": "OG-006", "block": 4, "area_m2": 447.0, "acres": 0.1104}, "geometry": {"type": "Polygon", "coordinates": [[[36.984612126, -1.061569722], [36.984811247, -1.06139829], [36.984900714, -1.061503576], [36.984701593, -1.061675008], [36.984612126, -1.061569722]]]}}, {"type": "Feature", "properties": {"ref": "OG-007", "block": 4, "area_m2": 1002.6, "acres": 0.2478}, "geometry": {"type": "Polygon", "coordinates": [[[36.985135725, -1.0621859], [36.985368793, -1.061985242], [36.985540373, -1.061837521], [36.985544124, -1.061834292], [36.985358796, -1.062357927], [36.985292397, -1.062370274], [36.985135725, -1.0621859]]]}}, {"type": "Feature", "properties": {"ref": "OG-008", "block": 4, "area_m2": 447.0, "acres": 0.1104}, "geometry": {"type": "Polygon", "coordinates": [[[36.984522659, -1.061464435], [36.98472178, -1.061293003], [36.984811247, -1.06139829], [36.984612126, -1.061569722], [36.984537681, -1.061482114], [36.984522659, -1.061464435]]]}}, {"type": "Feature", "properties": {"ref": "OG-009", "block": 4, "area_m2": 498.5, "acres": 0.1232}, "geometry": {"type": "Polygon", "coordinates": [[[36.984446721, -1.061375071], [36.984665375, -1.06115248], [36.984758166, -1.061261677], [36.98472178, -1.061293003], [36.984522659, -1.061464435], [36.984446721, -1.061375071]]]}}, {"type": "Feature", "properties": {"ref": "OG-010", "block": 4, "area_m2": 449.3, "acres": 0.111}, "geometry": {"type": "Polygon", "coordinates": [[[36.985162466, -1.061691535], [36.985309068, -1.061565319], [36.985399613, -1.061671874], [36.985431217, -1.061709066], [36.985284616, -1.061835282], [36.985162466, -1.061691535]]]}}, {"type": "Feature", "properties": {"ref": "OG-011", "block": 4, "area_m2": 449.3, "acres": 0.111}, "geometry": {"type": "Polygon", "coordinates": [[[36.985040316, -1.061547787], [36.985186918, -1.061421571], [36.98522144, -1.061462198], [36.985309068, -1.061565319], [36.985162466, -1.061691535], [36.985040316, -1.061547787]]]}}, {"type": "Feature", "properties": {"ref": "OG-012", "block": 4, "area_m2": 449.3, "acres": 0.111}, "geometry": {"type": "Polygon", "coordinates": [[[36.985284616, -1.061835282], [36.985431217, -1.061709066], [36.985540373, -1.061837521], [36.985368793, -1.061985242], [36.985292532, -1.061895497], [36.98531751, -1.061873992], [36.985284616, -1.061835282]]]}}, {"type": "Feature", "properties": {"ref": "OG-013", "block": 4, "area_m2": 449.3, "acres": 0.111}, "geometry": {"type": "Polygon", "coordinates": [[[36.985186918, -1.061421571], [36.985040316, -1.061547787], [36.98494694, -1.061437901], [36.984949087, -1.061378048], [36.985056776, -1.061268419], [36.98513519, -1.061360697], [36.985186918, -1.061421571]]]}}, {"type": "Feature", "properties": {"ref": "OG-014", "block": 4, "area_m2": 448.6, "acres": 0.1108}, "geometry": {"type": "Polygon", "coordinates": [[[36.984665375, -1.06115248], [36.984764408, -1.061051663], [36.984962421, -1.061248736], [36.984903948, -1.061308261], [36.984849253, -1.061306274], [36.984788884, -1.06123523], [36.984758166, -1.061261677], [36.984665375, -1.06115248]]]}}, {"type": "Feature", "properties": {"ref": "OG-015", "block": 4, "area_m2": 453.4, "acres": 0.112}, "geometry": {"type": "Polygon", "coordinates": [[[36.985399613, -1.061671874], [36.985594702, -1.061503914], [36.985615397, -1.061530801], [36.985626589, -1.061601292], [36.985544124, -1.061834292], [36.985540373, -1.061837521], [36.985431217, -1.061709066], [36.985399613, -1.061671874]]]}}, {"type": "Feature", "properties": {"ref": "OG-016", "block": 4, "area_m2": 449.0, "acres": 0.111}, "geometry": {"type": "Polygon", "coordinates": [[[36.985309068, -1.061565319], [36.985509285, -1.061392943], [36.985594702, -1.061503914], [36.985399613, -1.061671874], [36.985309068, -1.061565319]]]}}, {"type": "Feature", "properties": {"ref": "OG-017", "block": 4, "area_m2": 445.6, "acres": 0.1101}, "geometry": {"type": "Polygon", "coordinates": [[[36.98522144, -1.061462198], [36.98542662, -1.061285549], [36.985509285, -1.061392943], [36.985309068, -1.061565319], [36.98522144, -1.061462198]]]}}, {"type": "Feature", "properties": {"ref": "OG-018", "block": 4, "area_m2": 449.3, "acres": 0.111}, "geometry": {"type": "Polygon", "coordinates": [[[36.98513519, -1.061360697], [36.985345255, -1.061179842], [36.98542662, -1.061285549], [36.98522144, -1.061462198], [36.985186918, -1.061421571], [36.98513519, -1.061360697]]]}}, {"type": "Feature", "properties": {"ref": "OG-019", "block": 4, "area_m2": 448.6, "acres": 0.1108}, "geometry": {"type": "Polygon", "coordinates": [[[36.984764408, -1.061051663], [36.984855798, -1.060958627], [36.985053812, -1.061155699], [36.984962421, -1.061248736], [36.984764408, -1.061051663]]]}}, {"type": "Feature", "properties": {"ref": "OG-020", "block": 4, "area_m2": 449.1, "acres": 0.111}, "geometry": {"type": "Polygon", "coordinates": [[[36.9852815, -1.061097014], [36.985345255, -1.061179842], [36.98513519, -1.061360697], [36.985056776, -1.061268419], [36.985228322, -1.061093783], [36.9852815, -1.061097014]]]}}, {"type": "Feature", "properties": {"ref": "OG-021", "block": 4, "area_m2": 448.6, "acres": 0.1108}, "geometry": {"type": "Polygon", "coordinates": [[[36.984855798, -1.060958627], [36.984947188, -1.060865591], [36.985145202, -1.061062663], [36.985053812, -1.061155699], [36.984855798, -1.060958627]]]}}, {"type": "Feature", "properties": {"ref": "OG-022", "block": 4, "area_m2": 448.6, "acres": 0.1108}, "geometry": {"type": "Polygon", "coordinates": [[[36.984947188, -1.060865591], [36.985038578, -1.060772555], [36.985236592, -1.060969627], [36.985145202, -1.061062663], [36.984947188, -1.060865591]]]}}, {"type": "Feature", "properties": {"ref": "OG-023", "block": 4, "area_m2": 452.2, "acres": 0.1118}, "geometry": {"type": "Polygon", "coordinates": [[[36.985536853, -1.061295894], [36.98576457, -1.061118305], [36.985787149, -1.061147638], [36.985685932, -1.06143362], [36.98564761, -1.061439785], [36.985536853, -1.061295894]]]}}, {"type": "Feature", "properties": {"ref": "OG-024", "block": 4, "area_m2": 452.2, "acres": 0.1118}, "geometry": {"type": "Polygon", "coordinates": [[[36.985459268, -1.061195099], [36.985686985, -1.06101751], [36.98576457, -1.061118305], [36.985536853, -1.061295894], [36.985459268, -1.061195099]]]}}, {"type": "Feature", "properties": {"ref": "OG-025", "block": 4, "area_m2": 452.2, "acres": 0.1118}, "geometry": {"type": "Polygon", "coordinates": [[[36.985381685, -1.061094306], [36.985609402, -1.060916717], [36.985686985, -1.06101751], [36.985459268, -1.061195099], [36.985381685, -1.061094306]]]}}, {"type": "Feature", "properties": {"ref": "OG-026", "block": 4, "area_m2": 448.6, "acres": 0.1108}, "geometry": {"type": "Polygon", "coordinates": [[[36.985038578, -1.060772555], [36.985129968, -1.060679518], [36.985327982, -1.060876591], [36.985236592, -1.060969627], [36.985038578, -1.060772555]]]}}, {"type": "Feature", "properties": {"ref": "OG-027", "block": 4, "area_m2": 452.2, "acres": 0.1118}, "geometry": {"type": "Polygon", "coordinates": [[[36.985609402, -1.060916717], [36.985381685, -1.061094306], [36.985338839, -1.061038642], [36.985342503, -1.060977546], [36.985518396, -1.060798485], [36.985609402, -1.060916717]]]}}, {"type": "Feature", "properties": {"ref": "OG-028", "block": 4, "area_m2": 448.6, "acres": 0.1108}, "geometry": {"type": "Polygon", "coordinates": [[[36.985129968, -1.060679518], [36.985221358, -1.060586482], [36.985419372, -1.060783555], [36.985327982, -1.060876591], [36.985129968, -1.060679518]]]}}, {"type": "Feature", "properties": {"ref": "OG-029", "block": 4, "area_m2": 926.9, "acres": 0.229}, "geometry": {"type": "Polygon", "coordinates": [[[36.985518396, -1.060798485], [36.985632616, -1.060682207], [36.985905801, -1.060954093], [36.985827442, -1.061033791], [36.985787149, -1.061147638], [36.98576457, -1.061118305], [36.985686985, -1.06101751], [36.985609402, -1.060916717], [36.985518396, -1.060798485]]]}}, {"type": "Feature", "properties": {"ref": "OG-030", "block": 4, "area_m2": 448.6, "acres": 0.1108}, "geometry": {"type": "Polygon", "coordinates": [[[36.985221358, -1.060586482], [36.985312748, -1.060493446], [36.985510762, -1.060690519], [36.985507568, -1.06069377], [36.985419372, -1.060783555], [36.985221358, -1.060586482]]]}}, {"type": "Feature", "properties": {"ref": "OG-031", "block": 4, "area_m2": 448.6, "acres": 0.1108}, "geometry": {"type": "Polygon", "coordinates": [[[36.985312748, -1.060493446], [36.985404138, -1.06040041], [36.985602152, -1.060597483], [36.985510762, -1.060690519], [36.985312748, -1.060493446]]]}}, {"type": "Feature", "properties": {"ref": "OG-032", "block": 4, "area_m2": 900.0, "acres": 0.2224}, "geometry": {"type": "Polygon", "coordinates": [[[36.985632616, -1.060682207], [36.985765506, -1.060546923], [36.986038753, -1.060818871], [36.985905801, -1.060954093], [36.985632616, -1.060682207]]]}}, {"type": "Feature", "properties": {"ref": "OG-033", "block": 4, "area_m2": 448.6, "acres": 0.1108}, "geometry": {"type": "Polygon", "coordinates": [[[36.985404138, -1.06040041], [36.985495528, -1.060307374], [36.985693542, -1.060504446], [36.985602152, -1.060597483], [36.985404138, -1.06040041]]]}}, {"type": "Feature", "properties": {"ref": "OG-034", "block": 4, "area_m2": 900.0, "acres": 0.2224}, "geometry": {"type": "Polygon", "coordinates": [[[36.985765506, -1.060546923], [36.985898367, -1.06041167], [36.986171674, -1.060683678], [36.986038753, -1.060818871], [36.985765506, -1.060546923]]]}}, {"type": "Feature", "properties": {"ref": "OG-035", "block": 4, "area_m2": 448.6, "acres": 0.1108}, "geometry": {"type": "Polygon", "coordinates": [[[36.985495528, -1.060307374], [36.985586918, -1.060214338], [36.985784932, -1.06041141], [36.985693542, -1.060504446], [36.985495528, -1.060307374]]]}}, {"type": "Feature", "properties": {"ref": "OG-036", "block": 4, "area_m2": 448.6, "acres": 0.1108}, "geometry": {"type": "Polygon", "coordinates": [[[36.985586918, -1.060214338], [36.985678308, -1.060121302], [36.985876322, -1.060318374], [36.985784932, -1.06041141], [36.985586918, -1.060214338]]]}}, {"type": "Feature", "properties": {"ref": "OG-037", "block": 4, "area_m2": 900.0, "acres": 0.2224}, "geometry": {"type": "Polygon", "coordinates": [[[36.985898367, -1.06041167], [36.986031205, -1.060276439], [36.986304459, -1.060548394], [36.986264427, -1.06058934], [36.986171674, -1.060683678], [36.985898367, -1.06041167]]]}}, {"type": "Feature", "properties": {"ref": "OG-038", "block": 4, "area_m2": 448.6, "acres": 0.1108}, "geometry": {"type": "Polygon", "coordinates": [[[36.985678308, -1.060121302], [36.985769698, -1.060028266], [36.985967712, -1.060225338], [36.985876322, -1.060318374], [36.985678308, -1.060121302]]]}}, {"type": "Feature", "properties": {"ref": "OG-039", "block": 4, "area_m2": 900.0, "acres": 0.2224}, "geometry": {"type": "Polygon", "coordinates": [[[36.986031205, -1.060276439], [36.986164154, -1.060141095], [36.986437091, -1.060412735], [36.986304459, -1.060548394], [36.986031205, -1.060276439]]]}}, {"type": "Feature", "properties": {"ref": "OG-040", "block": 4, "area_m2": 448.6, "acres": 0.1108}, "geometry": {"type": "Polygon", "coordinates": [[[36.985769698, -1.060028266], [36.985861088, -1.059935229], [36.986059101, -1.060132302], [36.985967712, -1.060225338], [36.985769698, -1.060028266]]]}}, {"type": "Feature", "properties": {"ref": "OG-041", "block": 4, "area_m2": 448.6, "acres": 0.1108}, "geometry": {"type": "Polygon", "coordinates": [[[36.985861088, -1.059935229], [36.985952478, -1.059842193], [36.986150491, -1.060039266], [36.986059101, -1.060132302], [36.985861088, -1.059935229]]]}}, {"type": "Feature", "properties": {"ref": "OG-042", "block": 4, "area_m2": 900.0, "acres": 0.2224}, "geometry": {"type": "Polygon", "coordinates": [[[36.986164154, -1.060141095], [36.986297256, -1.060005595], [36.986569876, -1.060276918], [36.986437091, -1.060412735], [36.986164154, -1.060141095]]]}}, {"type": "Feature", "properties": {"ref": "OG-043", "block": 4, "area_m2": 448.6, "acres": 0.1108}, "geometry": {"type": "Polygon", "coordinates": [[[36.985952478, -1.059842193], [36.986043867, -1.059749157], [36.986241881, -1.059946229], [36.98624019, -1.059947951], [36.986150491, -1.060039266], [36.985952478, -1.059842193]]]}}, {"type": "Feature", "properties": {"ref": "OG-044", "block": 4, "area_m2": 900.0, "acres": 0.2224}, "geometry": {"type": "Polygon", "coordinates": [[[36.986297256, -1.060005595], [36.986430515, -1.059869935], [36.986702817, -1.060140942], [36.986569876, -1.060276918], [36.986297256, -1.060005595]]]}}, {"type": "Feature", "properties": {"ref": "OG-045", "block": 4, "area_m2": 448.6, "acres": 0.1108}, "geometry": {"type": "Polygon", "coordinates": [[[36.986043867, -1.059749157], [36.986135257, -1.059656121], [36.986333271, -1.059853193], [36.986241881, -1.059946229], [36.986043867, -1.059749157]]]}}, {"type": "Feature", "properties": {"ref": "OG-046", "block": 4, "area_m2": 448.6, "acres": 0.1108}, "geometry": {"type": "Polygon", "coordinates": [[[36.986135257, -1.059656121], [36.986226647, -1.059563084], [36.986424661, -1.059760157], [36.986333271, -1.059853193], [36.986135257, -1.059656121]]]}}, {"type": "Feature", "properties": {"ref": "OG-047", "block": 4, "area_m2": 900.0, "acres": 0.2224}, "geometry": {"type": "Polygon", "coordinates": [[[36.986430515, -1.059869935], [36.986563929, -1.059734118], [36.986835912, -1.060004808], [36.986702817, -1.060140942], [36.986430515, -1.059869935]]]}}, {"type": "Feature", "properties": {"ref": "OG-048", "block": 4, "area_m2": 448.6, "acres": 0.1108}, "geometry": {"type": "Polygon", "coordinates": [[[36.986226647, -1.059563084], [36.986318037, -1.059470048], [36.986516051, -1.059667121], [36.986424661, -1.059760157], [36.986226647, -1.059563084]]]}}, {"type": "Feature", "properties": {"ref": "OG-049", "block": 4, "area_m2": 900.0, "acres": 0.2224}, "geometry": {"type": "Polygon", "coordinates": [[[36.986563929, -1.059734118], [36.986697499, -1.059598142], [36.986969164, -1.059868515], [36.986835912, -1.060004808], [36.986563929, -1.059734118]]]}}, {"type": "Feature", "properties": {"ref": "OG-050", "block": 4, "area_m2": 448.6, "acres": 0.1108}, "geometry": {"type": "Polygon", "coordinates": [[[36.986318037, -1.059470048], [36.986409427, -1.059377012], [36.986607441, -1.059574084], [36.986516051, -1.059667121], [36.986318037, -1.059470048]]]}}, {"type": "Feature", "properties": {"ref": "OG-051", "block": 4, "area_m2": 448.6, "acres": 0.1108}, "geometry": {"type": "Polygon", "coordinates": [[[36.986409427, -1.059377012], [36.986500817, -1.059283976], [36.986698831, -1.059481048], [36.986607441, -1.059574084], [36.986409427, -1.059377012]]]}}, {"type": "Feature", "properties": {"ref": "OG-052", "block": 4, "area_m2": 900.0, "acres": 0.2224}, "geometry": {"type": "Polygon", "coordinates": [[[36.986697499, -1.059598142], [36.986831227, -1.059462006], [36.987102572, -1.059732061], [36.986969164, -1.059868515], [36.986697499, -1.059598142]]]}}, {"type": "Feature", "properties": {"ref": "OG-053", "block": 4, "area_m2": 448.6, "acres": 0.1108}, "geometry": {"type": "Polygon", "coordinates": [[[36.986500817, -1.059283976], [36.986592207, -1.059190939], [36.986790221, -1.059388012], [36.986698831, -1.059481048], [36.986500817, -1.059283976]]]}}, {"type": "Feature", "properties": {"ref": "OG-054", "block": 4, "area_m2": 900.0, "acres": 0.2224}, "geometry": {"type": "Polygon", "coordinates": [[[36.986831227, -1.059462006], [36.986965111, -1.059325709], [36.987236157, -1.059595466], [36.98723129, -1.059600404], [36.987102572, -1.059732061], [36.986831227, -1.059462006]]]}}, {"type": "Feature", "properties": {"ref": "OG-055", "block": 4, "area_m2": 448.6, "acres": 0.1108}, "geometry": {"type": "Polygon", "coordinates": [[[36.986592207, -1.059190939], [36.986683597, -1.059097903], [36.986881611, -1.059294975], [36.986790221, -1.059388012], [36.986592207, -1.059190939]]]}}, {"type": "Feature", "properties": {"ref": "OG-056", "block": 4, "area_m2": 448.6, "acres": 0.1108}, "geometry": {"type": "Polygon", "coordinates": [[[36.986683597, -1.059097903], [36.986774987, -1.059004867], [36.986973001, -1.059201939], [36.986881611, -1.059294975], [36.986683597, -1.059097903]]]}}, {"type": "Feature", "properties": {"ref": "OG-057", "block": 4, "area_m2": 900.0, "acres": 0.2224}, "geometry": {"type": "Polygon", "coordinates": [[[36.986965111, -1.059325709], [36.987099442, -1.059188958], [36.987362784, -1.059451047], [36.987341286, -1.059488793], [36.987236157, -1.059595466], [36.986965111, -1.059325709]]]}}, {"type": "Feature", "properties": {"ref": "OG-058", "block": 4, "area_m2": 448.6, "acres": 0.1108}, "geometry": {"type": "Polygon", "coordinates": [[[36.986774987, -1.059004867], [36.986866376, -1.058911831], [36.98706439, -1.059108903], [36.986973001, -1.059201939], [36.986774987, -1.059004867]]]}}, {"type": "Feature", "properties": {"ref": "OG-059", "block": 4, "area_m2": 287.4, "acres": 0.071}, "geometry": {"type": "Polygon", "coordinates": [[[36.986866376, -1.058911831], [36.986872415, -1.058905683], [36.987184283, -1.05902543], [36.987083553, -1.059127975], [36.98706439, -1.059108903], [36.986866376, -1.058911831]]]}}, {"type": "Feature", "properties": {"ref": "OG-060", "block": 4, "area_m2": 948.1, "acres": 0.2343}, "geometry": {"type": "Polygon", "coordinates": [[[36.987102716, -1.059147046], [36.987211801, -1.059035996], [36.987420766, -1.059116231], [36.987389915, -1.059403408], [36.987362784, -1.059451047], [36.987099442, -1.059188958], [36.987121878, -1.059166118], [36.987102716, -1.059147046]]]}}, {"type": "Feature", "properties": {"ref": "OG-061", "block": 4, "area_m2": 476.3, "acres": 0.1177}, "geometry": {"type": "Polygon", "coordinates": [[[36.987520971, -1.059445023], [36.987550923, -1.059166208], [36.987717226, -1.059230063], [36.98762118, -1.0594835], [36.987520971, -1.059445023]]]}}, {"type": "Feature", "properties": {"ref": "OG-062", "block": 4, "area_m2": 1133.5, "acres": 0.2801}, "geometry": {"type": "Polygon", "coordinates": [[[36.986872415, -1.058905683], [36.986975953, -1.05880028], [36.987539868, -1.059016805], [36.987565899, -1.0590268], [36.987550923, -1.059166208], [36.987420766, -1.059116231], [36.987211801, -1.059035996], [36.987184283, -1.05902543], [36.986872415, -1.058905683]]]}}, {"type": "Feature", "properties": {"ref": "OG-063", "block": 4, "area_m2": 450.0, "acres": 0.1112}, "geometry": {"type": "Polygon", "coordinates": [[[36.98762118, -1.0594835], [36.987717226, -1.059230063], [36.987843119, -1.059278401], [36.987747072, -1.059531838], [36.98762118, -1.0594835]]]}}, {"type": "Feature", "properties": {"ref": "OG-064", "block": 4, "area_m2": 450.0, "acres": 0.1112}, "geometry": {"type": "Polygon", "coordinates": [[[36.987747072, -1.059531838], [36.987843119, -1.059278401], [36.987969011, -1.059326739], [36.987872964, -1.059580177], [36.987747072, -1.059531838]]]}}, {"type": "Feature", "properties": {"ref": "OG-065", "block": 4, "area_m2": 975.2, "acres": 0.241}, "geometry": {"type": "Polygon", "coordinates": [[[36.986975953, -1.05880028], [36.98707949, -1.058694877], [36.987333722, -1.058792494], [36.987448564, -1.058836589], [36.987450718, -1.058837416], [36.987580875, -1.058887392], [36.987565899, -1.0590268], [36.987539868, -1.059016805], [36.986975953, -1.05880028]]]}}, {"type": "Feature", "properties": {"ref": "OG-066", "block": 4, "area_m2": 450.0, "acres": 0.1112}, "geometry": {"type": "Polygon", "coordinates": [[[36.987872964, -1.059580177], [36.987969011, -1.059326739], [36.988094903, -1.059375078], [36.987998856, -1.059628515], [36.987872964, -1.059580177]]]}}, {"type": "Feature", "properties": {"ref": "OG-067", "block": 4, "area_m2": 617.9, "acres": 0.1527}, "geometry": {"type": "Polygon", "coordinates": [[[36.987998856, -1.059628515], [36.988094903, -1.059375078], [36.988324929, -1.0594634], [36.988291005, -1.059497706], [36.988135862, -1.059654596], [36.988091673, -1.059664154], [36.987998856, -1.059628515]]]}}, {"type": "Feature", "properties": {"ref": "OG-068", "block": 4, "area_m2": 890.1, "acres": 0.22}, "geometry": {"type": "Polygon", "coordinates": [[[36.98707949, -1.058694877], [36.987322594, -1.058447394], [36.987496283, -1.058627004], [36.987333722, -1.058792494], [36.98707949, -1.058694877]]]}}, {"type": "Feature", "properties": {"ref": "OG-069", "block": 4, "area_m2": 882.6, "acres": 0.2181}, "geometry": {"type": "Polygon", "coordinates": [[[36.987604056, -1.058671607], [36.987646545, -1.058628352], [36.987820018, -1.058807738], [36.987993499, -1.058987133], [36.987951634, -1.059029752], [36.987580875, -1.058887392], [36.987604056, -1.058671607]]]}}, {"type": "Feature", "properties": {"ref": "OG-070", "block": 4, "area_m2": 890.1, "acres": 0.22}, "geometry": {"type": "Polygon", "coordinates": [[[36.987322594, -1.058447394], [36.987525426, -1.058240908], [36.987699115, -1.058420518], [36.987496283, -1.058627004], [36.987322594, -1.058447394]]]}}, {"type": "Feature", "properties": {"ref": "OG-071", "block": 4, "area_m2": 882.5, "acres": 0.2181}, "geometry": {"type": "Polygon", "coordinates": [[[36.987820018, -1.058807738], [36.988021361, -1.058602768], [36.988194842, -1.058782163], [36.987993499, -1.058987133], [36.987820018, -1.058807738]]]}}, {"type": "Feature", "properties": {"ref": "OG-072", "block": 4, "area_m2": 882.5, "acres": 0.2181}, "geometry": {"type": "Polygon", "coordinates": [[[36.987646545, -1.058628352], [36.987847888, -1.058423381], [36.988021361, -1.058602768], [36.987820018, -1.058807738], [36.987646545, -1.058628352]]]}}, {"type": "Feature", "properties": {"ref": "OG-073", "block": 4, "area_m2": 890.1, "acres": 0.22}, "geometry": {"type": "Polygon", "coordinates": [[[36.987525426, -1.058240908], [36.987728257, -1.058034421], [36.987901946, -1.058214031], [36.987699115, -1.058420518], [36.987525426, -1.058240908]]]}}, {"type": "Feature", "properties": {"ref": "OG-074", "block": 4, "area_m2": 882.5, "acres": 0.2181}, "geometry": {"type": "Polygon", "coordinates": [[[36.988021361, -1.058602768], [36.98822501, -1.058395449], [36.988370297, -1.058545688], [36.988370071, -1.058603776], [36.988194842, -1.058782163], [36.988021361, -1.058602768]]]}}, {"type": "Feature", "properties": {"ref": "OG-075", "block": 4, "area_m2": 882.5, "acres": 0.2181}, "geometry": {"type": "Polygon", "coordinates": [[[36.988079733, -1.058245218], [36.98822501, -1.058395449], [36.988021361, -1.058602768], [36.987847888, -1.058423381], [36.988023117, -1.058244995], [36.988079733, -1.058245218]]]}}, {"type": "Feature", "properties": {"ref": "OG-076", "block": 4, "area_m2": 890.1, "acres": 0.22}, "geometry": {"type": "Polygon", "coordinates": [[[36.987728257, -1.058034421], [36.987931089, -1.057827935], [36.988104778, -1.058007545], [36.987901946, -1.058214031], [36.987728257, -1.058034421]]]}}, {"type": "Feature", "properties": {"ref": "OG-077", "block": 4, "area_m2": 890.1, "acres": 0.22}, "geometry": {"type": "Polygon", "coordinates": [[[36.987931089, -1.057827935], [36.988133921, -1.057621449], [36.98830761, -1.057801059], [36.988104778, -1.058007545], [36.987931089, -1.057827935]]]}}, {"type": "Feature", "properties": {"ref": "OG-078", "block": 4, "area_m2": 890.1, "acres": 0.22}, "geometry": {"type": "Polygon", "coordinates": [[[36.988133921, -1.057621449], [36.988336753, -1.057414962], [36.988510442, -1.057594572], [36.98830761, -1.057801059], [36.988133921, -1.057621449]]]}}, {"type": "Feature", "properties": {"ref": "OG-079", "block": 37, "area_m2": 892.3, "acres": 0.2205}, "geometry": {"type": "Polygon", "coordinates": [[[36.988750466, -1.058822151], [36.9889161, -1.058653532], [36.989129314, -1.058874015], [36.98896368, -1.059042634], [36.988750466, -1.058822151]]]}}, {"type": "Feature", "properties": {"ref": "OG-080", "block": 37, "area_m2": 892.3, "acres": 0.2205}, "geometry": {"type": "Polygon", "coordinates": [[[36.988537251, -1.058601668], [36.988702886, -1.058433049], [36.9889161, -1.058653532], [36.988750466, -1.058822151], [36.988537251, -1.058601668]]]}}, {"type": "Feature", "properties": {"ref": "OG-081", "block": 37, "area_m2": 892.3, "acres": 0.2205}, "geometry": {"type": "Polygon", "coordinates": [[[36.988324037, -1.058381185], [36.988489671, -1.058212566], [36.988702886, -1.058433049], [36.988537251, -1.058601668], [36.988324037, -1.058381185]]]}}, {"type": "Feature", "properties": {"ref": "OG-082", "block": 37, "area_m2": 1784.6, "acres": 0.441}, "geometry": {"type": "Polygon", "coordinates": [[[36.98896368, -1.059042634], [36.989129314, -1.058874015], [36.989342529, -1.059094498], [36.98955817, -1.05931749], [36.989420956, -1.059457176], [36.98936434, -1.059456953], [36.98896368, -1.059042634]]]}}, {"type": "Feature", "properties": {"ref": "OG-083", "block": 37, "area_m2": 892.3, "acres": 0.2205}, "geometry": {"type": "Polygon", "coordinates": [[[36.9889161, -1.058653532], [36.989081734, -1.058484914], [36.989294948, -1.058705397], [36.989129314, -1.058874015], [36.9889161, -1.058653532]]]}}, {"type": "Feature", "properties": {"ref": "OG-084", "block": 37, "area_m2": 892.3, "acres": 0.2205}, "geometry": {"type": "Polygon", "coordinates": [[[36.988702886, -1.058433049], [36.988868519, -1.058264431], [36.989081734, -1.058484914], [36.9889161, -1.058653532], [36.988702886, -1.058433049]]]}}, {"type": "Feature", "properties": {"ref": "OG-085", "block": 37, "area_m2": 892.4, "acres": 0.2205}, "geometry": {"type": "Polygon", "coordinates": [[[36.98813681, -1.058129254], [36.988274024, -1.057989568], [36.988489671, -1.058212566], [36.988324037, -1.058381185], [36.988136584, -1.058187342], [36.98813681, -1.058129254]]]}}, {"type": "Feature", "properties": {"ref": "OG-086", "block": 37, "area_m2": 892.3, "acres": 0.2205}, "geometry": {"type": "Polygon", "coordinates": [[[36.989129314, -1.058874015], [36.989294948, -1.058705397], [36.989508163, -1.05892588], [36.989342529, -1.059094498], [36.989129314, -1.058874015]]]}}, {"type": "Feature", "properties": {"ref": "OG-087", "block": 37, "area_m2": 892.3, "acres": 0.2205}, "geometry": {"type": "Polygon", "coordinates": [[[36.988489671, -1.058212566], [36.988655305, -1.058043948], [36.988868519, -1.058264431], [36.988702886, -1.058433049], [36.988489671, -1.058212566]]]}}, {"type": "Feature", "properties": {"ref": "OG-088", "block": 37, "area_m2": 892.3, "acres": 0.2205}, "geometry": {"type": "Polygon", "coordinates": [[[36.989342529, -1.059094498], [36.989508163, -1.05892588], [36.989695609, -1.059119716], [36.989695383, -1.059177805], [36.98955817, -1.05931749], [36.989342529, -1.059094498]]]}}, {"type": "Feature", "properties": {"ref": "OG-089", "block": 37, "area_m2": 892.4, "acres": 0.2205}, "geometry": {"type": "Polygon", "coordinates": [[[36.988467852, -1.057850105], [36.988655305, -1.058043948], [36.988489671, -1.058212566], [36.988274024, -1.057989568], [36.988411237, -1.057849882], [36.988467852, -1.057850105]]]}}, {"type": "Feature", "properties": {"ref": "OG-090", "block": 32, "area_m2": 885.9, "acres": 0.2189}, "geometry": {"type": "Polygon", "coordinates": [[[36.988034187, -1.059061449], [36.988265134, -1.058826342], [36.988452019, -1.059019597], [36.988307734, -1.059166482], [36.988034187, -1.059061449]]]}}, {"type": "Feature", "properties": {"ref": "OG-091", "block": 32, "area_m2": 887.5, "acres": 0.2193}, "geometry": {"type": "Polygon", "coordinates": [[[36.988307734, -1.059166482], [36.988452019, -1.059019597], [36.988641776, -1.058826422], [36.988755975, -1.058944514], [36.98847489, -1.059230664], [36.988307734, -1.059166482]]]}}, {"type": "Feature", "properties": {"ref": "OG-092", "block": 32, "area_m2": 887.5, "acres": 0.2193}, "geometry": {"type": "Polygon", "coordinates": [[[36.98847489, -1.059230664], [36.988755975, -1.058944514], [36.988897455, -1.059090817], [36.988681976, -1.059310179], [36.988526639, -1.059250534], [36.98847489, -1.059230664]]]}}, {"type": "Feature", "properties": {"ref": "OG-093", "block": 32, "area_m2": 885.9, "acres": 0.2189}, "geometry": {"type": "Polygon", "coordinates": [[[36.988483086, -1.058662322], [36.988641776, -1.058826422], [36.988452019, -1.059019597], [36.988265134, -1.058826342], [36.98842647, -1.058662099], [36.988483086, -1.058662322]]]}}, {"type": "Feature", "properties": {"ref": "OG-094", "block": 32, "area_m2": 888.0, "acres": 0.2194}, "geometry": {"type": "Polygon", "coordinates": [[[36.988681976, -1.059310179], [36.988897455, -1.059090817], [36.989108462, -1.059309018], [36.988990831, -1.059428769], [36.988681976, -1.059310179]]]}}, {"type": "Feature", "properties": {"ref": "OG-095", "block": 32, "area_m2": 377.0, "acres": 0.0932}, "geometry": {"type": "Polygon", "coordinates": [[[36.988990831, -1.059428769], [36.989108462, -1.059309018], [36.989362133, -1.059571336], [36.988990831, -1.059428769]]]}}, {"type": "Feature", "properties": {"ref": "OG-096", "block": 46, "area_m2": 888.3, "acres": 0.2195}, "geometry": {"type": "Polygon", "coordinates": [[[36.989726016, -1.059711055], [36.989838342, -1.059596706], [36.989998856, -1.0594333], [36.99014615, -1.059585616], [36.989941613, -1.059793838], [36.989726016, -1.059711055]]]}}, {"type": "Feature", "properties": {"ref": "OG-097", "block": 46, "area_m2": 888.4, "acres": 0.2195}, "geometry": {"type": "Polygon", "coordinates": [[[36.989941613, -1.059793838], [36.99014615, -1.059585616], [36.99028112, -1.059725188], [36.990394056, -1.059790408], [36.990267697, -1.059919043], [36.989941613, -1.059793838]]]}}, {"type": "Feature", "properties": {"ref": "OG-098", "block": 46, "area_m2": 888.3, "acres": 0.2195}, "geometry": {"type": "Polygon", "coordinates": [[[36.989808398, -1.05923635], [36.989998856, -1.0594333], [36.989838342, -1.059596706], [36.989615471, -1.059374895], [36.989751783, -1.059236127], [36.989808398, -1.05923635]]]}}, {"type": "Feature", "properties": {"ref": "OG-099", "block": 46, "area_m2": 888.3, "acres": 0.2195}, "geometry": {"type": "Polygon", "coordinates": [[[36.990267697, -1.059919043], [36.990394056, -1.059790408], [36.99084347, -1.060049943], [36.990861782, -1.060107221], [36.990846393, -1.060141243], [36.990267697, -1.059919043]]]}}, {"type": "Feature", "properties": {"ref": "OG-100", "block": 30, "area_m2": 442.0, "acres": 0.1092}, "geometry": {"type": "Polygon", "coordinates": [[[36.987778867, -1.060515465], [36.987873921, -1.060419341], [36.988064916, -1.060610697], [36.98799521, -1.060681188], [36.987944396, -1.060681307], [36.987778867, -1.060515465]]]}}, {"type": "Feature", "properties": {"ref": "OG-101", "block": 30, "area_m2": 450.0, "acres": 0.1112}, "geometry": {"type": "Polygon", "coordinates": [[[36.987873921, -1.060419341], [36.987968975, -1.060323216], [36.98815997, -1.060514572], [36.988064916, -1.060610697], [36.987873921, -1.060419341]]]}}, {"type": "Feature", "properties": {"ref": "OG-102", "block": 30, "area_m2": 660.8, "acres": 0.1633}, "geometry": {"type": "Polygon", "coordinates": [[[36.987742563, -1.060167676], [36.98777798, -1.06013186], [36.987968975, -1.060323216], [36.987873921, -1.060419341], [36.987778867, -1.060515465], [36.987733359, -1.060469872], [36.987719323, -1.060229414], [36.987742563, -1.060167676]]]}}, {"type": "Feature", "properties": {"ref": "OG-103", "block": 30, "area_m2": 450.0, "acres": 0.1112}, "geometry": {"type": "Polygon", "coordinates": [[[36.987968975, -1.060323216], [36.988064029, -1.060227092], [36.988255024, -1.060418448], [36.98815997, -1.060514572], [36.987968975, -1.060323216]]]}}, {"type": "Feature", "properties": {"ref": "OG-104", "block": 30, "area_m2": 450.0, "acres": 0.1112}, "geometry": {"type": "Polygon", "coordinates": [[[36.98777798, -1.06013186], [36.987873034, -1.060035736], [36.988064029, -1.060227092], [36.987968975, -1.060323216], [36.98777798, -1.06013186]]]}}, {"type": "Feature", "properties": {"ref": "OG-105", "block": 30, "area_m2": 450.0, "acres": 0.1112}, "geometry": {"type": "Polygon", "coordinates": [[[36.988064029, -1.060227092], [36.988159083, -1.060130967], [36.988350078, -1.060322323], [36.988255024, -1.060418448], [36.988064029, -1.060227092]]]}}, {"type": "Feature", "properties": {"ref": "OG-106", "block": 30, "area_m2": 450.0, "acres": 0.1112}, "geometry": {"type": "Polygon", "coordinates": [[[36.987873034, -1.060035736], [36.987968088, -1.059939611], [36.988159083, -1.060130967], [36.988064029, -1.060227092], [36.987873034, -1.060035736]]]}}, {"type": "Feature", "properties": {"ref": "OG-107", "block": 30, "area_m2": 450.0, "acres": 0.1112}, "geometry": {"type": "Polygon", "coordinates": [[[36.988159083, -1.060130967], [36.988254137, -1.060034843], [36.988445132, -1.060226199], [36.988350078, -1.060322323], [36.988159083, -1.060130967]]]}}, {"type": "Feature", "properties": {"ref": "OG-108", "block": 30, "area_m2": 450.0, "acres": 0.1112}, "geometry": {"type": "Polygon", "coordinates": [[[36.987968088, -1.059939611], [36.988063142, -1.059843487], [36.988254137, -1.060034843], [36.988159083, -1.060130967], [36.987968088, -1.059939611]]]}}, {"type": "Feature", "properties": {"ref": "OG-109", "block": 30, "area_m2": 450.0, "acres": 0.1112}, "geometry": {"type": "Polygon", "coordinates": [[[36.988254137, -1.060034843], [36.988349191, -1.059938718], [36.988540186, -1.060130074], [36.988445132, -1.060226199], [36.988254137, -1.060034843]]]}}, {"type": "Feature", "properties": {"ref": "OG-110", "block": 30, "area_m2": 450.0, "acres": 0.1112}, "geometry": {"type": "Polygon", "coordinates": [[[36.988063142, -1.059843487], [36.988158196, -1.059747362], [36.988349191, -1.059938718], [36.988254137, -1.060034843], [36.988063142, -1.059843487]]]}}, {"type": "Feature", "properties": {"ref": "OG-111", "block": 30, "area_m2": 450.0, "acres": 0.1112}, "geometry": {"type": "Polygon", "coordinates": [[[36.988349191, -1.059938718], [36.988444245, -1.059842594], [36.98863524, -1.06003395], [36.988540186, -1.060130074], [36.988349191, -1.059938718]]]}}, {"type": "Feature", "properties": {"ref": "OG-112", "block": 30, "area_m2": 450.0, "acres": 0.1112}, "geometry": {"type": "Polygon", "coordinates": [[[36.988158196, -1.059747362], [36.98825325, -1.059651238], [36.988444245, -1.059842594], [36.988349191, -1.059938718], [36.988158196, -1.059747362]]]}}, {"type": "Feature", "properties": {"ref": "OG-113", "block": 30, "area_m2": 450.0, "acres": 0.1112}, "geometry": {"type": "Polygon", "coordinates": [[[36.988444245, -1.059842594], [36.988539299, -1.059746469], [36.988730294, -1.059937825], [36.98863524, -1.06003395], [36.988444245, -1.059842594]]]}}, {"type": "Feature", "properties": {"ref": "OG-114", "block": 30, "area_m2": 450.0, "acres": 0.1112}, "geometry": {"type": "Polygon", "coordinates": [[[36.98825325, -1.059651238], [36.988348304, -1.059555113], [36.988539299, -1.059746469], [36.988444245, -1.059842594], [36.98825325, -1.059651238]]]}}, {"type": "Feature", "properties": {"ref": "OG-115", "block": 30, "area_m2": 450.0, "acres": 0.1112}, "geometry": {"type": "Polygon", "coordinates": [[[36.988539299, -1.059746469], [36.988634353, -1.059650345], [36.988825348, -1.059841701], [36.988730294, -1.059937825], [36.988539299, -1.059746469]]]}}, {"type": "Feature", "properties": {"ref": "OG-116", "block": 30, "area_m2": 529.1, "acres": 0.1307}, "geometry": {"type": "Polygon", "coordinates": [[[36.988310105, -1.059516842], [36.988352487, -1.059473982], [36.988380046, -1.059484563], [36.988683188, -1.05960096], [36.988634353, -1.059650345], [36.988539299, -1.059746469], [36.988348304, -1.059555113], [36.988310105, -1.059516842]]]}}, {"type": "Feature", "properties": {"ref": "OG-117", "block": 30, "area_m2": 528.6, "acres": 0.1306}, "geometry": {"type": "Polygon", "coordinates": [[[36.988634353, -1.059650345], [36.988683188, -1.05960096], [36.98898871, -1.05971827], [36.988860925, -1.059877344], [36.988825348, -1.059841701], [36.988634353, -1.059650345]]]}}, {"type": "Feature", "properties": {"ref": "OG-118", "block": 29, "area_m2": 449.9, "acres": 0.1112}, "geometry": {"type": "Polygon", "coordinates": [[[36.988794829, -1.061918489], [36.98892911, -1.061782698], [36.989064271, -1.061918115], [36.98892999, -1.062053906], [36.988794829, -1.061918489]]]}}, {"type": "Feature", "properties": {"ref": "OG-119", "block": 29, "area_m2": 449.9, "acres": 0.1112}, "geometry": {"type": "Polygon", "coordinates": [[[36.988659668, -1.061783073], [36.988793949, -1.061647282], [36.98892911, -1.061782698], [36.988794829, -1.061918489], [36.988659668, -1.061783073]]]}}, {"type": "Feature", "properties": {"ref": "OG-120", "block": 29, "area_m2": 449.9, "acres": 0.1112}, "geometry": {"type": "Polygon", "coordinates": [[[36.98892999, -1.062053906], [36.989064271, -1.061918115], [36.989199432, -1.062053531], [36.989065151, -1.062189322], [36.98892999, -1.062053906]]]}}, {"type": "Feature", "properties": {"ref": "OG-121", "block": 29, "area_m2": 449.9, "acres": 0.1112}, "geometry": {"type": "Polygon", "coordinates": [[[36.988524507, -1.061647656], [36.988658788, -1.061511865], [36.988793949, -1.061647282], [36.988659668, -1.061783073], [36.988524507, -1.061647656]]]}}, {"type": "Feature", "properties": {"ref": "OG-122", "block": 29, "area_m2": 449.9, "acres": 0.1112}, "geometry": {"type": "Polygon", "coordinates": [[[36.989065151, -1.062189322], [36.989199432, -1.062053531], [36.989334593, -1.062188948], [36.989200312, -1.062324739], [36.989065151, -1.062189322]]]}}, {"type": "Feature", "properties": {"ref": "OG-123", "block": 29, "area_m2": 449.9, "acres": 0.1112}, "geometry": {"type": "Polygon", "coordinates": [[[36.988389346, -1.06151224], [36.988523627, -1.061376449], [36.988658788, -1.061511865], [36.988524507, -1.061647656], [36.988389346, -1.06151224]]]}}, {"type": "Feature", "properties": {"ref": "OG-124", "block": 29, "area_m2": 449.9, "acres": 0.1112}, "geometry": {"type": "Polygon", "coordinates": [[[36.989200312, -1.062324739], [36.989334593, -1.062188948], [36.989469754, -1.062324364], [36.989335472, -1.062460156], [36.989200312, -1.062324739]]]}}, {"type": "Feature", "properties": {"ref": "OG-125", "block": 29, "area_m2": 449.9, "acres": 0.1112}, "geometry": {"type": "Polygon", "coordinates": [[[36.988254186, -1.061376823], [36.988388466, -1.061241032], [36.988523627, -1.061376449], [36.988389346, -1.06151224], [36.988254186, -1.061376823]]]}}, {"type": "Feature", "properties": {"ref": "OG-126", "block": 29, "area_m2": 449.9, "acres": 0.1112}, "geometry": {"type": "Polygon", "coordinates": [[[36.989335472, -1.062460156], [36.989469754, -1.062324364], [36.989604915, -1.062459781], [36.989470633, -1.062595572], [36.989335472, -1.062460156]]]}}, {"type": "Feature", "properties": {"ref": "OG-127", "block": 29, "area_m2": 449.9, "acres": 0.1112}, "geometry": {"type": "Polygon", "coordinates": [[[36.988119025, -1.061241407], [36.988253306, -1.061105616], [36.988388466, -1.061241032], [36.988254186, -1.061376823], [36.988119025, -1.061241407]]]}}, {"type": "Feature", "properties": {"ref": "OG-128", "block": 29, "area_m2": 449.9, "acres": 0.1112}, "geometry": {"type": "Polygon", "coordinates": [[[36.989470633, -1.062595572], [36.989604915, -1.062459781], [36.989740076, -1.062595197], [36.989605794, -1.062730989], [36.989470633, -1.062595572]]]}}, {"type": "Feature", "properties": {"ref": "OG-129", "block": 29, "area_m2": 449.9, "acres": 0.1112}, "geometry": {"type": "Polygon", "coordinates": [[[36.987983864, -1.06110599], [36.988118145, -1.060970199], [36.988253306, -1.061105616], [36.988119025, -1.061241407], [36.987983864, -1.06110599]]]}}, {"type": "Feature", "properties": {"ref": "OG-130", "block": 29, "area_m2": 449.9, "acres": 0.1112}, "geometry": {"type": "Polygon", "coordinates": [[[36.989605794, -1.062730989], [36.989740076, -1.062595197], [36.989875237, -1.062730614], [36.989740955, -1.062866406], [36.989605794, -1.062730989]]]}}, {"type": "Feature", "properties": {"ref": "OG-131", "block": 29, "area_m2": 449.9, "acres": 0.1112}, "geometry": {"type": "Polygon", "coordinates": [[[36.987848703, -1.060970574], [36.987982984, -1.060834783], [36.988118145, -1.060970199], [36.987983864, -1.06110599], [36.987848703, -1.060970574]]]}}, {"type": "Feature", "properties": {"ref": "OG-132", "block": 29, "area_m2": 449.9, "acres": 0.1112}, "geometry": {"type": "Polygon", "coordinates": [[[36.989740955, -1.062866406], [36.989875237, -1.062730614], [36.990010398, -1.062866031], [36.989876116, -1.063001822], [36.989740955, -1.062866406]]]}}, {"type": "Feature", "properties": {"ref": "OG-133", "block": 29, "area_m2": 449.9, "acres": 0.1112}, "geometry": {"type": "Polygon", "coordinates": [[[36.987713542, -1.060835157], [36.987847823, -1.060699367], [36.987982984, -1.060834783], [36.987848703, -1.060970574], [36.987713542, -1.060835157]]]}}, {"type": "Feature", "properties": {"ref": "OG-134", "block": 29, "area_m2": 496.2, "acres": 0.1226}, "geometry": {"type": "Polygon", "coordinates": [[[36.989876116, -1.063001822], [36.990010398, -1.062866031], [36.990159476, -1.06301539], [36.990025194, -1.063151182], [36.989876116, -1.063001822]]]}}, {"type": "Feature", "properties": {"ref": "OG-135", "block": 29, "area_m2": 449.9, "acres": 0.1112}, "geometry": {"type": "Polygon", "coordinates": [[[36.987578382, -1.060699741], [36.987712662, -1.06056395], [36.987847823, -1.060699367], [36.987713542, -1.060835157], [36.987578382, -1.060699741]]]}}, {"type": "Feature", "properties": {"ref": "OG-136", "block": 29, "area_m2": 496.2, "acres": 0.1226}, "geometry": {"type": "Polygon", "coordinates": [[[36.990025194, -1.063151182], [36.990159476, -1.06301539], [36.99028599, -1.063142144], [36.990286123, -1.063199684], [36.990208874, -1.063277802], [36.990151708, -1.063277936], [36.99007768, -1.063203768], [36.990025194, -1.063151182]]]}}, {"type": "Feature", "properties": {"ref": "OG-137", "block": 29, "area_m2": 901.1, "acres": 0.2227}, "geometry": {"type": "Polygon", "coordinates": [[[36.98747767, -1.060227006], [36.987637646, -1.060217545], [36.987650934, -1.060445184], [36.987654463, -1.060505642], [36.987712662, -1.06056395], [36.987578382, -1.060699741], [36.987500722, -1.060621934], [36.98747767, -1.060227006]]]}}, {"type": "Feature", "properties": {"ref": "OG-138", "block": 29, "area_m2": 449.9, "acres": 0.1112}, "geometry": {"type": "Polygon", "coordinates": [[[36.987464383, -1.059999367], [36.987624358, -1.059989907], [36.987637646, -1.060217545], [36.98747767, -1.060227006], [36.987464383, -1.059999367]]]}}, {"type": "Feature", "properties": {"ref": "OG-139", "block": 29, "area_m2": 476.5, "acres": 0.1177}, "geometry": {"type": "Polygon", "coordinates": [[[36.987624358, -1.059989907], [36.987464383, -1.059999367], [36.98746334, -1.05998149], [36.987488655, -1.059745837], [36.987647978, -1.059763179], [36.987624099, -1.059985464], [36.987624358, -1.059989907]]]}}, {"type": "Feature", "properties": {"ref": "OG-140", "block": 29, "area_m2": 471.7, "acres": 0.1165}, "geometry": {"type": "Polygon", "coordinates": [[[36.987488655, -1.059745837], [36.987516977, -1.059482198], [36.98763401, -1.059527135], [36.987667432, -1.059582088], [36.987647978, -1.059763179], [36.987488655, -1.059745837]]]}}, {"type": "Feature", "properties": {"ref": "OG-141", "block": 53, "area_m2": 932.2, "acres": 0.2304}, "geometry": {"type": "Polygon", "coordinates": [[[36.987705199, -1.059987466], [36.987741017, -1.059654048], [36.987778451, -1.059630981], [36.98802925, -1.05972728], [36.988035417, -1.059756173], [36.987736205, -1.060058755], [36.987708749, -1.060048284], [36.987705199, -1.059987466]]]}}, {"type": "Feature", "properties": {"ref": "OG-142", "block": 25, "area_m2": 881.7, "acres": 0.2179}, "geometry": {"type": "Polygon", "coordinates": [[[36.987428465, -1.061123616], [36.987618574, -1.060931367], [36.987805683, -1.06111883], [36.987615575, -1.061311079], [36.987428465, -1.061123616]]]}}, {"type": "Feature", "properties": {"ref": "OG-143", "block": 25, "area_m2": 881.7, "acres": 0.2179}, "geometry": {"type": "Polygon", "coordinates": [[[36.987615575, -1.061311079], [36.987805683, -1.06111883], [36.987992792, -1.061306294], [36.987802684, -1.061498542], [36.987615575, -1.061311079]]]}}, {"type": "Feature", "properties": {"ref": "OG-144", "block": 25, "area_m2": 881.7, "acres": 0.2179}, "geometry": {"type": "Polygon", "coordinates": [[[36.987241356, -1.060936153], [36.987431467, -1.060743902], [36.987441538, -1.060753992], [36.987618576, -1.060931365], [36.987618574, -1.060931367], [36.987428465, -1.061123616], [36.987241356, -1.060936153]]]}}, {"type": "Feature", "properties": {"ref": "OG-145", "block": 25, "area_m2": 881.7, "acres": 0.2179}, "geometry": {"type": "Polygon", "coordinates": [[[36.987802684, -1.061498542], [36.987992792, -1.061306294], [36.988179902, -1.061493757], [36.987989793, -1.061686006], [36.987802684, -1.061498542]]]}}, {"type": "Feature", "properties": {"ref": "OG-146", "block": 25, "area_m2": 881.7, "acres": 0.2179}, "geometry": {"type": "Polygon", "coordinates": [[[36.987095908, -1.060623742], [36.987364926, -1.060607833], [36.987369228, -1.060681545], [36.987431467, -1.060743902], [36.987241356, -1.060936153], [36.987177505, -1.060872181], [36.987106242, -1.060800783], [36.987095908, -1.060623742]]]}}, {"type": "Feature", "properties": {"ref": "OG-147", "block": 25, "area_m2": 881.7, "acres": 0.2179}, "geometry": {"type": "Polygon", "coordinates": [[[36.987989793, -1.061686006], [36.988179902, -1.061493757], [36.988387312, -1.06170156], [36.9882935, -1.061782327], [36.988275984, -1.061761713], [36.988193421, -1.061832796], [36.988134053, -1.061830539], [36.987989793, -1.061686006]]]}}, {"type": "Feature", "properties": {"ref": "OG-148", "block": 25, "area_m2": 881.7, "acres": 0.2179}, "geometry": {"type": "Polygon", "coordinates": [[[36.987080425, -1.060358467], [36.987349442, -1.060342558], [36.987363905, -1.060590341], [36.987364926, -1.060607833], [36.987095908, -1.060623742], [36.987080425, -1.060358467]]]}}, {"type": "Feature", "properties": {"ref": "OG-149", "block": 25, "area_m2": 881.7, "acres": 0.2179}, "geometry": {"type": "Polygon", "coordinates": [[[36.98706494, -1.060093181], [36.987333958, -1.060077272], [36.987349442, -1.060342558], [36.987080425, -1.060358467], [36.98706494, -1.060093181]]]}}, {"type": "Feature", "properties": {"ref": "OG-150", "block": 25, "area_m2": 881.7, "acres": 0.2179}, "geometry": {"type": "Polygon", "coordinates": [[[36.987333958, -1.060077272], [36.98706494, -1.060093181], [36.987060191, -1.060011811], [36.987086173, -1.059942193], [36.987318281, -1.059704786], [36.98735804, -1.059700126], [36.987328172, -1.059978154], [36.987333958, -1.060077272]]]}}, {"type": "Feature", "properties": {"ref": "OG-151", "block": 41, "area_m2": 450.0, "acres": 0.1112}, "geometry": {"type": "Polygon", "coordinates": [[[36.989030464, -1.060024618], [36.98912651, -1.059771181], [36.989252402, -1.05981952], [36.989156356, -1.060072957], [36.989030464, -1.060024618]]]}}, {"type": "Feature", "properties": {"ref": "OG-152", "block": 41, "area_m2": 540.2, "acres": 0.1335}, "geometry": {"type": "Polygon", "coordinates": [[[36.988880024, -1.05989648], [36.989013888, -1.059727938], [36.98912651, -1.059771181], [36.989030464, -1.060024618], [36.98886694, -1.059961831], [36.988858717, -1.059923307], [36.988880024, -1.05989648]]]}}, {"type": "Feature", "properties": {"ref": "OG-153", "block": 41, "area_m2": 450.0, "acres": 0.1112}, "geometry": {"type": "Polygon", "coordinates": [[[36.989156356, -1.060072957], [36.989252402, -1.05981952], [36.989378295, -1.059867858], [36.989282248, -1.060121295], [36.989156356, -1.060072957]]]}}, {"type": "Feature", "properties": {"ref": "OG-154", "block": 41, "area_m2": 450.0, "acres": 0.1112}, "geometry": {"type": "Polygon", "coordinates": [[[36.989282248, -1.060121295], [36.989378295, -1.059867858], [36.989504187, -1.059916196], [36.98940814, -1.060169634], [36.989282248, -1.060121295]]]}}, {"type": "Feature", "properties": {"ref": "OG-155", "block": 41, "area_m2": 450.0, "acres": 0.1112}, "geometry": {"type": "Polygon", "coordinates": [[[36.98940814, -1.060169634], [36.989504187, -1.059916196], [36.989630079, -1.059964535], [36.989534033, -1.060217972], [36.98940814, -1.060169634]]]}}, {"type": "Feature", "properties": {"ref": "OG-156", "block": 41, "area_m2": 450.0, "acres": 0.1112}, "geometry": {"type": "Polygon", "coordinates": [[[36.989534033, -1.060217972], [36.989630079, -1.059964535], [36.989755971, -1.060012873], [36.989659925, -1.060266311], [36.989534033, -1.060217972]]]}}, {"type": "Feature", "properties": {"ref": "OG-157", "block": 41, "area_m2": 450.0, "acres": 0.1112}, "geometry": {"type": "Polygon", "coordinates": [[[36.989659925, -1.060266311], [36.989755971, -1.060012873], [36.989881864, -1.060061212], [36.989785817, -1.060314649], [36.989659925, -1.060266311]]]}}, {"type": "Feature", "properties": {"ref": "OG-158", "block": 41, "area_m2": 450.0, "acres": 0.1112}, "geometry": {"type": "Polygon", "coordinates": [[[36.989785817, -1.060314649], [36.989881864, -1.060061212], [36.990007756, -1.06010955], [36.98991171, -1.060362988], [36.989785817, -1.060314649]]]}}, {"type": "Feature", "properties": {"ref": "OG-159", "block": 41, "area_m2": 450.0, "acres": 0.1112}, "geometry": {"type": "Polygon", "coordinates": [[[36.98991171, -1.060362988], [36.990007756, -1.06010955], [36.990133648, -1.060157889], [36.990037602, -1.060411326], [36.98991171, -1.060362988]]]}}, {"type": "Feature", "properties": {"ref": "OG-160", "block": 41, "area_m2": 450.0, "acres": 0.1112}, "geometry": {"type": "Polygon", "coordinates": [[[36.990037602, -1.060411326], [36.990133648, -1.060157889], [36.990259541, -1.060206227], [36.990163494, -1.060459665], [36.990037602, -1.060411326]]]}}, {"type": "Feature", "properties": {"ref": "OG-161", "block": 41, "area_m2": 450.0, "acres": 0.1112}, "geometry": {"type": "Polygon", "coordinates": [[[36.990163494, -1.060459665], [36.990259541, -1.060206227], [36.990385433, -1.060254566], [36.990289387, -1.060508003], [36.990163494, -1.060459665]]]}}, {"type": "Feature", "properties": {"ref": "OG-162", "block": 41, "area_m2": 450.0, "acres": 0.1112}, "geometry": {"type": "Polygon", "coordinates": [[[36.990289387, -1.060508003], [36.990385433, -1.060254566], [36.990511325, -1.060302904], [36.990415279, -1.060556342], [36.990289387, -1.060508003]]]}}, {"type": "Feature", "properties": {"ref": "OG-163", "block": 41, "area_m2": 450.0, "acres": 0.1112}, "geometry": {"type": "Polygon", "coordinates": [[[36.990415279, -1.060556342], [36.990511325, -1.060302904], [36.990637218, -1.060351243], [36.990541171, -1.06060468], [36.990415279, -1.060556342]]]}}, {"type": "Feature", "properties": {"ref": "OG-164", "block": 41, "area_m2": 770.0, "acres": 0.1903}, "geometry": {"type": "Polygon", "coordinates": [[[36.990541171, -1.06060468], [36.990637218, -1.060351243], [36.990810088, -1.060417619], [36.990816661, -1.060418133], [36.990795809, -1.06068857], [36.990750419, -1.060685025], [36.990541171, -1.06060468]]]}}, {"type": "Feature", "properties": {"ref": "OG-165", "block": 41, "area_m2": 450.0, "acres": 0.1112}, "geometry": {"type": "Polygon", "coordinates": [[[36.990795809, -1.06068857], [36.990816661, -1.060418133], [36.990950998, -1.060428627], [36.990930146, -1.060699065], [36.990795809, -1.06068857]]]}}, {"type": "Feature", "properties": {"ref": "OG-166", "block": 41, "area_m2": 450.0, "acres": 0.1112}, "geometry": {"type": "Polygon", "coordinates": [[[36.990930146, -1.060699065], [36.990950998, -1.060428627], [36.991088358, -1.060439358], [36.991070634, -1.06066923], [36.991027205, -1.060706647], [36.990930146, -1.060699065]]]}}, {"type": "Feature", "properties": {"ref": "OG-167", "block": 39, "area_m2": 445.0, "acres": 0.11}, "geometry": {"type": "Polygon", "coordinates": [[[36.988966091, -1.060958162], [36.989156292, -1.060765818], [36.989250673, -1.060860378], [36.98925058, -1.060860472], [36.989060472, -1.061052721], [36.988966091, -1.060958162]]]}}, {"type": "Feature", "properties": {"ref": "OG-168", "block": 39, "area_m2": 445.0, "acres": 0.11}, "geometry": {"type": "Polygon", "coordinates": [[[36.989060472, -1.061052721], [36.98925058, -1.060860472], [36.989345014, -1.060955084], [36.989154906, -1.061147333], [36.989060472, -1.061052721]]]}}, {"type": "Feature", "properties": {"ref": "OG-169", "block": 39, "area_m2": 445.0, "acres": 0.11}, "geometry": {"type": "Polygon", "coordinates": [[[36.98887171, -1.060863602], [36.989061911, -1.060671259], [36.989156292, -1.060765818], [36.988966091, -1.060958162], [36.98887171, -1.060863602]]]}}, {"type": "Feature", "properties": {"ref": "OG-170", "block": 39, "area_m2": 445.0, "acres": 0.11}, "geometry": {"type": "Polygon", "coordinates": [[[36.989154906, -1.061147333], [36.989345014, -1.060955084], [36.989439448, -1.061049697], [36.98924934, -1.061241946], [36.989154906, -1.061147333]]]}}, {"type": "Feature", "properties": {"ref": "OG-171", "block": 39, "area_m2": 445.0, "acres": 0.11}, "geometry": {"type": "Polygon", "coordinates": [[[36.988777329, -1.060769043], [36.98896753, -1.060576699], [36.989061911, -1.060671259], [36.98887171, -1.060863602], [36.988777329, -1.060769043]]]}}, {"type": "Feature", "properties": {"ref": "OG-172", "block": 39, "area_m2": 445.0, "acres": 0.11}, "geometry": {"type": "Polygon", "coordinates": [[[36.98924934, -1.061241946], [36.989439448, -1.061049697], [36.989533882, -1.061144309], [36.989343774, -1.061336559], [36.98924934, -1.061241946]]]}}, {"type": "Feature", "properties": {"ref": "OG-173", "block": 39, "area_m2": 445.0, "acres": 0.11}, "geometry": {"type": "Polygon", "coordinates": [[[36.988682948, -1.060674483], [36.988873149, -1.06048214], [36.98896753, -1.060576699], [36.988777329, -1.060769043], [36.988682948, -1.060674483]]]}}, {"type": "Feature", "properties": {"ref": "OG-174", "block": 39, "area_m2": 445.0, "acres": 0.11}, "geometry": {"type": "Polygon", "coordinates": [[[36.989343774, -1.061336559], [36.989533882, -1.061144309], [36.989628317, -1.061238922], [36.989438208, -1.061431171], [36.989343774, -1.061336559]]]}}, {"type": "Feature", "properties": {"ref": "OG-175", "block": 39, "area_m2": 445.0, "acres": 0.11}, "geometry": {"type": "Polygon", "coordinates": [[[36.988588566, -1.060579924], [36.988778768, -1.06038758], [36.988873149, -1.06048214], [36.988682948, -1.060674483], [36.988588566, -1.060579924]]]}}, {"type": "Feature", "properties": {"ref": "OG-176", "block": 39, "area_m2": 445.0, "acres": 0.11}, "geometry": {"type": "Polygon", "coordinates": [[[36.989438208, -1.061431171], [36.989628317, -1.061238922], [36.989722751, -1.061333535], [36.989532642, -1.061525784], [36.989438208, -1.061431171]]]}}, {"type": "Feature", "properties": {"ref": "OG-177", "block": 39, "area_m2": 445.0, "acres": 0.11}, "geometry": {"type": "Polygon", "coordinates": [[[36.988494185, -1.060485364], [36.988684387, -1.060293021], [36.988778768, -1.06038758], [36.988588566, -1.060579924], [36.988494185, -1.060485364]]]}}, {"type": "Feature", "properties": {"ref": "OG-178", "block": 39, "area_m2": 444.5, "acres": 0.1098}, "geometry": {"type": "Polygon", "coordinates": [[[36.989156292, -1.060765818], [36.989346307, -1.060573663], [36.989440688, -1.060668223], [36.989250673, -1.060860378], [36.989156292, -1.060765818]]]}}, {"type": "Feature", "properties": {"ref": "OG-179", "block": 39, "area_m2": 445.0, "acres": 0.11}, "geometry": {"type": "Polygon", "coordinates": [[[36.98925058, -1.060860472], [36.989250673, -1.060860378], [36.989440688, -1.060668223], [36.989535122, -1.060762835], [36.989345014, -1.060955084], [36.98925058, -1.060860472]]]}}, {"type": "Feature", "properties": {"ref": "OG-180", "block": 39, "area_m2": 445.0, "acres": 0.11}, "geometry": {"type": "Polygon", "coordinates": [[[36.989532642, -1.061525784], [36.989722751, -1.061333535], [36.989817185, -1.061428147], [36.989627077, -1.061620396], [36.989532642, -1.061525784]]]}}, {"type": "Feature", "properties": {"ref": "OG-181", "block": 39, "area_m2": 444.5, "acres": 0.1098}, "geometry": {"type": "Polygon", "coordinates": [[[36.989061911, -1.060671259], [36.989251926, -1.060479104], [36.989346307, -1.060573663], [36.989156292, -1.060765818], [36.989061911, -1.060671259]]]}}, {"type": "Feature", "properties": {"ref": "OG-182", "block": 39, "area_m2": 445.0, "acres": 0.11}, "geometry": {"type": "Polygon", "coordinates": [[[36.988684387, -1.060293021], [36.988494185, -1.060485364], [36.988423573, -1.060414618], [36.988423455, -1.060363471], [36.988588308, -1.060196761], [36.988684387, -1.060293021]]]}}, {"type": "Feature", "properties": {"ref": "OG-183", "block": 39, "area_m2": 445.0, "acres": 0.11}, "geometry": {"type": "Polygon", "coordinates": [[[36.989345014, -1.060955084], [36.989535122, -1.060762835], [36.989629557, -1.060857448], [36.989439448, -1.061049697], [36.989345014, -1.060955084]]]}}, {"type": "Feature", "properties": {"ref": "OG-184", "block": 39, "area_m2": 444.5, "acres": 0.1098}, "geometry": {"type": "Polygon", "coordinates": [[[36.98896753, -1.060576699], [36.989157545, -1.060384544], [36.989251926, -1.060479104], [36.989061911, -1.060671259], [36.98896753, -1.060576699]]]}}, {"type": "Feature", "properties": {"ref": "OG-185", "block": 39, "area_m2": 445.0, "acres": 0.11}, "geometry": {"type": "Polygon", "coordinates": [[[36.989439448, -1.061049697], [36.989629557, -1.060857448], [36.989723991, -1.06095206], [36.989533882, -1.061144309], [36.989439448, -1.061049697]]]}}, {"type": "Feature", "properties": {"ref": "OG-186", "block": 39, "area_m2": 444.5, "acres": 0.1098}, "geometry": {"type": "Polygon", "coordinates": [[[36.988873149, -1.06048214], [36.989063164, -1.060289985], [36.989157545, -1.060384544], [36.98896753, -1.060576699], [36.988873149, -1.06048214]]]}}, {"type": "Feature", "properties": {"ref": "OG-187", "block": 39, "area_m2": 445.0, "acres": 0.11}, "geometry": {"type": "Polygon", "coordinates": [[[36.989533882, -1.061144309], [36.989723991, -1.06095206], [36.989818425, -1.061046673], [36.989628317, -1.061238922], [36.989533882, -1.061144309]]]}}, {"type": "Feature", "properties": {"ref": "OG-188", "block": 39, "area_m2": 444.5, "acres": 0.1098}, "geometry": {"type": "Polygon", "coordinates": [[[36.988778768, -1.06038758], [36.988968783, -1.060195425], [36.989063164, -1.060289985], [36.988873149, -1.06048214], [36.988778768, -1.06038758]]]}}, {"type": "Feature", "properties": {"ref": "OG-189", "block": 39, "area_m2": 445.0, "acres": 0.11}, "geometry": {"type": "Polygon", "coordinates": [[[36.989628317, -1.061238922], [36.989818425, -1.061046673], [36.989912859, -1.061141285], [36.989722751, -1.061333535], [36.989628317, -1.061238922]]]}}, {"type": "Feature", "properties": {"ref": "OG-190", "block": 39, "area_m2": 444.5, "acres": 0.1098}, "geometry": {"type": "Polygon", "coordinates": [[[36.988684387, -1.060293021], [36.988874402, -1.060100866], [36.988968783, -1.060195425], [36.988778768, -1.06038758], [36.988684387, -1.060293021]]]}}, {"type": "Feature", "properties": {"ref": "OG-191", "block": 39, "area_m2": 445.0, "acres": 0.11}, "geometry": {"type": "Polygon", "coordinates": [[[36.989722751, -1.061333535], [36.989912859, -1.061141285], [36.990007293, -1.061235898], [36.989817185, -1.061428147], [36.989722751, -1.061333535]]]}}, {"type": "Feature", "properties": {"ref": "OG-192", "block": 39, "area_m2": 448.0, "acres": 0.1107}, "geometry": {"type": "Polygon", "coordinates": [[[36.988588308, -1.060196761], [36.988759312, -1.060023831], [36.988797423, -1.060023742], [36.988874402, -1.060100866], [36.988684387, -1.060293021], [36.988588308, -1.060196761]]]}}, {"type": "Feature", "properties": {"ref": "OG-193", "block": 18, "area_m2": 933.7, "acres": 0.2307}, "geometry": {"type": "Polygon", "coordinates": [[[36.986500651, -1.060541083], [36.986696753, -1.060340503], [36.986888826, -1.060530763], [36.986692724, -1.060731342], [36.986500651, -1.060541083]]]}}, {"type": "Feature", "properties": {"ref": "OG-194", "block": 18, "area_m2": 933.7, "acres": 0.2307}, "geometry": {"type": "Polygon", "coordinates": [[[36.986696753, -1.060340503], [36.986953046, -1.06007836], [36.986983769, -1.060089977], [36.987000328, -1.060373673], [36.986974346, -1.06044329], [36.986928766, -1.060489911], [36.986888826, -1.060530763], [36.986696753, -1.060340503]]]}}, {"type": "Feature", "properties": {"ref": "OG-195", "block": 45, "area_m2": 447.3, "acres": 0.1105}, "geometry": {"type": "Polygon", "coordinates": [[[36.990122918, -1.061236926], [36.990313781, -1.061043913], [36.990408322, -1.061138632], [36.990217458, -1.061331645], [36.990122918, -1.061236926]]]}}, {"type": "Feature", "properties": {"ref": "OG-196", "block": 45, "area_m2": 447.3, "acres": 0.1105}, "geometry": {"type": "Polygon", "coordinates": [[[36.990028377, -1.061142206], [36.99021924, -1.060949193], [36.990313781, -1.061043913], [36.990122918, -1.061236926], [36.990028377, -1.061142206]]]}}, {"type": "Feature", "properties": {"ref": "OG-197", "block": 45, "area_m2": 447.3, "acres": 0.1105}, "geometry": {"type": "Polygon", "coordinates": [[[36.990217458, -1.061331645], [36.990408322, -1.061138632], [36.990502863, -1.061233352], [36.990311999, -1.061426365], [36.990217458, -1.061331645]]]}}, {"type": "Feature", "properties": {"ref": "OG-198", "block": 45, "area_m2": 447.3, "acres": 0.1105}, "geometry": {"type": "Polygon", "coordinates": [[[36.989933836, -1.061047487], [36.990124699, -1.060854474], [36.99021924, -1.060949193], [36.990028377, -1.061142206], [36.989933836, -1.061047487]]]}}, {"type": "Feature", "properties": {"ref": "OG-199", "block": 45, "area_m2": 447.3, "acres": 0.1105}, "geometry": {"type": "Polygon", "coordinates": [[[36.990311999, -1.061426365], [36.990502863, -1.061233352], [36.990597404, -1.061328071], [36.99040654, -1.061521084], [36.990311999, -1.061426365]]]}}, {"type": "Feature", "properties": {"ref": "OG-200", "block": 45, "area_m2": 447.3, "acres": 0.1105}, "geometry": {"type": "Polygon", "coordinates": [[[36.989839295, -1.060952767], [36.990030158, -1.060759754], [36.990124699, -1.060854474], [36.989933836, -1.061047487], [36.989839295, -1.060952767]]]}}, {"type": "Feature", "properties": {"ref": "OG-201", "block": 45, "area_m2": 447.3, "acres": 0.1105}, "geometry": {"type": "Polygon", "coordinates": [[[36.99040654, -1.061521084], [36.990597404, -1.061328071], [36.990691945, -1.061422791], [36.990501081, -1.061615804], [36.99040654, -1.061521084]]]}}, {"type": "Feature", "properties": {"ref": "OG-202", "block": 45, "area_m2": 517.8, "acres": 0.128}, "geometry": {"type": "Polygon", "coordinates": [[[36.989729841, -1.060843106], [36.989920704, -1.060650093], [36.990030158, -1.060759754], [36.989839295, -1.060952767], [36.989729841, -1.060843106]]]}}, {"type": "Feature", "properties": {"ref": "OG-203", "block": 45, "area_m2": 447.3, "acres": 0.1105}, "geometry": {"type": "Polygon", "coordinates": [[[36.990501081, -1.061615804], [36.990691945, -1.061422791], [36.990786486, -1.06151751], [36.990595622, -1.061710523], [36.990501081, -1.061615804]]]}}, {"type": "Feature", "properties": {"ref": "OG-204", "block": 45, "area_m2": 447.3, "acres": 0.1105}, "geometry": {"type": "Polygon", "coordinates": [[[36.990595622, -1.061710523], [36.990786486, -1.06151751], [36.990881027, -1.06161223], [36.990690163, -1.061805243], [36.990595622, -1.061710523]]]}}, {"type": "Feature", "properties": {"ref": "OG-205", "block": 45, "area_m2": 447.3, "acres": 0.1105}, "geometry": {"type": "Polygon", "coordinates": [[[36.990690163, -1.061805243], [36.990881027, -1.06161223], [36.990975568, -1.061706949], [36.990784704, -1.061899962], [36.990690163, -1.061805243]]]}}, {"type": "Feature", "properties": {"ref": "OG-206", "block": 45, "area_m2": 1720.5, "acres": 0.4251}, "geometry": {"type": "Polygon", "coordinates": [[[36.989478405, -1.060591195], [36.989698789, -1.060368328], [36.990061582, -1.060507629], [36.989920704, -1.060650093], [36.989729841, -1.060843106], [36.989478405, -1.060591195]]]}}, {"type": "Feature", "properties": {"ref": "OG-207", "block": 45, "area_m2": 447.3, "acres": 0.1105}, "geometry": {"type": "Polygon", "coordinates": [[[36.990784704, -1.061899962], [36.990975568, -1.061706949], [36.991070109, -1.061801669], [36.990879245, -1.061994682], [36.990784704, -1.061899962]]]}}, {"type": "Feature", "properties": {"ref": "OG-208", "block": 45, "area_m2": 443.7, "acres": 0.1096}, "geometry": {"type": "Polygon", "coordinates": [[[36.990313781, -1.061043913], [36.990503134, -1.060852427], [36.990597675, -1.060947146], [36.990408322, -1.061138632], [36.990313781, -1.061043913]]]}}, {"type": "Feature", "properties": {"ref": "OG-209", "block": 45, "area_m2": 443.7, "acres": 0.1096}, "geometry": {"type": "Polygon", "coordinates": [[[36.99021924, -1.060949193], [36.990408593, -1.060757707], [36.990503134, -1.060852427], [36.990313781, -1.061043913], [36.99021924, -1.060949193]]]}}, {"type": "Feature", "properties": {"ref": "OG-210", "block": 45, "area_m2": 443.7, "acres": 0.1096}, "geometry": {"type": "Polygon", "coordinates": [[[36.990408322, -1.061138632], [36.990597675, -1.060947146], [36.990692216, -1.061041866], [36.990502863, -1.061233352], [36.990408322, -1.061138632]]]}}, {"type": "Feature", "properties": {"ref": "OG-211", "block": 45, "area_m2": 443.7, "acres": 0.1096}, "geometry": {"type": "Polygon", "coordinates": [[[36.990124699, -1.060854474], [36.990314052, -1.060662988], [36.990408593, -1.060757707], [36.99021924, -1.060949193], [36.990124699, -1.060854474]]]}}, {"type": "Feature", "properties": {"ref": "OG-212", "block": 45, "area_m2": 443.7, "acres": 0.1096}, "geometry": {"type": "Polygon", "coordinates": [[[36.990502863, -1.061233352], [36.990692216, -1.061041866], [36.990786757, -1.061136585], [36.990597404, -1.061328071], [36.990502863, -1.061233352]]]}}, {"type": "Feature", "properties": {"ref": "OG-213", "block": 45, "area_m2": 443.7, "acres": 0.1096}, "geometry": {"type": "Polygon", "coordinates": [[[36.990030158, -1.060759754], [36.990219511, -1.060568268], [36.990314052, -1.060662988], [36.990124699, -1.060854474], [36.990030158, -1.060759754]]]}}, {"type": "Feature", "properties": {"ref": "OG-214", "block": 45, "area_m2": 447.3, "acres": 0.1105}, "geometry": {"type": "Polygon", "coordinates": [[[36.990879245, -1.061994682], [36.991070109, -1.061801669], [36.99116465, -1.061896388], [36.990973786, -1.062089401], [36.990879245, -1.061994682]]]}}, {"type": "Feature", "properties": {"ref": "OG-215", "block": 45, "area_m2": 443.7, "acres": 0.1096}, "geometry": {"type": "Polygon", "coordinates": [[[36.990597404, -1.061328071], [36.990786757, -1.061136585], [36.990881298, -1.061231305], [36.990691945, -1.061422791], [36.990597404, -1.061328071]]]}}, {"type": "Feature", "properties": {"ref": "OG-216", "block": 45, "area_m2": 448.0, "acres": 0.1107}, "geometry": {"type": "Polygon", "coordinates": [[[36.989920704, -1.060650093], [36.990061582, -1.060507629], [36.990219511, -1.060568268], [36.990030158, -1.060759754], [36.989920704, -1.060650093]]]}}, {"type": "Feature", "properties": {"ref": "OG-217", "block": 45, "area_m2": 1355.0, "acres": 0.3348}, "geometry": {"type": "Polygon", "coordinates": [[[36.989698789, -1.060368328], [36.989478405, -1.060591195], [36.989009439, -1.060121343], [36.989018557, -1.060107142], [36.989698789, -1.060368328]]]}}, {"type": "Feature", "properties": {"ref": "OG-218", "block": 45, "area_m2": 443.7, "acres": 0.1096}, "geometry": {"type": "Polygon", "coordinates": [[[36.990691945, -1.061422791], [36.990881298, -1.061231305], [36.990975839, -1.061326024], [36.990786486, -1.06151751], [36.990691945, -1.061422791]]]}}, {"type": "Feature", "properties": {"ref": "OG-219", "block": 45, "area_m2": 447.3, "acres": 0.1105}, "geometry": {"type": "Polygon", "coordinates": [[[36.990973786, -1.062089401], [36.99116465, -1.061896388], [36.991259191, -1.061991108], [36.991068327, -1.062184121], [36.990973786, -1.062089401]]]}}, {"type": "Feature", "properties": {"ref": "OG-220", "block": 45, "area_m2": 443.7, "acres": 0.1096}, "geometry": {"type": "Polygon", "coordinates": [[[36.990786486, -1.06151751], [36.990975839, -1.061326024], [36.99107038, -1.061420744], [36.990881027, -1.06161223], [36.990786486, -1.06151751]]]}}, {"type": "Feature", "properties": {"ref": "OG-221", "block": 45, "area_m2": 443.7, "acres": 0.1096}, "geometry": {"type": "Polygon", "coordinates": [[[36.990881027, -1.06161223], [36.99107038, -1.061420744], [36.991164921, -1.061515464], [36.990975568, -1.061706949], [36.990881027, -1.06161223]]]}}, {"type": "Feature", "properties": {"ref": "OG-222", "block": 45, "area_m2": 447.3, "acres": 0.1105}, "geometry": {"type": "Polygon", "coordinates": [[[36.991068327, -1.062184121], [36.991259191, -1.061991108], [36.991353732, -1.062085827], [36.991162868, -1.062278841], [36.991068327, -1.062184121]]]}}, {"type": "Feature", "properties": {"ref": "OG-223", "block": 45, "area_m2": 443.7, "acres": 0.1096}, "geometry": {"type": "Polygon", "coordinates": [[[36.990975568, -1.061706949], [36.991164921, -1.061515464], [36.991259462, -1.061610183], [36.991070109, -1.061801669], [36.990975568, -1.061706949]]]}}, {"type": "Feature", "properties": {"ref": "OG-224", "block": 45, "area_m2": 443.7, "acres": 0.1096}, "geometry": {"type": "Polygon", "coordinates": [[[36.991070109, -1.061801669], [36.991259462, -1.061610183], [36.991354003, -1.061704903], [36.99116465, -1.061896388], [36.991070109, -1.061801669]]]}}, {"type": "Feature", "properties": {"ref": "OG-225", "block": 45, "area_m2": 474.0, "acres": 0.1171}, "geometry": {"type": "Polygon", "coordinates": [[[36.991162868, -1.062278841], [36.991353732, -1.062085827], [36.991453914, -1.062186199], [36.99126305, -1.062379212], [36.991162868, -1.062278841]]]}}, {"type": "Feature", "properties": {"ref": "OG-226", "block": 45, "area_m2": 443.7, "acres": 0.1096}, "geometry": {"type": "Polygon", "coordinates": [[[36.99116465, -1.061896388], [36.991354003, -1.061704903], [36.991448544, -1.061799622], [36.991259191, -1.061991108], [36.99116465, -1.061896388]]]}}, {"type": "Feature", "properties": {"ref": "OG-227", "block": 45, "area_m2": 447.3, "acres": 0.1105}, "geometry": {"type": "Polygon", "coordinates": [[[36.99126305, -1.062379212], [36.991453914, -1.062186199], [36.991464956, -1.062175032], [36.991562767, -1.062273028], [36.991378294, -1.062437381], [36.991319376, -1.062435645], [36.99126305, -1.062379212]]]}}, {"type": "Feature", "properties": {"ref": "OG-228", "block": 45, "area_m2": 443.7, "acres": 0.1096}, "geometry": {"type": "Polygon", "coordinates": [[[36.991259191, -1.061991108], [36.991448544, -1.061799622], [36.991543085, -1.061894342], [36.991353732, -1.062085827], [36.991259191, -1.061991108]]]}}, {"type": "Feature", "properties": {"ref": "OG-229", "block": 45, "area_m2": 470.2, "acres": 0.1162}, "geometry": {"type": "Polygon", "coordinates": [[[36.991353732, -1.062085827], [36.991543085, -1.061894342], [36.991643267, -1.061994713], [36.991464956, -1.062175032], [36.991453914, -1.062186199], [36.991353732, -1.062085827]]]}}, {"type": "Feature", "properties": {"ref": "OG-230", "block": 45, "area_m2": 447.2, "acres": 0.1105}, "geometry": {"type": "Polygon", "coordinates": [[[36.991464956, -1.062175032], [36.991643267, -1.061994713], [36.991723764, -1.062075363], [36.991722145, -1.062131033], [36.991562767, -1.062273028], [36.991464956, -1.062175032]]]}}, {"type": "Feature", "properties": {"ref": "OG-231", "block": 51, "area_m2": 461.8, "acres": 0.1141}, "geometry": {"type": "Polygon", "coordinates": [[[36.991315843, -1.060729196], [36.991215277, -1.060721339], [36.991178103, -1.060677625], [36.991195827, -1.060447753], [36.991336695, -1.060458758], [36.991315843, -1.060729196]]]}}, {"type": "Feature", "properties": {"ref": "OG-232", "block": 51, "area_m2": 461.7, "acres": 0.1141}, "geometry": {"type": "Polygon", "coordinates": [[[36.991315843, -1.060729196], [36.991336695, -1.060458758], [36.991428312, -1.060465915], [36.991461134, -1.060468479], [36.991474539, -1.060469526], [36.991453687, -1.060739964], [36.991315843, -1.060729196]]]}}, {"type": "Feature", "properties": {"ref": "OG-233", "block": 51, "area_m2": 461.7, "acres": 0.1141}, "geometry": {"type": "Polygon", "coordinates": [[[36.991453687, -1.060739964], [36.991474539, -1.060469526], [36.991590661, -1.060478598], [36.991612383, -1.060480295], [36.991591531, -1.060750732], [36.991453687, -1.060739964]]]}}, {"type": "Feature", "properties": {"ref": "OG-234", "block": 51, "area_m2": 1956.3, "acres": 0.4834}, "geometry": {"type": "Polygon", "coordinates": [[[36.991548271, -1.060828973], [36.99172312, -1.060842632], [36.991865432, -1.06085375], [36.992329056, -1.060889968], [36.991928335, -1.061246984], [36.991536619, -1.060854528], [36.991548271, -1.060828973]]]}}, {"type": "Feature", "properties": {"ref": "OG-235", "block": 51, "area_m2": 461.7, "acres": 0.1141}, "geometry": {"type": "Polygon", "coordinates": [[[36.991591531, -1.060750732], [36.991612383, -1.060480295], [36.991750227, -1.060491063], [36.991729375, -1.060761501], [36.991642498, -1.060754714], [36.991591531, -1.060750732]]]}}, {"type": "Feature", "properties": {"ref": "OG-236", "block": 51, "area_m2": 3374.4, "acres": 0.8338}, "geometry": {"type": "Polygon", "coordinates": [[[36.99172312, -1.060842632], [36.991729375, -1.060761501], [36.991750227, -1.060491063], [36.992694038, -1.060564793], [36.992329056, -1.060889968], [36.991865432, -1.06085375], [36.99172312, -1.060842632]]]}}, {"type": "Feature", "properties": {"ref": "OG-237", "block": 35, "area_m2": 450.5, "acres": 0.1113}, "geometry": {"type": "Polygon", "coordinates": [[[36.988492348, -1.061230296], [36.988649306, -1.061071571], [36.988765112, -1.061187597], [36.988608155, -1.061346321], [36.988492348, -1.061230296]]]}}, {"type": "Feature", "properties": {"ref": "OG-238", "block": 35, "area_m2": 450.5, "acres": 0.1113}, "geometry": {"type": "Polygon", "coordinates": [[[36.988608155, -1.061346321], [36.988765112, -1.061187597], [36.988880919, -1.061303622], [36.988723962, -1.061462347], [36.988608155, -1.061346321]]]}}, {"type": "Feature", "properties": {"ref": "OG-239", "block": 35, "area_m2": 450.5, "acres": 0.1113}, "geometry": {"type": "Polygon", "coordinates": [[[36.988376542, -1.06111427], [36.988533499, -1.060955545], [36.988649306, -1.061071571], [36.988492348, -1.061230296], [36.988376542, -1.06111427]]]}}, {"type": "Feature", "properties": {"ref": "OG-240", "block": 35, "area_m2": 450.5, "acres": 0.1113}, "geometry": {"type": "Polygon", "coordinates": [[[36.988723962, -1.061462347], [36.988880919, -1.061303622], [36.988996726, -1.061419648], [36.988839769, -1.061578373], [36.988728189, -1.061466582], [36.988723962, -1.061462347]]]}}, {"type": "Feature", "properties": {"ref": "OG-241", "block": 35, "area_m2": 450.5, "acres": 0.1113}, "geometry": {"type": "Polygon", "coordinates": [[[36.988260735, -1.060998244], [36.988417692, -1.06083952], [36.988533499, -1.060955545], [36.988376542, -1.06111427], [36.988260735, -1.060998244]]]}}, {"type": "Feature", "properties": {"ref": "OG-242", "block": 35, "area_m2": 450.5, "acres": 0.1113}, "geometry": {"type": "Polygon", "coordinates": [[[36.988839769, -1.061578373], [36.988996726, -1.061419648], [36.989112533, -1.061535674], [36.988955575, -1.061694398], [36.988839769, -1.061578373]]]}}, {"type": "Feature", "properties": {"ref": "OG-243", "block": 35, "area_m2": 450.5, "acres": 0.1113}, "geometry": {"type": "Polygon", "coordinates": [[[36.988144928, -1.060882219], [36.988301885, -1.060723494], [36.988417692, -1.06083952], [36.988260735, -1.060998244], [36.988144928, -1.060882219]]]}}, {"type": "Feature", "properties": {"ref": "OG-244", "block": 35, "area_m2": 450.5, "acres": 0.1113}, "geometry": {"type": "Polygon", "coordinates": [[[36.988955575, -1.061694398], [36.989112533, -1.061535674], [36.98922834, -1.061651699], [36.989071382, -1.061810424], [36.988955575, -1.061694398]]]}}, {"type": "Feature", "properties": {"ref": "OG-245", "block": 35, "area_m2": 450.5, "acres": 0.1113}, "geometry": {"type": "Polygon", "coordinates": [[[36.988649306, -1.061071571], [36.988806263, -1.060912846], [36.98892207, -1.061028872], [36.988765112, -1.061187597], [36.988649306, -1.061071571]]]}}, {"type": "Feature", "properties": {"ref": "OG-246", "block": 35, "area_m2": 450.5, "acres": 0.1113}, "geometry": {"type": "Polygon", "coordinates": [[[36.988765112, -1.061187597], [36.98892207, -1.061028872], [36.989037876, -1.061144898], [36.988880919, -1.061303622], [36.988765112, -1.061187597]]]}}, {"type": "Feature", "properties": {"ref": "OG-247", "block": 35, "area_m2": 450.2, "acres": 0.1112}, "geometry": {"type": "Polygon", "coordinates": [[[36.988301885, -1.060723494], [36.988144928, -1.060882219], [36.988052626, -1.060789742], [36.988052508, -1.060738595], [36.988184118, -1.060605504], [36.988301885, -1.060723494]]]}}, {"type": "Feature", "properties": {"ref": "OG-248", "block": 35, "area_m2": 450.5, "acres": 0.1113}, "geometry": {"type": "Polygon", "coordinates": [[[36.988533499, -1.060955545], [36.988690456, -1.060796821], [36.988806263, -1.060912846], [36.988649306, -1.061071571], [36.988533499, -1.060955545]]]}}, {"type": "Feature", "properties": {"ref": "OG-249", "block": 35, "area_m2": 450.5, "acres": 0.1113}, "geometry": {"type": "Polygon", "coordinates": [[[36.988880919, -1.061303622], [36.989037876, -1.061144898], [36.989042103, -1.061149132], [36.989153683, -1.061260923], [36.988996726, -1.061419648], [36.988880919, -1.061303622]]]}}, {"type": "Feature", "properties": {"ref": "OG-250", "block": 35, "area_m2": 450.5, "acres": 0.1113}, "geometry": {"type": "Polygon", "coordinates": [[[36.988417692, -1.06083952], [36.988574649, -1.060680795], [36.988690456, -1.060796821], [36.988533499, -1.060955545], [36.988417692, -1.06083952]]]}}, {"type": "Feature", "properties": {"ref": "OG-251", "block": 35, "area_m2": 450.5, "acres": 0.1113}, "geometry": {"type": "Polygon", "coordinates": [[[36.988996726, -1.061419648], [36.989153683, -1.061260923], [36.98926949, -1.061376949], [36.989112533, -1.061535674], [36.988996726, -1.061419648]]]}}, {"type": "Feature", "properties": {"ref": "OG-252", "block": 35, "area_m2": 450.5, "acres": 0.1113}, "geometry": {"type": "Polygon", "coordinates": [[[36.988301885, -1.060723494], [36.988458842, -1.060564769], [36.988574649, -1.060680795], [36.988417692, -1.06083952], [36.988301885, -1.060723494]]]}}, {"type": "Feature", "properties": {"ref": "OG-253", "block": 35, "area_m2": 450.5, "acres": 0.1113}, "geometry": {"type": "Polygon", "coordinates": [[[36.989112533, -1.061535674], [36.98926949, -1.061376949], [36.989385297, -1.061492975], [36.98922834, -1.061651699], [36.989112533, -1.061535674]]]}}, {"type": "Feature", "properties": {"ref": "OG-254", "block": 35, "area_m2": 450.2, "acres": 0.1112}, "geometry": {"type": "Polygon", "coordinates": [[[36.988184118, -1.060605504], [36.988315727, -1.060472412], [36.988366541, -1.060472293], [36.988458842, -1.060564769], [36.988301885, -1.060723494], [36.988184118, -1.060605504]]]}}, {"type": "Feature", "properties": {"ref": "OG-255", "block": 19, "area_m2": 905.0, "acres": 0.2236}, "geometry": {"type": "Polygon", "coordinates": [[[36.986935128, -1.061509594], [36.987125237, -1.061317345], [36.987317293, -1.061509764], [36.987127184, -1.061702013], [36.986935128, -1.061509594]]]}}, {"type": "Feature", "properties": {"ref": "OG-256", "block": 19, "area_m2": 905.0, "acres": 0.2236}, "geometry": {"type": "Polygon", "coordinates": [[[36.987127184, -1.061702013], [36.987317293, -1.061509764], [36.987509349, -1.061702184], [36.98731924, -1.061894432], [36.987127184, -1.061702013]]]}}, {"type": "Feature", "properties": {"ref": "OG-257", "block": 19, "area_m2": 905.0, "acres": 0.2236}, "geometry": {"type": "Polygon", "coordinates": [[[36.986743072, -1.061317174], [36.986886288, -1.061172346], [36.986933181, -1.061124926], [36.987125237, -1.061317345], [36.986935128, -1.061509594], [36.986743072, -1.061317174]]]}}, {"type": "Feature", "properties": {"ref": "OG-258", "block": 19, "area_m2": 905.0, "acres": 0.2236}, "geometry": {"type": "Polygon", "coordinates": [[[36.98731924, -1.061894432], [36.987509349, -1.061702184], [36.987701405, -1.061894603], [36.987511296, -1.062086852], [36.98731924, -1.061894432]]]}}, {"type": "Feature", "properties": {"ref": "OG-259", "block": 19, "area_m2": 905.3, "acres": 0.2237}, "geometry": {"type": "Polygon", "coordinates": [[[36.98651395, -1.061030212], [36.986627995, -1.060913564], [36.986886288, -1.061172346], [36.986743072, -1.061317174], [36.986514247, -1.061087915], [36.98651395, -1.061030212]]]}}, {"type": "Feature", "properties": {"ref": "OG-260", "block": 19, "area_m2": 905.1, "acres": 0.2237}, "geometry": {"type": "Polygon", "coordinates": [[[36.987511296, -1.062086852], [36.987701405, -1.061894603], [36.987708912, -1.061887012], [36.987903733, -1.062082202], [36.98772089, -1.062239619], [36.987661522, -1.062237363], [36.987511296, -1.062086852]]]}}, {"type": "Feature", "properties": {"ref": "OG-261", "block": 19, "area_m2": 905.0, "acres": 0.2236}, "geometry": {"type": "Polygon", "coordinates": [[[36.987125237, -1.061317345], [36.987315345, -1.061125096], [36.987507401, -1.061317516], [36.987317293, -1.061509764], [36.987125237, -1.061317345]]]}}, {"type": "Feature", "properties": {"ref": "OG-262", "block": 19, "area_m2": 905.0, "acres": 0.2236}, "geometry": {"type": "Polygon", "coordinates": [[[36.987317293, -1.061509764], [36.987507401, -1.061317516], [36.987699457, -1.061509935], [36.987509349, -1.061702184], [36.987317293, -1.061509764]]]}}, {"type": "Feature", "properties": {"ref": "OG-263", "block": 19, "area_m2": 905.0, "acres": 0.2236}, "geometry": {"type": "Polygon", "coordinates": [[[36.986933181, -1.061124926], [36.98702747, -1.061029575], [36.987123289, -1.060932677], [36.987315345, -1.061125096], [36.987125237, -1.061317345], [36.986933181, -1.061124926]]]}}, {"type": "Feature", "properties": {"ref": "OG-264", "block": 19, "area_m2": 905.3, "acres": 0.2237}, "geometry": {"type": "Polygon", "coordinates": [[[36.986627995, -1.060913564], [36.98676837, -1.060769984], [36.98702747, -1.061029575], [36.986933181, -1.061124926], [36.986886288, -1.061172346], [36.986627995, -1.060913564]]]}}, {"type": "Feature", "properties": {"ref": "OG-265", "block": 19, "area_m2": 905.0, "acres": 0.2236}, "geometry": {"type": "Polygon", "coordinates": [[[36.987509349, -1.061702184], [36.987699457, -1.061509935], [36.987891513, -1.061702355], [36.987708912, -1.061887012], [36.987701405, -1.061894603], [36.987509349, -1.061702184]]]}}, {"type": "Feature", "properties": {"ref": "OG-266", "block": 19, "area_m2": 905.0, "acres": 0.2236}, "geometry": {"type": "Polygon", "coordinates": [[[36.987708912, -1.061887012], [36.987891513, -1.061702355], [36.988072419, -1.061883603], [36.98807035, -1.061938753], [36.987903733, -1.062082202], [36.987708912, -1.061887012]]]}}, {"type": "Feature", "properties": {"ref": "OG-267", "block": 19, "area_m2": 905.3, "acres": 0.2237}, "geometry": {"type": "Polygon", "coordinates": [[[36.987027346, -1.060836552], [36.987123289, -1.060932677], [36.98702747, -1.061029575], [36.98676837, -1.060769984], [36.986980737, -1.06055277], [36.98701146, -1.060564387], [36.987027346, -1.060836552]]]}}, {"type": "Feature", "properties": {"ref": "OG-268", "block": 50, "area_m2": 450.0, "acres": 0.1112}, "geometry": {"type": "Polygon", "coordinates": [[[36.991058947, -1.061294474], [36.991249055, -1.061102225], [36.991344553, -1.061197903], [36.991154445, -1.061390153], [36.991058947, -1.061294474]]]}}, {"type": "Feature", "properties": {"ref": "OG-269", "block": 50, "area_m2": 450.0, "acres": 0.1112}, "geometry": {"type": "Polygon", "coordinates": [[[36.991154445, -1.061390153], [36.991344553, -1.061197903], [36.991440051, -1.061293581], [36.991249943, -1.061485831], [36.991154445, -1.061390153]]]}}, {"type": "Feature", "properties": {"ref": "OG-270", "block": 50, "area_m2": 450.0, "acres": 0.1112}, "geometry": {"type": "Polygon", "coordinates": [[[36.990968217, -1.061203573], [36.991168336, -1.0610012], [36.991259066, -1.061092101], [36.991249055, -1.061102225], [36.991058947, -1.061294474], [36.990968217, -1.061203573]]]}}, {"type": "Feature", "properties": {"ref": "OG-271", "block": 50, "area_m2": 450.0, "acres": 0.1112}, "geometry": {"type": "Polygon", "coordinates": [[[36.991249943, -1.061485831], [36.991440051, -1.061293581], [36.991535549, -1.061389259], [36.99134544, -1.061581509], [36.991249943, -1.061485831]]]}}, {"type": "Feature", "properties": {"ref": "OG-272", "block": 50, "area_m2": 450.0, "acres": 0.1112}, "geometry": {"type": "Polygon", "coordinates": [[[36.990877488, -1.061112672], [36.991077607, -1.060910299], [36.99115724, -1.060990083], [36.991168336, -1.0610012], [36.990968217, -1.061203573], [36.990877488, -1.061112672]]]}}, {"type": "Feature", "properties": {"ref": "OG-273", "block": 50, "area_m2": 450.0, "acres": 0.1112}, "geometry": {"type": "Polygon", "coordinates": [[[36.99134544, -1.061581509], [36.991535549, -1.061389259], [36.991631047, -1.061484938], [36.991440938, -1.061677187], [36.99134544, -1.061581509]]]}}, {"type": "Feature", "properties": {"ref": "OG-274", "block": 50, "area_m2": 450.0, "acres": 0.1112}, "geometry": {"type": "Polygon", "coordinates": [[[36.990786758, -1.061021771], [36.990986877, -1.060819398], [36.991077607, -1.060910299], [36.990877488, -1.061112672], [36.990786758, -1.061021771]]]}}, {"type": "Feature", "properties": {"ref": "OG-275", "block": 50, "area_m2": 449.9, "acres": 0.1112}, "geometry": {"type": "Polygon", "coordinates": [[[36.990687998, -1.060922825], [36.99083584, -1.060773318], [36.990949766, -1.060782218], [36.990986877, -1.060819398], [36.990786758, -1.061021771], [36.990687998, -1.060922825]]]}}, {"type": "Feature", "properties": {"ref": "OG-276", "block": 50, "area_m2": 450.0, "acres": 0.1112}, "geometry": {"type": "Polygon", "coordinates": [[[36.991440938, -1.061677187], [36.991631047, -1.061484938], [36.991726545, -1.061580616], [36.991536436, -1.061772865], [36.991440938, -1.061677187]]]}}, {"type": "Feature", "properties": {"ref": "OG-277", "block": 50, "area_m2": 450.2, "acres": 0.1112}, "geometry": {"type": "Polygon", "coordinates": [[[36.99083584, -1.060773318], [36.990687998, -1.060922825], [36.990433969, -1.060668316], [36.990443088, -1.060654114], [36.990732518, -1.060765246], [36.99083584, -1.060773318]]]}}, {"type": "Feature", "properties": {"ref": "OG-278", "block": 50, "area_m2": 450.0, "acres": 0.1112}, "geometry": {"type": "Polygon", "coordinates": [[[36.991536436, -1.061772865], [36.991726545, -1.061580616], [36.991822043, -1.061676294], [36.991631934, -1.061868544], [36.991536436, -1.061772865]]]}}, {"type": "Feature", "properties": {"ref": "OG-279", "block": 50, "area_m2": 450.7, "acres": 0.1114}, "geometry": {"type": "Polygon", "coordinates": [[[36.990986877, -1.060819398], [36.990949766, -1.060782218], [36.991301949, -1.06080973], [36.991325037, -1.060820396], [36.99115724, -1.060990083], [36.991077607, -1.060910299], [36.990986877, -1.060819398]]]}}, {"type": "Feature", "properties": {"ref": "OG-280", "block": 50, "area_m2": 450.0, "acres": 0.1112}, "geometry": {"type": "Polygon", "coordinates": [[[36.991631934, -1.061868544], [36.991822043, -1.061676294], [36.99191754, -1.061771972], [36.991727432, -1.061964222], [36.991631934, -1.061868544]]]}}, {"type": "Feature", "properties": {"ref": "OG-281", "block": 50, "area_m2": 450.0, "acres": 0.1112}, "geometry": {"type": "Polygon", "coordinates": [[[36.991249055, -1.061102225], [36.991259066, -1.061092101], [36.991439164, -1.060909975], [36.991534662, -1.061005654], [36.991344553, -1.061197903], [36.991249055, -1.061102225]]]}}, {"type": "Feature", "properties": {"ref": "OG-282", "block": 50, "area_m2": 450.0, "acres": 0.1112}, "geometry": {"type": "Polygon", "coordinates": [[[36.991344553, -1.061197903], [36.991534662, -1.061005654], [36.99163016, -1.061101332], [36.991440051, -1.061293581], [36.991344553, -1.061197903]]]}}, {"type": "Feature", "properties": {"ref": "OG-283", "block": 50, "area_m2": 449.4, "acres": 0.1111}, "geometry": {"type": "Polygon", "coordinates": [[[36.99115724, -1.060990083], [36.991325037, -1.060820396], [36.991370899, -1.060841582], [36.991439164, -1.060909975], [36.991259066, -1.061092101], [36.991168336, -1.0610012], [36.99115724, -1.060990083]]]}}, {"type": "Feature", "properties": {"ref": "OG-284", "block": 50, "area_m2": 450.0, "acres": 0.1112}, "geometry": {"type": "Polygon", "coordinates": [[[36.991440051, -1.061293581], [36.99163016, -1.061101332], [36.991725657, -1.06119701], [36.991535549, -1.061389259], [36.991440051, -1.061293581]]]}}, {"type": "Feature", "properties": {"ref": "OG-285", "block": 50, "area_m2": 450.0, "acres": 0.1112}, "geometry": {"type": "Polygon", "coordinates": [[[36.991535549, -1.061389259], [36.991725657, -1.06119701], [36.991821155, -1.061292688], [36.991631047, -1.061484938], [36.991535549, -1.061389259]]]}}, {"type": "Feature", "properties": {"ref": "OG-286", "block": 50, "area_m2": 450.1, "acres": 0.1112}, "geometry": {"type": "Polygon", "coordinates": [[[36.991727432, -1.061964222], [36.99191754, -1.061771972], [36.991929133, -1.06176025], [36.992027595, -1.061858898], [36.99184334, -1.062023056], [36.991784423, -1.06202132], [36.991727432, -1.061964222]]]}}, {"type": "Feature", "properties": {"ref": "OG-287", "block": 50, "area_m2": 450.0, "acres": 0.1112}, "geometry": {"type": "Polygon", "coordinates": [[[36.991631047, -1.061484938], [36.991821155, -1.061292688], [36.991916653, -1.061388366], [36.991726545, -1.061580616], [36.991631047, -1.061484938]]]}}, {"type": "Feature", "properties": {"ref": "OG-288", "block": 50, "area_m2": 450.0, "acres": 0.1112}, "geometry": {"type": "Polygon", "coordinates": [[[36.991726545, -1.061580616], [36.991916653, -1.061388366], [36.992012151, -1.061484045], [36.991822043, -1.061676294], [36.991726545, -1.061580616]]]}}, {"type": "Feature", "properties": {"ref": "OG-289", "block": 50, "area_m2": 450.0, "acres": 0.1112}, "geometry": {"type": "Polygon", "coordinates": [[[36.991822043, -1.061676294], [36.992012151, -1.061484045], [36.992107649, -1.061579723], [36.991929133, -1.06176025], [36.99191754, -1.061771972], [36.991822043, -1.061676294]]]}}, {"type": "Feature", "properties": {"ref": "OG-290", "block": 50, "area_m2": 450.7, "acres": 0.1114}, "geometry": {"type": "Polygon", "coordinates": [[[36.991929133, -1.06176025], [36.992107649, -1.061579723], [36.992188811, -1.061661038], [36.992187192, -1.061716709], [36.992027595, -1.061858898], [36.991929133, -1.06176025]]]}}, {"type": "Feature", "properties": {"ref": "OG-291", "block": 9, "area_m2": 932.9, "acres": 0.2305}, "geometry": {"type": "Polygon", "coordinates": [[[36.9857863, -1.062362454], [36.985755201, -1.062450322], [36.985710918, -1.062515096], [36.985571008, -1.062635551], [36.985514015, -1.062631078], [36.985463439, -1.062571559], [36.98545073, -1.062502311], [36.985532447, -1.062271425], [36.9857863, -1.062362454]]]}}, {"type": "Feature", "properties": {"ref": "OG-292", "block": 9, "area_m2": 933.7, "acres": 0.2307}, "geometry": {"type": "Polygon", "coordinates": [[[36.985532447, -1.062271425], [36.985626271, -1.062006329], [36.985880125, -1.062097358], [36.9857863, -1.062362454], [36.985532447, -1.062271425]]]}}, {"type": "Feature", "properties": {"ref": "OG-293", "block": 9, "area_m2": 933.7, "acres": 0.2307}, "geometry": {"type": "Polygon", "coordinates": [[[36.985626271, -1.062006329], [36.985720095, -1.061741233], [36.985973949, -1.061832262], [36.985880125, -1.062097358], [36.985626271, -1.062006329]]]}}, {"type": "Feature", "properties": {"ref": "OG-294", "block": 9, "area_m2": 933.7, "acres": 0.2307}, "geometry": {"type": "Polygon", "coordinates": [[[36.985720095, -1.061741233], [36.98581392, -1.061476136], [36.986067774, -1.061567165], [36.985973949, -1.061832262], [36.985720095, -1.061741233]]]}}, {"type": "Feature", "properties": {"ref": "OG-295", "block": 9, "area_m2": 933.7, "acres": 0.2307}, "geometry": {"type": "Polygon", "coordinates": [[[36.98581392, -1.061476136], [36.985907744, -1.061211041], [36.986161598, -1.061302069], [36.986067774, -1.061567165], [36.98581392, -1.061476136]]]}}, {"type": "Feature", "properties": {"ref": "OG-296", "block": 9, "area_m2": 933.7, "acres": 0.2307}, "geometry": {"type": "Polygon", "coordinates": [[[36.985907744, -1.061211041], [36.98594298, -1.061111484], [36.986107794, -1.060942908], [36.986299145, -1.061132452], [36.986178032, -1.061255635], [36.986161598, -1.061302069], [36.985907744, -1.061211041]]]}}, {"type": "Feature", "properties": {"ref": "OG-297", "block": 9, "area_m2": 934.4, "acres": 0.2309}, "geometry": {"type": "Polygon", "coordinates": [[[36.986107794, -1.060942908], [36.986304479, -1.060741733], [36.986496393, -1.060931835], [36.986299145, -1.061132452], [36.986107794, -1.060942908]]]}}, {"type": "Feature", "properties": {"ref": "OG-298", "block": 15, "area_m2": 895.9, "acres": 0.2214}, "geometry": {"type": "Polygon", "coordinates": [[[36.986092207, -1.061740613], [36.9861733, -1.061511489], [36.986415048, -1.061795981], [36.986259852, -1.061929596], [36.98620286, -1.061925123], [36.986104916, -1.061809861], [36.986092207, -1.061740613]]]}}, {"type": "Feature", "properties": {"ref": "OG-299", "block": 15, "area_m2": 896.1, "acres": 0.2214}, "geometry": {"type": "Polygon", "coordinates": [[[36.9861733, -1.061511489], [36.986239722, -1.061323817], [36.98639586, -1.061507562], [36.986545504, -1.061683665], [36.986415048, -1.061795981], [36.9861733, -1.061511489]]]}}, {"type": "Feature", "properties": {"ref": "OG-300", "block": 15, "area_m2": 897.4, "acres": 0.2218}, "geometry": {"type": "Polygon", "coordinates": [[[36.98639586, -1.061507562], [36.986612553, -1.061301223], [36.986758217, -1.061447162], [36.986756148, -1.061502312], [36.986545504, -1.061683665], [36.98639586, -1.061507562]]]}}, {"type": "Feature", "properties": {"ref": "OG-301", "block": 15, "area_m2": 895.9, "acres": 0.2214}, "geometry": {"type": "Polygon", "coordinates": [[[36.98645754, -1.061145916], [36.986612553, -1.061301223], [36.98639586, -1.061507562], [36.986239722, -1.061323817], [36.986246998, -1.061303258], [36.986400538, -1.061146213], [36.98645754, -1.061145916]]]}}, {"type": "Feature", "properties": {"ref": "OG-302", "block": 48, "area_m2": 445.0, "acres": 0.11}, "geometry": {"type": "Polygon", "coordinates": [[[36.990231881, -1.062226344], [36.990421989, -1.062034094], [36.990516423, -1.062128707], [36.990326315, -1.062320956], [36.990231881, -1.062226344]]]}}, {"type": "Feature", "properties": {"ref": "OG-303", "block": 48, "area_m2": 445.0, "acres": 0.11}, "geometry": {"type": "Polygon", "coordinates": [[[36.990137447, -1.062131731], [36.990327555, -1.061939482], [36.990421989, -1.062034094], [36.990231881, -1.062226344], [36.990137447, -1.062131731]]]}}, {"type": "Feature", "properties": {"ref": "OG-304", "block": 48, "area_m2": 445.0, "acres": 0.11}, "geometry": {"type": "Polygon", "coordinates": [[[36.990326315, -1.062320956], [36.990516423, -1.062128707], [36.990610858, -1.06222332], [36.990420749, -1.062415569], [36.990326315, -1.062320956]]]}}, {"type": "Feature", "properties": {"ref": "OG-305", "block": 48, "area_m2": 445.0, "acres": 0.11}, "geometry": {"type": "Polygon", "coordinates": [[[36.990043012, -1.062037118], [36.990233121, -1.061844869], [36.990327555, -1.061939482], [36.990137447, -1.062131731], [36.990043012, -1.062037118]]]}}, {"type": "Feature", "properties": {"ref": "OG-306", "block": 48, "area_m2": 445.0, "acres": 0.11}, "geometry": {"type": "Polygon", "coordinates": [[[36.990420749, -1.062415569], [36.990610858, -1.06222332], [36.990705292, -1.062317932], [36.990515183, -1.062510182], [36.990420749, -1.062415569]]]}}, {"type": "Feature", "properties": {"ref": "OG-307", "block": 48, "area_m2": 445.0, "acres": 0.11}, "geometry": {"type": "Polygon", "coordinates": [[[36.989948578, -1.061942506], [36.990138687, -1.061750256], [36.990233121, -1.061844869], [36.990043012, -1.062037118], [36.989948578, -1.061942506]]]}}, {"type": "Feature", "properties": {"ref": "OG-308", "block": 48, "area_m2": 445.0, "acres": 0.11}, "geometry": {"type": "Polygon", "coordinates": [[[36.990515183, -1.062510182], [36.990705292, -1.062317932], [36.990799726, -1.062412545], [36.990609617, -1.062604794], [36.990515183, -1.062510182]]]}}, {"type": "Feature", "properties": {"ref": "OG-309", "block": 48, "area_m2": 445.0, "acres": 0.11}, "geometry": {"type": "Polygon", "coordinates": [[[36.989854144, -1.061847893], [36.990044252, -1.061655644], [36.990138687, -1.061750256], [36.989948578, -1.061942506], [36.989854144, -1.061847893]]]}}, {"type": "Feature", "properties": {"ref": "OG-310", "block": 48, "area_m2": 445.0, "acres": 0.11}, "geometry": {"type": "Polygon", "coordinates": [[[36.990609617, -1.062604794], [36.990799726, -1.062412545], [36.99089416, -1.062507158], [36.990704052, -1.062699407], [36.990609617, -1.062604794]]]}}, {"type": "Feature", "properties": {"ref": "OG-311", "block": 48, "area_m2": 445.0, "acres": 0.11}, "geometry": {"type": "Polygon", "coordinates": [[[36.98975971, -1.06175328], [36.989949818, -1.061561031], [36.990044252, -1.061655644], [36.989854144, -1.061847893], [36.98975971, -1.06175328]]]}}, {"type": "Feature", "properties": {"ref": "OG-312", "block": 48, "area_m2": 445.0, "acres": 0.11}, "geometry": {"type": "Polygon", "coordinates": [[[36.990704052, -1.062699407], [36.99089416, -1.062507158], [36.990988594, -1.06260177], [36.990798485, -1.062794019], [36.990704052, -1.062699407]]]}}, {"type": "Feature", "properties": {"ref": "OG-313", "block": 48, "area_m2": 445.0, "acres": 0.11}, "geometry": {"type": "Polygon", "coordinates": [[[36.989949818, -1.061561031], [36.98975971, -1.06175328], [36.989665276, -1.061658668], [36.989855384, -1.061466419], [36.989949818, -1.061561031]]]}}, {"type": "Feature", "properties": {"ref": "OG-314", "block": 48, "area_m2": 445.0, "acres": 0.11}, "geometry": {"type": "Polygon", "coordinates": [[[36.990421989, -1.062034094], [36.990612098, -1.061841845], [36.990706532, -1.061936458], [36.990516423, -1.062128707], [36.990421989, -1.062034094]]]}}, {"type": "Feature", "properties": {"ref": "OG-315", "block": 48, "area_m2": 445.0, "acres": 0.11}, "geometry": {"type": "Polygon", "coordinates": [[[36.990327555, -1.061939482], [36.990517664, -1.061747232], [36.990612098, -1.061841845], [36.990421989, -1.062034094], [36.990327555, -1.061939482]]]}}, {"type": "Feature", "properties": {"ref": "OG-316", "block": 48, "area_m2": 445.0, "acres": 0.11}, "geometry": {"type": "Polygon", "coordinates": [[[36.990516423, -1.062128707], [36.990706532, -1.061936458], [36.990800966, -1.06203107], [36.990610858, -1.06222332], [36.990516423, -1.062128707]]]}}, {"type": "Feature", "properties": {"ref": "OG-317", "block": 48, "area_m2": 445.0, "acres": 0.11}, "geometry": {"type": "Polygon", "coordinates": [[[36.990233121, -1.061844869], [36.990423229, -1.06165262], [36.990517664, -1.061747232], [36.990327555, -1.061939482], [36.990233121, -1.061844869]]]}}, {"type": "Feature", "properties": {"ref": "OG-318", "block": 48, "area_m2": 445.0, "acres": 0.11}, "geometry": {"type": "Polygon", "coordinates": [[[36.990610858, -1.06222332], [36.990800966, -1.06203107], [36.9908954, -1.062125683], [36.990705292, -1.062317932], [36.990610858, -1.06222332]]]}}, {"type": "Feature", "properties": {"ref": "OG-319", "block": 48, "area_m2": 445.1, "acres": 0.11}, "geometry": {"type": "Polygon", "coordinates": [[[36.990798485, -1.062794019], [36.990988594, -1.06260177], [36.99100049, -1.06258974], [36.991097825, -1.062687259], [36.990913247, -1.062851705], [36.990854329, -1.062849969], [36.990798485, -1.062794019]]]}}, {"type": "Feature", "properties": {"ref": "OG-320", "block": 48, "area_m2": 445.0, "acres": 0.11}, "geometry": {"type": "Polygon", "coordinates": [[[36.990138687, -1.061750256], [36.990328795, -1.061558007], [36.990423229, -1.06165262], [36.990233121, -1.061844869], [36.990138687, -1.061750256]]]}}, {"type": "Feature", "properties": {"ref": "OG-321", "block": 48, "area_m2": 445.0, "acres": 0.11}, "geometry": {"type": "Polygon", "coordinates": [[[36.990705292, -1.062317932], [36.9908954, -1.062125683], [36.990989835, -1.062220296], [36.990799726, -1.062412545], [36.990705292, -1.062317932]]]}}, {"type": "Feature", "properties": {"ref": "OG-322", "block": 48, "area_m2": 445.0, "acres": 0.11}, "geometry": {"type": "Polygon", "coordinates": [[[36.990044252, -1.061655644], [36.990234361, -1.061463395], [36.990328795, -1.061558007], [36.990138687, -1.061750256], [36.990044252, -1.061655644]]]}}, {"type": "Feature", "properties": {"ref": "OG-323", "block": 48, "area_m2": 445.0, "acres": 0.11}, "geometry": {"type": "Polygon", "coordinates": [[[36.990799726, -1.062412545], [36.990989835, -1.062220296], [36.991084269, -1.062314909], [36.99089416, -1.062507158], [36.990799726, -1.062412545]]]}}, {"type": "Feature", "properties": {"ref": "OG-324", "block": 48, "area_m2": 445.0, "acres": 0.11}, "geometry": {"type": "Polygon", "coordinates": [[[36.989949818, -1.061561031], [36.990139927, -1.061368782], [36.990234361, -1.061463395], [36.990044252, -1.061655644], [36.989949818, -1.061561031]]]}}, {"type": "Feature", "properties": {"ref": "OG-325", "block": 48, "area_m2": 445.0, "acres": 0.11}, "geometry": {"type": "Polygon", "coordinates": [[[36.99089416, -1.062507158], [36.991084269, -1.062314909], [36.991178703, -1.062409521], [36.99100049, -1.06258974], [36.990988594, -1.06260177], [36.99089416, -1.062507158]]]}}, {"type": "Feature", "properties": {"ref": "OG-326", "block": 48, "area_m2": 445.0, "acres": 0.11}, "geometry": {"type": "Polygon", "coordinates": [[[36.989855384, -1.061466419], [36.990045492, -1.061274169], [36.990139927, -1.061368782], [36.989949818, -1.061561031], [36.989855384, -1.061466419]]]}}, {"type": "Feature", "properties": {"ref": "OG-327", "block": 48, "area_m2": 444.9, "acres": 0.1099}, "geometry": {"type": "Polygon", "coordinates": [[[36.99100049, -1.06258974], [36.991178703, -1.062409521], [36.991258718, -1.062489687], [36.991257098, -1.062545358], [36.991097825, -1.062687259], [36.99100049, -1.06258974]]]}}, {"type": "Feature", "properties": {"ref": "OG-328", "block": 43, "area_m2": 450.5, "acres": 0.1113}, "geometry": {"type": "Polygon", "coordinates": [[[36.989688534, -1.062428743], [36.989845484, -1.062270028], [36.989961291, -1.062386054], [36.989804341, -1.062544769], [36.989688534, -1.062428743]]]}}, {"type": "Feature", "properties": {"ref": "OG-329", "block": 43, "area_m2": 450.5, "acres": 0.1113}, "geometry": {"type": "Polygon", "coordinates": [[[36.989572727, -1.062312717], [36.989729677, -1.062154003], [36.989845484, -1.062270028], [36.989688534, -1.062428743], [36.989572727, -1.062312717]]]}}, {"type": "Feature", "properties": {"ref": "OG-330", "block": 43, "area_m2": 450.5, "acres": 0.1113}, "geometry": {"type": "Polygon", "coordinates": [[[36.989804341, -1.062544769], [36.989961291, -1.062386054], [36.990077098, -1.06250208], [36.989920148, -1.062660794], [36.989804341, -1.062544769]]]}}, {"type": "Feature", "properties": {"ref": "OG-331", "block": 43, "area_m2": 450.5, "acres": 0.1113}, "geometry": {"type": "Polygon", "coordinates": [[[36.989456921, -1.062196691], [36.98961387, -1.062037977], [36.989729677, -1.062154003], [36.989572727, -1.062312717], [36.989456921, -1.062196691]]]}}, {"type": "Feature", "properties": {"ref": "OG-332", "block": 43, "area_m2": 882.5, "acres": 0.2181}, "geometry": {"type": "Polygon", "coordinates": [[[36.989920148, -1.062660794], [36.990077098, -1.06250208], [36.990192898, -1.062618099], [36.990303942, -1.062729353], [36.990146992, -1.062888068], [36.989920148, -1.062660794]]]}}, {"type": "Feature", "properties": {"ref": "OG-333", "block": 43, "area_m2": 450.5, "acres": 0.1113}, "geometry": {"type": "Polygon", "coordinates": [[[36.989341114, -1.062080665], [36.989498063, -1.061921951], [36.98961387, -1.062037977], [36.989456921, -1.062196691], [36.989341114, -1.062080665]]]}}, {"type": "Feature", "properties": {"ref": "OG-334", "block": 43, "area_m2": 450.5, "acres": 0.1113}, "geometry": {"type": "Polygon", "coordinates": [[[36.989225307, -1.06196464], [36.989382257, -1.061805925], [36.989498063, -1.061921951], [36.989341114, -1.062080665], [36.989225307, -1.06196464]]]}}, {"type": "Feature", "properties": {"ref": "OG-335", "block": 43, "area_m2": 432.0, "acres": 0.1067}, "geometry": {"type": "Polygon", "coordinates": [[[36.990146992, -1.062888068], [36.990303942, -1.062729353], [36.990414987, -1.062840608], [36.990258037, -1.062999322], [36.990146992, -1.062888068]]]}}, {"type": "Feature", "properties": {"ref": "OG-336", "block": 43, "area_m2": 450.6, "acres": 0.1113}, "geometry": {"type": "Polygon", "coordinates": [[[36.989845484, -1.062270028], [36.990002452, -1.062111296], [36.990118258, -1.062227322], [36.989961291, -1.062386054], [36.989845484, -1.062270028]]]}}, {"type": "Feature", "properties": {"ref": "OG-337", "block": 43, "area_m2": 450.6, "acres": 0.1113}, "geometry": {"type": "Polygon", "coordinates": [[[36.989729677, -1.062154003], [36.989886645, -1.06199527], [36.990002452, -1.062111296], [36.989845484, -1.062270028], [36.989729677, -1.062154003]]]}}, {"type": "Feature", "properties": {"ref": "OG-338", "block": 43, "area_m2": 450.6, "acres": 0.1113}, "geometry": {"type": "Polygon", "coordinates": [[[36.989961291, -1.062386054], [36.990118258, -1.062227322], [36.990234065, -1.062343348], [36.990077098, -1.06250208], [36.989961291, -1.062386054]]]}}, {"type": "Feature", "properties": {"ref": "OG-339", "block": 43, "area_m2": 450.6, "acres": 0.1113}, "geometry": {"type": "Polygon", "coordinates": [[[36.98961387, -1.062037977], [36.989770838, -1.061879244], [36.989886645, -1.06199527], [36.989729677, -1.062154003], [36.98961387, -1.062037977]]]}}, {"type": "Feature", "properties": {"ref": "OG-340", "block": 43, "area_m2": 450.2, "acres": 0.1112}, "geometry": {"type": "Polygon", "coordinates": [[[36.989382257, -1.061805925], [36.989225307, -1.06196464], [36.989109581, -1.061848695], [36.98926653, -1.06168998], [36.989382257, -1.061805925]]]}}, {"type": "Feature", "properties": {"ref": "OG-341", "block": 43, "area_m2": 450.5, "acres": 0.1113}, "geometry": {"type": "Polygon", "coordinates": [[[36.990077098, -1.06250208], [36.990234065, -1.062343348], [36.990349865, -1.062459366], [36.990192898, -1.062618099], [36.990077098, -1.06250208]]]}}, {"type": "Feature", "properties": {"ref": "OG-342", "block": 43, "area_m2": 450.6, "acres": 0.1113}, "geometry": {"type": "Polygon", "coordinates": [[[36.989498063, -1.061921951], [36.989655031, -1.061763219], [36.989770838, -1.061879244], [36.98961387, -1.062037977], [36.989498063, -1.061921951]]]}}, {"type": "Feature", "properties": {"ref": "OG-343", "block": 43, "area_m2": 431.9, "acres": 0.1067}, "geometry": {"type": "Polygon", "coordinates": [[[36.990258037, -1.062999322], [36.990414987, -1.062840608], [36.990528623, -1.062954459], [36.990400189, -1.063084336], [36.990343024, -1.06308447], [36.990258037, -1.062999322]]]}}, {"type": "Feature", "properties": {"ref": "OG-344", "block": 43, "area_m2": 864.1, "acres": 0.2135}, "geometry": {"type": "Polygon", "coordinates": [[[36.990192898, -1.062618099], [36.990349865, -1.062459366], [36.990571955, -1.062681876], [36.990414987, -1.062840608], [36.990303942, -1.062729353], [36.990192898, -1.062618099]]]}}, {"type": "Feature", "properties": {"ref": "OG-345", "block": 43, "area_m2": 450.6, "acres": 0.1113}, "geometry": {"type": "Polygon", "coordinates": [[[36.989382257, -1.061805925], [36.989539224, -1.061647193], [36.989655031, -1.061763219], [36.989498063, -1.061921951], [36.989382257, -1.061805925]]]}}, {"type": "Feature", "properties": {"ref": "OG-346", "block": 43, "area_m2": 450.3, "acres": 0.1113}, "geometry": {"type": "Polygon", "coordinates": [[[36.98926653, -1.06168998], [36.989423496, -1.061531246], [36.989539224, -1.061647193], [36.989382257, -1.061805925], [36.98926653, -1.06168998]]]}}, {"type": "Feature", "properties": {"ref": "OG-347", "block": 43, "area_m2": 432.0, "acres": 0.1067}, "geometry": {"type": "Polygon", "coordinates": [[[36.990414987, -1.062840608], [36.990571955, -1.062681876], [36.990611562, -1.062721558], [36.990656941, -1.062767023], [36.990657074, -1.062824563], [36.990528623, -1.062954459], [36.990414987, -1.062840608]]]}}, {"type": "Feature", "properties": {"ref": "OG-348", "block": 17, "area_m2": 894.5, "acres": 0.221}, "geometry": {"type": "Polygon", "coordinates": [[[36.986467775, -1.062236879], [36.986661825, -1.062069813], [36.986847629, -1.06228847], [36.986684298, -1.062429089], [36.986627306, -1.062424616], [36.986467775, -1.062236879]]]}}, {"type": "Feature", "properties": {"ref": "OG-349", "block": 17, "area_m2": 895.9, "acres": 0.2214}, "geometry": {"type": "Polygon", "coordinates": [[[36.986661825, -1.062069813], [36.986467775, -1.062236879], [36.986307957, -1.062048802], [36.986312401, -1.061991436], [36.986475732, -1.061850817], [36.986661825, -1.062069813]]]}}, {"type": "Feature", "properties": {"ref": "OG-350", "block": 17, "area_m2": 894.5, "acres": 0.221}, "geometry": {"type": "Polygon", "coordinates": [[[36.986661825, -1.062069813], [36.986853706, -1.061904613], [36.986861933, -1.061914294], [36.987039511, -1.06212327], [36.986847629, -1.06228847], [36.986661825, -1.062069813]]]}}, {"type": "Feature", "properties": {"ref": "OG-351", "block": 17, "area_m2": 895.9, "acres": 0.2214}, "geometry": {"type": "Polygon", "coordinates": [[[36.986475732, -1.061850817], [36.986667614, -1.061685617], [36.986853706, -1.061904613], [36.986661825, -1.062069813], [36.986475732, -1.061850817]]]}}, {"type": "Feature", "properties": {"ref": "OG-352", "block": 17, "area_m2": 896.0, "acres": 0.2214}, "geometry": {"type": "Polygon", "coordinates": [[[36.986872998, -1.061562161], [36.987056915, -1.061746426], [36.986861933, -1.061914294], [36.986853706, -1.061904613], [36.986667614, -1.061685617], [36.986813631, -1.061559904], [36.986872998, -1.061562161]]]}}, {"type": "Feature", "properties": {"ref": "OG-353", "block": 17, "area_m2": 895.8, "acres": 0.2214}, "geometry": {"type": "Polygon", "coordinates": [[[36.986861933, -1.061914294], [36.987056915, -1.061746426], [36.987222518, -1.061912342], [36.987220449, -1.061967493], [36.987039511, -1.06212327], [36.986861933, -1.061914294]]]}}, {"type": "Feature", "properties": {"ref": "OG-354", "block": 3, "area_m2": 447.7, "acres": 0.1106}, "geometry": {"type": "Polygon", "coordinates": [[[36.984536999, -1.062107276], [36.984741788, -1.061930964], [36.984828925, -1.062033509], [36.984624136, -1.06220982], [36.984536999, -1.062107276]]]}}, {"type": "Feature", "properties": {"ref": "OG-355", "block": 3, "area_m2": 447.7, "acres": 0.1106}, "geometry": {"type": "Polygon", "coordinates": [[[36.984449862, -1.062004732], [36.984654651, -1.06182842], [36.984741788, -1.061930964], [36.984536999, -1.062107276], [36.984449862, -1.062004732]]]}}, {"type": "Feature", "properties": {"ref": "OG-356", "block": 3, "area_m2": 447.7, "acres": 0.1106}, "geometry": {"type": "Polygon", "coordinates": [[[36.984624136, -1.06220982], [36.984828925, -1.062033509], [36.984916062, -1.062136053], [36.984711274, -1.062312364], [36.984624136, -1.06220982]]]}}, {"type": "Feature", "properties": {"ref": "OG-357", "block": 3, "area_m2": 447.7, "acres": 0.1106}, "geometry": {"type": "Polygon", "coordinates": [[[36.984362725, -1.061902187], [36.984567514, -1.061725876], [36.984654651, -1.06182842], [36.984449862, -1.062004732], [36.984362725, -1.061902187]]]}}, {"type": "Feature", "properties": {"ref": "OG-358", "block": 3, "area_m2": 447.7, "acres": 0.1106}, "geometry": {"type": "Polygon", "coordinates": [[[36.984711274, -1.062312364], [36.984916062, -1.062136053], [36.984985104, -1.062217302], [36.984979424, -1.062273142], [36.984830057, -1.062389628], [36.984771829, -1.062383627], [36.984711274, -1.062312364]]]}}, {"type": "Feature", "properties": {"ref": "OG-359", "block": 3, "area_m2": 544.8, "acres": 0.1346}, "geometry": {"type": "Polygon", "coordinates": [[[36.984567514, -1.061725876], [36.984362725, -1.061902187], [36.984342246, -1.061919819], [36.984247972, -1.061808875], [36.984400277, -1.061653827], [36.984500909, -1.061647495], [36.984567514, -1.061725876]]]}}, {"type": "Feature", "properties": {"ref": "OG-360", "block": 28, "area_m2": 446.9, "acres": 0.1104}, "geometry": {"type": "Polygon", "coordinates": [[[36.987509031, -1.062862242], [36.987620447, -1.062766319], [36.987783932, -1.06295871], [36.987703234, -1.063028186], [36.987646241, -1.063023713], [36.987509031, -1.062862242]]]}}, {"type": "Feature", "properties": {"ref": "OG-361", "block": 28, "area_m2": 446.9, "acres": 0.1104}, "geometry": {"type": "Polygon", "coordinates": [[[36.987509031, -1.062862242], [36.98737182, -1.062700771], [36.987376264, -1.062643405], [36.987456962, -1.062573928], [36.987620447, -1.062766319], [36.987509031, -1.062862242]]]}}, {"type": "Feature", "properties": {"ref": "OG-362", "block": 28, "area_m2": 446.9, "acres": 0.1104}, "geometry": {"type": "Polygon", "coordinates": [[[36.987620447, -1.062766319], [36.987729393, -1.062672522], [36.987892878, -1.062864913], [36.987783932, -1.06295871], [36.987620447, -1.062766319]]]}}, {"type": "Feature", "properties": {"ref": "OG-363", "block": 28, "area_m2": 446.9, "acres": 0.1104}, "geometry": {"type": "Polygon", "coordinates": [[[36.987456962, -1.062573928], [36.987565909, -1.062480131], [36.987729393, -1.062672522], [36.987620447, -1.062766319], [36.987456962, -1.062573928]]]}}, {"type": "Feature", "properties": {"ref": "OG-364", "block": 28, "area_m2": 446.9, "acres": 0.1104}, "geometry": {"type": "Polygon", "coordinates": [[[36.987729393, -1.062672522], [36.98783834, -1.062578725], [36.988001825, -1.062771116], [36.987892878, -1.062864913], [36.987729393, -1.062672522]]]}}, {"type": "Feature", "properties": {"ref": "OG-365", "block": 28, "area_m2": 446.9, "acres": 0.1104}, "geometry": {"type": "Polygon", "coordinates": [[[36.987565909, -1.062480131], [36.987674855, -1.062386334], [36.98783834, -1.062578725], [36.987729393, -1.062672522], [36.987565909, -1.062480131]]]}}, {"type": "Feature", "properties": {"ref": "OG-366", "block": 28, "area_m2": 446.9, "acres": 0.1104}, "geometry": {"type": "Polygon", "coordinates": [[[36.98783834, -1.062578725], [36.987947286, -1.062484928], [36.988110771, -1.062677319], [36.988001825, -1.062771116], [36.98783834, -1.062578725]]]}}, {"type": "Feature", "properties": {"ref": "OG-367", "block": 28, "area_m2": 446.9, "acres": 0.1104}, "geometry": {"type": "Polygon", "coordinates": [[[36.987674855, -1.062386334], [36.987783802, -1.062292537], [36.987947286, -1.062484928], [36.98783834, -1.062578725], [36.987674855, -1.062386334]]]}}, {"type": "Feature", "properties": {"ref": "OG-368", "block": 28, "area_m2": 446.9, "acres": 0.1104}, "geometry": {"type": "Polygon", "coordinates": [[[36.987947286, -1.062484928], [36.988056233, -1.062391131], [36.988219718, -1.062583522], [36.988110771, -1.062677319], [36.987947286, -1.062484928]]]}}, {"type": "Feature", "properties": {"ref": "OG-369", "block": 28, "area_m2": 446.9, "acres": 0.1104}, "geometry": {"type": "Polygon", "coordinates": [[[36.987783802, -1.062292537], [36.987892748, -1.06219874], [36.988056233, -1.062391131], [36.987947286, -1.062484928], [36.987783802, -1.062292537]]]}}, {"type": "Feature", "properties": {"ref": "OG-370", "block": 28, "area_m2": 446.9, "acres": 0.1104}, "geometry": {"type": "Polygon", "coordinates": [[[36.988056233, -1.062391131], [36.988165179, -1.062297334], [36.988328664, -1.062489725], [36.988219718, -1.062583522], [36.988056233, -1.062391131]]]}}, {"type": "Feature", "properties": {"ref": "OG-371", "block": 28, "area_m2": 446.9, "acres": 0.1104}, "geometry": {"type": "Polygon", "coordinates": [[[36.987892748, -1.06219874], [36.988001694, -1.062104943], [36.988165179, -1.062297334], [36.988056233, -1.062391131], [36.987892748, -1.06219874]]]}}, {"type": "Feature", "properties": {"ref": "OG-372", "block": 28, "area_m2": 446.9, "acres": 0.1104}, "geometry": {"type": "Polygon", "coordinates": [[[36.988165179, -1.062297334], [36.988274126, -1.062203537], [36.988437611, -1.062395928], [36.988328664, -1.062489725], [36.988165179, -1.062297334]]]}}, {"type": "Feature", "properties": {"ref": "OG-373", "block": 28, "area_m2": 446.9, "acres": 0.1104}, "geometry": {"type": "Polygon", "coordinates": [[[36.988001694, -1.062104943], [36.988110641, -1.062011146], [36.988274126, -1.062203537], [36.988165179, -1.062297334], [36.988001694, -1.062104943]]]}}, {"type": "Feature", "properties": {"ref": "OG-374", "block": 28, "area_m2": 446.9, "acres": 0.1104}, "geometry": {"type": "Polygon", "coordinates": [[[36.988274126, -1.062203537], [36.988383072, -1.06210974], [36.988546557, -1.062302131], [36.988437611, -1.062395928], [36.988274126, -1.062203537]]]}}, {"type": "Feature", "properties": {"ref": "OG-375", "block": 28, "area_m2": 446.9, "acres": 0.1104}, "geometry": {"type": "Polygon", "coordinates": [[[36.988110641, -1.062011146], [36.988219587, -1.061917349], [36.988383072, -1.06210974], [36.988274126, -1.062203537], [36.988110641, -1.062011146]]]}}, {"type": "Feature", "properties": {"ref": "OG-376", "block": 28, "area_m2": 446.9, "acres": 0.1104}, "geometry": {"type": "Polygon", "coordinates": [[[36.988383072, -1.06210974], [36.988492017, -1.062015944], [36.988655502, -1.062208335], [36.988546557, -1.062302131], [36.988383072, -1.06210974]]]}}, {"type": "Feature", "properties": {"ref": "OG-377", "block": 28, "area_m2": 446.9, "acres": 0.1104}, "geometry": {"type": "Polygon", "coordinates": [[[36.988219587, -1.061917349], [36.988328533, -1.061823553], [36.988492017, -1.062015944], [36.988383072, -1.06210974], [36.988219587, -1.061917349]]]}}, {"type": "Feature", "properties": {"ref": "OG-378", "block": 28, "area_m2": 472.1, "acres": 0.1167}, "geometry": {"type": "Polygon", "coordinates": [[[36.988311016, -1.06180294], [36.988406473, -1.061720757], [36.98860447, -1.061919129], [36.988492017, -1.062015944], [36.988328533, -1.061823553], [36.988311016, -1.06180294]]]}}, {"type": "Feature", "properties": {"ref": "OG-379", "block": 28, "area_m2": 531.3, "acres": 0.1313}, "geometry": {"type": "Polygon", "coordinates": [[[36.988492017, -1.062015944], [36.98860447, -1.061919129], [36.988802467, -1.0621175], [36.988713976, -1.062193686], [36.98869646, -1.062173073], [36.988655502, -1.062208335], [36.988492017, -1.062015944]]]}}, {"type": "Feature", "properties": {"ref": "OG-380", "block": 52, "area_m2": 468.4, "acres": 0.1157}, "geometry": {"type": "Polygon", "coordinates": [[[36.991618976, -1.062655004], [36.991754317, -1.062534424], [36.991889878, -1.062700802], [36.991784805, -1.062794415], [36.991728903, -1.062789922], [36.991618976, -1.062655004]]]}}, {"type": "Feature", "properties": {"ref": "OG-381", "block": 52, "area_m2": 468.4, "acres": 0.1157}, "geometry": {"type": "Polygon", "coordinates": [[[36.991513682, -1.062461657], [36.991618755, -1.062368044], [36.991754317, -1.062534424], [36.991618976, -1.062655004], [36.991509047, -1.062520084], [36.991513682, -1.062461657]]]}}, {"type": "Feature", "properties": {"ref": "OG-382", "block": 52, "area_m2": 449.2, "acres": 0.111}, "geometry": {"type": "Polygon", "coordinates": [[[36.991754317, -1.062534424], [36.991881358, -1.062421239], [36.992016919, -1.062587618], [36.991889878, -1.062700802], [36.991754317, -1.062534424]]]}}, {"type": "Feature", "properties": {"ref": "OG-383", "block": 52, "area_m2": 449.2, "acres": 0.111}, "geometry": {"type": "Polygon", "coordinates": [[[36.991618755, -1.062368044], [36.991745796, -1.062254859], [36.991881358, -1.062421239], [36.991754317, -1.062534424], [36.991618755, -1.062368044]]]}}, {"type": "Feature", "properties": {"ref": "OG-384", "block": 52, "area_m2": 449.2, "acres": 0.111}, "geometry": {"type": "Polygon", "coordinates": [[[36.991881358, -1.062421239], [36.992008398, -1.062308055], [36.992143959, -1.062474433], [36.992016919, -1.062587618], [36.991881358, -1.062421239]]]}}, {"type": "Feature", "properties": {"ref": "OG-385", "block": 52, "area_m2": 449.2, "acres": 0.111}, "geometry": {"type": "Polygon", "coordinates": [[[36.991745796, -1.062254859], [36.991872836, -1.062141675], [36.992008398, -1.062308055], [36.991881358, -1.062421239], [36.991745796, -1.062254859]]]}}, {"type": "Feature", "properties": {"ref": "OG-386", "block": 52, "area_m2": 449.2, "acres": 0.111}, "geometry": {"type": "Polygon", "coordinates": [[[36.992008398, -1.062308055], [36.992135439, -1.062194871], [36.992271, -1.062361249], [36.992143959, -1.062474433], [36.992008398, -1.062308055]]]}}, {"type": "Feature", "properties": {"ref": "OG-387", "block": 52, "area_m2": 449.2, "acres": 0.111}, "geometry": {"type": "Polygon", "coordinates": [[[36.991872836, -1.062141675], [36.991999877, -1.062028491], [36.992135439, -1.062194871], [36.992008398, -1.062308055], [36.991872836, -1.062141675]]]}}, {"type": "Feature", "properties": {"ref": "OG-388", "block": 52, "area_m2": 449.2, "acres": 0.111}, "geometry": {"type": "Polygon", "coordinates": [[[36.992135439, -1.062194871], [36.992262479, -1.062081686], [36.99239804, -1.062248065], [36.992271, -1.062361249], [36.992135439, -1.062194871]]]}}, {"type": "Feature", "properties": {"ref": "OG-389", "block": 52, "area_m2": 449.2, "acres": 0.111}, "geometry": {"type": "Polygon", "coordinates": [[[36.991999877, -1.062028491], [36.992126917, -1.061915306], [36.992262479, -1.062081686], [36.992135439, -1.062194871], [36.991999877, -1.062028491]]]}}, {"type": "Feature", "properties": {"ref": "OG-390", "block": 52, "area_m2": 666.3, "acres": 0.1646}, "geometry": {"type": "Polygon", "coordinates": [[[36.992262479, -1.062081686], [36.992445719, -1.061918432], [36.992568777, -1.062041722], [36.992567158, -1.062097393], [36.99239804, -1.062248065], [36.992262479, -1.062081686]]]}}, {"type": "Feature", "properties": {"ref": "OG-391", "block": 52, "area_m2": 609.2, "acres": 0.1505}, "geometry": {"type": "Polygon", "coordinates": [[[36.992322661, -1.06179514], [36.992445719, -1.061918432], [36.992262479, -1.062081686], [36.992126917, -1.061915306], [36.992263743, -1.061793404], [36.992322661, -1.06179514]]]}}, {"type": "Feature", "properties": {"ref": "OG-392", "block": 2, "area_m2": 447.7, "acres": 0.1106}, "geometry": {"type": "Polygon", "coordinates": [[[36.984339004, -1.063226785], [36.984559982, -1.063054453], [36.984639136, -1.063157287], [36.984418158, -1.063329619], [36.984339004, -1.063226785]]]}}, {"type": "Feature", "properties": {"ref": "OG-393", "block": 2, "area_m2": 447.7, "acres": 0.1106}, "geometry": {"type": "Polygon", "coordinates": [[[36.984418158, -1.063329619], [36.984639136, -1.063157287], [36.984718289, -1.063260121], [36.984497312, -1.063432453], [36.984418158, -1.063329619]]]}}, {"type": "Feature", "properties": {"ref": "OG-394", "block": 2, "area_m2": 447.7, "acres": 0.1106}, "geometry": {"type": "Polygon", "coordinates": [[[36.98425985, -1.063123951], [36.984480828, -1.062951619], [36.984559982, -1.063054453], [36.984339004, -1.063226785], [36.98425985, -1.063123951]]]}}, {"type": "Feature", "properties": {"ref": "OG-395", "block": 2, "area_m2": 447.7, "acres": 0.1106}, "geometry": {"type": "Polygon", "coordinates": [[[36.984497312, -1.063432453], [36.984718289, -1.063260121], [36.984797443, -1.063362955], [36.984576466, -1.063535288], [36.984497312, -1.063432453]]]}}, {"type": "Feature", "properties": {"ref": "OG-396", "block": 2, "area_m2": 447.7, "acres": 0.1106}, "geometry": {"type": "Polygon", "coordinates": [[[36.984180424, -1.063020764], [36.984398667, -1.062850565], [36.984445141, -1.062905256], [36.984480828, -1.062951619], [36.98425985, -1.063123951], [36.984180424, -1.063020764]]]}}, {"type": "Feature", "properties": {"ref": "OG-397", "block": 2, "area_m2": 447.7, "acres": 0.1106}, "geometry": {"type": "Polygon", "coordinates": [[[36.984576466, -1.063535288], [36.984797443, -1.063362955], [36.984876597, -1.063465789], [36.98465562, -1.063638122], [36.984576466, -1.063535288]]]}}, {"type": "Feature", "properties": {"ref": "OG-398", "block": 2, "area_m2": 447.9, "acres": 0.1107}, "geometry": {"type": "Polygon", "coordinates": [[[36.984099317, -1.062915392], [36.984312488, -1.062749148], [36.984398667, -1.062850565], [36.984180424, -1.063020764], [36.984099317, -1.062915392]]]}}, {"type": "Feature", "properties": {"ref": "OG-399", "block": 2, "area_m2": 447.7, "acres": 0.1106}, "geometry": {"type": "Polygon", "coordinates": [[[36.98465562, -1.063638122], [36.984876597, -1.063465789], [36.984955751, -1.063568624], [36.984734773, -1.063740956], [36.98465562, -1.063638122]]]}}, {"type": "Feature", "properties": {"ref": "OG-400", "block": 2, "area_m2": 447.8, "acres": 0.1107}, "geometry": {"type": "Polygon", "coordinates": [[[36.984016238, -1.06280746], [36.984224215, -1.062645267], [36.984312488, -1.062749148], [36.984099317, -1.062915392], [36.984016238, -1.06280746]]]}}, {"type": "Feature", "properties": {"ref": "OG-401", "block": 2, "area_m2": 447.8, "acres": 0.1106}, "geometry": {"type": "Polygon", "coordinates": [[[36.983931041, -1.062696774], [36.98413369, -1.062538736], [36.984224215, -1.062645267], [36.984016238, -1.06280746], [36.983931041, -1.062696774]]]}}, {"type": "Feature", "properties": {"ref": "OG-402", "block": 2, "area_m2": 823.7, "acres": 0.2035}, "geometry": {"type": "Polygon", "coordinates": [[[36.983828524, -1.062494913], [36.984053648, -1.062319348], [36.984150218, -1.062432994], [36.984088782, -1.062485887], [36.98413369, -1.062538736], [36.983931041, -1.062696774], [36.983832398, -1.062568621], [36.983828524, -1.062494913]]]}}, {"type": "Feature", "properties": {"ref": "OG-403", "block": 2, "area_m2": 460.9, "acres": 0.1139}, "geometry": {"type": "Polygon", "coordinates": [[[36.984282299, -1.062588428], [36.984449823, -1.062457782], [36.98456654, -1.062595135], [36.984430969, -1.062700862], [36.984372741, -1.062694862], [36.98437271, -1.062694825], [36.984282299, -1.062588428]]]}}, {"type": "Feature", "properties": {"ref": "OG-404", "block": 2, "area_m2": 461.4, "acres": 0.114}, "geometry": {"type": "Polygon", "coordinates": [[[36.984167969, -1.062453882], [36.984335493, -1.062323236], [36.984449823, -1.062457782], [36.984282299, -1.062588428], [36.984192893, -1.062483214], [36.984167969, -1.062453882]]]}}, {"type": "Feature", "properties": {"ref": "OG-405", "block": 2, "area_m2": 562.3, "acres": 0.1389}, "geometry": {"type": "Polygon", "coordinates": [[[36.984053648, -1.062319348], [36.983828524, -1.062494913], [36.983825379, -1.062435067], [36.984032939, -1.062096933], [36.984074778, -1.06214617], [36.984154862, -1.062240414], [36.984053648, -1.062319348]]]}}, {"type": "Feature", "properties": {"ref": "OG-406", "block": 2, "area_m2": 461.4, "acres": 0.114}, "geometry": {"type": "Polygon", "coordinates": [[[36.984053648, -1.062319348], [36.984154862, -1.062240414], [36.984221172, -1.062188702], [36.984335493, -1.062323236], [36.984167969, -1.062453882], [36.984150218, -1.062432994], [36.984053648, -1.062319348]]]}}, {"type": "Feature", "properties": {"ref": "OG-407", "block": 2, "area_m2": 461.1, "acres": 0.1139}, "geometry": {"type": "Polygon", "coordinates": [[[36.984449823, -1.062457782], [36.984617405, -1.062327091], [36.984707847, -1.062433525], [36.984702167, -1.062489364], [36.98456654, -1.062595135], [36.984449823, -1.062457782]]]}}, {"type": "Feature", "properties": {"ref": "OG-408", "block": 2, "area_m2": 461.6, "acres": 0.1141}, "geometry": {"type": "Polygon", "coordinates": [[[36.984335493, -1.062323236], [36.984503074, -1.062192546], [36.984617405, -1.062327091], [36.984449823, -1.062457782], [36.984335493, -1.062323236]]]}}, {"type": "Feature", "properties": {"ref": "OG-409", "block": 2, "area_m2": 461.5, "acres": 0.1141}, "geometry": {"type": "Polygon", "coordinates": [[[36.984221172, -1.062188702], [36.984388753, -1.062058011], [36.984503074, -1.062192546], [36.984335493, -1.062323236], [36.984221172, -1.062188702]]]}}, {"type": "Feature", "properties": {"ref": "OG-410", "block": 2, "area_m2": 451.3, "acres": 0.1115}, "geometry": {"type": "Polygon", "coordinates": [[[36.984074778, -1.06214617], [36.984308669, -1.061963767], [36.984388753, -1.062058011], [36.984221172, -1.062188702], [36.984154862, -1.062240414], [36.984074778, -1.06214617]]]}}, {"type": "Feature", "properties": {"ref": "OG-411", "block": 2, "area_m2": 470.5, "acres": 0.1163}, "geometry": {"type": "Polygon", "coordinates": [[[36.984301288, -1.061955081], [36.984308669, -1.061963767], [36.984074778, -1.06214617], [36.984032939, -1.062096933], [36.984146106, -1.061912576], [36.984228959, -1.061828231], [36.984321767, -1.06193745], [36.984301288, -1.061955081]]]}}, {"type": "Feature", "properties": {"ref": "OG-412", "block": 13, "area_m2": 895.9, "acres": 0.2214}, "geometry": {"type": "Polygon", "coordinates": [[[36.986176979, -1.062852391], [36.986381256, -1.06267652], [36.986556048, -1.062882217], [36.986351771, -1.063058088], [36.986176979, -1.062852391]]]}}, {"type": "Feature", "properties": {"ref": "OG-413", "block": 13, "area_m2": 895.9, "acres": 0.2214}, "geometry": {"type": "Polygon", "coordinates": [[[36.986002188, -1.062646694], [36.986206465, -1.062470823], [36.986381256, -1.06267652], [36.986176979, -1.062852391], [36.986002188, -1.062646694]]]}}, {"type": "Feature", "properties": {"ref": "OG-414", "block": 13, "area_m2": 896.0, "acres": 0.2214}, "geometry": {"type": "Polygon", "coordinates": [[[36.986351771, -1.063058088], [36.986556048, -1.062882217], [36.986732844, -1.063090273], [36.986559285, -1.063239697], [36.986502292, -1.063235224], [36.986351771, -1.063058088]]]}}, {"type": "Feature", "properties": {"ref": "OG-415", "block": 13, "area_m2": 888.5, "acres": 0.2195}, "geometry": {"type": "Polygon", "coordinates": [[[36.985852911, -1.062416731], [36.986030545, -1.062263798], [36.986206465, -1.062470823], [36.986002188, -1.062646694], [36.98586562, -1.062485979], [36.985852911, -1.062416731]]]}}, {"type": "Feature", "properties": {"ref": "OG-416", "block": 13, "area_m2": 895.8, "acres": 0.2214}, "geometry": {"type": "Polygon", "coordinates": [[[36.986381256, -1.06267652], [36.986585532, -1.06250065], [36.986760324, -1.062706346], [36.986556048, -1.062882217], [36.986381256, -1.06267652]]]}}, {"type": "Feature", "properties": {"ref": "OG-417", "block": 13, "area_m2": 895.8, "acres": 0.2214}, "geometry": {"type": "Polygon", "coordinates": [[[36.986206465, -1.062470823], [36.986410741, -1.062294953], [36.986585532, -1.06250065], [36.986381256, -1.06267652], [36.986206465, -1.062470823]]]}}, {"type": "Feature", "properties": {"ref": "OG-418", "block": 13, "area_m2": 896.0, "acres": 0.2214}, "geometry": {"type": "Polygon", "coordinates": [[[36.986556048, -1.062882217], [36.986760324, -1.062706346], [36.986910845, -1.062883482], [36.986906401, -1.062940849], [36.986732844, -1.063090273], [36.986556048, -1.062882217]]]}}, {"type": "Feature", "properties": {"ref": "OG-419", "block": 13, "area_m2": 901.6, "acres": 0.2228}, "geometry": {"type": "Polygon", "coordinates": [[[36.986030545, -1.062263798], [36.986234821, -1.062087928], [36.986410741, -1.062294953], [36.986206465, -1.062470823], [36.986030545, -1.062263798]]]}}, {"type": "Feature", "properties": {"ref": "OG-420", "block": 13, "area_m2": 889.3, "acres": 0.2198}, "geometry": {"type": "Polygon", "coordinates": [[[36.986030545, -1.062263798], [36.985852911, -1.062416731], [36.986033796, -1.061905651], [36.986073636, -1.061898243], [36.986234821, -1.062087928], [36.986030545, -1.062263798]]]}}, {"type": "Feature", "properties": {"ref": "OG-421", "block": 22, "area_m2": 896.7, "acres": 0.2216}, "geometry": {"type": "Polygon", "coordinates": [[[36.986852281, -1.06268937], [36.987099361, -1.062476648], [36.987245636, -1.062648787], [36.987029275, -1.062835062], [36.986972282, -1.062830589], [36.986852281, -1.06268937]]]}}, {"type": "Feature", "properties": {"ref": "OG-422", "block": 22, "area_m2": 895.9, "acres": 0.2214}, "geometry": {"type": "Polygon", "coordinates": [[[36.987099361, -1.062476648], [36.986852281, -1.06268937], [36.986732403, -1.062548296], [36.986736847, -1.062490929], [36.986953208, -1.062304654], [36.987099361, -1.062476648]]]}}, {"type": "Feature", "properties": {"ref": "OG-423", "block": 22, "area_m2": 896.6, "acres": 0.2216}, "geometry": {"type": "Polygon", "coordinates": [[[36.987099361, -1.062476648], [36.987343678, -1.062266304], [36.987489954, -1.062438443], [36.987245636, -1.062648787], [36.987099361, -1.062476648]]]}}, {"type": "Feature", "properties": {"ref": "OG-424", "block": 22, "area_m2": 895.9, "acres": 0.2214}, "geometry": {"type": "Polygon", "coordinates": [[[36.986953208, -1.062304654], [36.987197526, -1.06209431], [36.987343678, -1.062266304], [36.987099361, -1.062476648], [36.986953208, -1.062304654]]]}}, {"type": "Feature", "properties": {"ref": "OG-425", "block": 22, "area_m2": 895.9, "acres": 0.2214}, "geometry": {"type": "Polygon", "coordinates": [[[36.987197526, -1.06209431], [36.987277932, -1.062025084], [36.987337299, -1.062027341], [36.987599888, -1.062290427], [36.987597819, -1.062345577], [36.987489954, -1.062438443], [36.987343678, -1.062266304], [36.987197526, -1.06209431]]]}}, {"type": "Feature", "properties": {"ref": "OG-426", "block": 31, "area_m2": 449.0, "acres": 0.1109}, "geometry": {"type": "Polygon", "coordinates": [[[36.987900226, -1.063322606], [36.988004696, -1.063232664], [36.988179858, -1.063438798], [36.988106107, -1.063502293], [36.988049114, -1.06349782], [36.987900226, -1.063322606]]]}}, {"type": "Feature", "properties": {"ref": "OG-427", "block": 31, "area_m2": 449.0, "acres": 0.1109}, "geometry": {"type": "Polygon", "coordinates": [[[36.987900226, -1.063322606], [36.987751338, -1.063147393], [36.987755783, -1.063090026], [36.987829533, -1.063026531], [36.988004696, -1.063232664], [36.987900226, -1.063322606]]]}}, {"type": "Feature", "properties": {"ref": "OG-428", "block": 31, "area_m2": 449.0, "acres": 0.1109}, "geometry": {"type": "Polygon", "coordinates": [[[36.988004696, -1.063232664], [36.98810686, -1.063144707], [36.988282022, -1.06335084], [36.988179858, -1.063438798], [36.988004696, -1.063232664]]]}}, {"type": "Feature", "properties": {"ref": "OG-429", "block": 31, "area_m2": 449.0, "acres": 0.1109}, "geometry": {"type": "Polygon", "coordinates": [[[36.987829533, -1.063026531], [36.987931697, -1.062938573], [36.98810686, -1.063144707], [36.988004696, -1.063232664], [36.987829533, -1.063026531]]]}}, {"type": "Feature", "properties": {"ref": "OG-430", "block": 31, "area_m2": 449.0, "acres": 0.1109}, "geometry": {"type": "Polygon", "coordinates": [[[36.98810686, -1.063144707], [36.988209024, -1.063056749], [36.988384186, -1.063262882], [36.988282022, -1.06335084], [36.98810686, -1.063144707]]]}}, {"type": "Feature", "properties": {"ref": "OG-431", "block": 31, "area_m2": 449.0, "acres": 0.1109}, "geometry": {"type": "Polygon", "coordinates": [[[36.987931697, -1.062938573], [36.988033861, -1.062850616], [36.988209024, -1.063056749], [36.98810686, -1.063144707], [36.987931697, -1.062938573]]]}}, {"type": "Feature", "properties": {"ref": "OG-432", "block": 31, "area_m2": 449.0, "acres": 0.1109}, "geometry": {"type": "Polygon", "coordinates": [[[36.988209024, -1.063056749], [36.988311188, -1.062968791], [36.98848635, -1.063174925], [36.988384186, -1.063262882], [36.988209024, -1.063056749]]]}}, {"type": "Feature", "properties": {"ref": "OG-433", "block": 31, "area_m2": 449.0, "acres": 0.1109}, "geometry": {"type": "Polygon", "coordinates": [[[36.988033861, -1.062850616], [36.988136026, -1.062762658], [36.988311188, -1.062968791], [36.988209024, -1.063056749], [36.988033861, -1.062850616]]]}}, {"type": "Feature", "properties": {"ref": "OG-434", "block": 31, "area_m2": 449.0, "acres": 0.1109}, "geometry": {"type": "Polygon", "coordinates": [[[36.988311188, -1.062968791], [36.988413352, -1.062880834], [36.988588514, -1.063086967], [36.98848635, -1.063174925], [36.988311188, -1.062968791]]]}}, {"type": "Feature", "properties": {"ref": "OG-435", "block": 31, "area_m2": 449.0, "acres": 0.1109}, "geometry": {"type": "Polygon", "coordinates": [[[36.988136026, -1.062762658], [36.98823819, -1.0626747], [36.988413352, -1.062880834], [36.988311188, -1.062968791], [36.988136026, -1.062762658]]]}}, {"type": "Feature", "properties": {"ref": "OG-436", "block": 31, "area_m2": 449.0, "acres": 0.1109}, "geometry": {"type": "Polygon", "coordinates": [[[36.988413352, -1.062880834], [36.988515516, -1.062792876], [36.988690679, -1.062999009], [36.988588514, -1.063086967], [36.988413352, -1.062880834]]]}}, {"type": "Feature", "properties": {"ref": "OG-437", "block": 31, "area_m2": 449.0, "acres": 0.1109}, "geometry": {"type": "Polygon", "coordinates": [[[36.98823819, -1.0626747], [36.988340354, -1.062586743], [36.988515516, -1.062792876], [36.988413352, -1.062880834], [36.98823819, -1.0626747]]]}}, {"type": "Feature", "properties": {"ref": "OG-438", "block": 31, "area_m2": 449.0, "acres": 0.1109}, "geometry": {"type": "Polygon", "coordinates": [[[36.988515516, -1.062792876], [36.98861768, -1.062704918], [36.988792843, -1.062911051], [36.988690679, -1.062999009], [36.988515516, -1.062792876]]]}}, {"type": "Feature", "properties": {"ref": "OG-439", "block": 31, "area_m2": 449.0, "acres": 0.1109}, "geometry": {"type": "Polygon", "coordinates": [[[36.988340354, -1.062586743], [36.988442518, -1.062498785], [36.98861768, -1.062704918], [36.988515516, -1.062792876], [36.988340354, -1.062586743]]]}}, {"type": "Feature", "properties": {"ref": "OG-440", "block": 31, "area_m2": 449.0, "acres": 0.1109}, "geometry": {"type": "Polygon", "coordinates": [[[36.98861768, -1.062704918], [36.988719844, -1.06261696], [36.988895007, -1.062823094], [36.988792843, -1.062911051], [36.98861768, -1.062704918]]]}}, {"type": "Feature", "properties": {"ref": "OG-441", "block": 31, "area_m2": 449.0, "acres": 0.1109}, "geometry": {"type": "Polygon", "coordinates": [[[36.988442518, -1.062498785], [36.988544682, -1.062410827], [36.988719844, -1.06261696], [36.98861768, -1.062704918], [36.988442518, -1.062498785]]]}}, {"type": "Feature", "properties": {"ref": "OG-442", "block": 31, "area_m2": 449.0, "acres": 0.1109}, "geometry": {"type": "Polygon", "coordinates": [[[36.988719844, -1.06261696], [36.988822008, -1.062529003], [36.988997171, -1.062735136], [36.988895007, -1.062823094], [36.988719844, -1.06261696]]]}}, {"type": "Feature", "properties": {"ref": "OG-443", "block": 31, "area_m2": 449.0, "acres": 0.1109}, "geometry": {"type": "Polygon", "coordinates": [[[36.988544682, -1.062410827], [36.988646846, -1.062322869], [36.988822008, -1.062529003], [36.988719844, -1.06261696], [36.988544682, -1.062410827]]]}}, {"type": "Feature", "properties": {"ref": "OG-444", "block": 31, "area_m2": 449.0, "acres": 0.1109}, "geometry": {"type": "Polygon", "coordinates": [[[36.988822008, -1.062529003], [36.988924171, -1.062441046], [36.989099334, -1.062647179], [36.988997171, -1.062735136], [36.988822008, -1.062529003]]]}}, {"type": "Feature", "properties": {"ref": "OG-445", "block": 31, "area_m2": 449.0, "acres": 0.1109}, "geometry": {"type": "Polygon", "coordinates": [[[36.988646846, -1.062322869], [36.988749009, -1.062234913], [36.988924171, -1.062441046], [36.988822008, -1.062529003], [36.988646846, -1.062322869]]]}}, {"type": "Feature", "properties": {"ref": "OG-446", "block": 31, "area_m2": 479.5, "acres": 0.1185}, "geometry": {"type": "Polygon", "coordinates": [[[36.988749009, -1.062234913], [36.988731493, -1.062214299], [36.988821628, -1.062136698], [36.989032399, -1.062347868], [36.988924171, -1.062441046], [36.988749009, -1.062234913]]]}}, {"type": "Feature", "properties": {"ref": "OG-447", "block": 31, "area_m2": 566.9, "acres": 0.1401}, "geometry": {"type": "Polygon", "coordinates": [[[36.988924171, -1.062441046], [36.989032399, -1.062347868], [36.98924317, -1.062559038], [36.98911685, -1.062667792], [36.989099334, -1.062647179], [36.988924171, -1.062441046]]]}}, {"type": "Feature", "properties": {"ref": "OG-448", "block": 5, "area_m2": 431.2, "acres": 0.1066}, "geometry": {"type": "Polygon", "coordinates": [[[36.984623318, -1.063003872], [36.984727429, -1.06292268], [36.984893033, -1.063137827], [36.984820876, -1.0631941], [36.984764165, -1.063186856], [36.984623318, -1.063003872]]]}}, {"type": "Feature", "properties": {"ref": "OG-449", "block": 5, "area_m2": 440.9, "acres": 0.1089}, "geometry": {"type": "Polygon", "coordinates": [[[36.984483579, -1.062762774], [36.984559045, -1.062703921], [36.984727429, -1.06292268], [36.984623318, -1.063003872], [36.98450785, -1.06285386], [36.9844779, -1.062818614], [36.984483579, -1.062762774]]]}}, {"type": "Feature", "properties": {"ref": "OG-450", "block": 5, "area_m2": 431.2, "acres": 0.1066}, "geometry": {"type": "Polygon", "coordinates": [[[36.984727429, -1.06292268], [36.98482915, -1.062843351], [36.984994755, -1.063058498], [36.984893033, -1.063137827], [36.984727429, -1.06292268]]]}}, {"type": "Feature", "properties": {"ref": "OG-451", "block": 5, "area_m2": 438.4, "acres": 0.1083}, "geometry": {"type": "Polygon", "coordinates": [[[36.984559045, -1.062703921], [36.984660767, -1.062624592], [36.98482915, -1.062843351], [36.984727429, -1.06292268], [36.984559045, -1.062703921]]]}}, {"type": "Feature", "properties": {"ref": "OG-452", "block": 5, "area_m2": 431.2, "acres": 0.1066}, "geometry": {"type": "Polygon", "coordinates": [[[36.98482915, -1.062843351], [36.984930872, -1.062764022], [36.985096476, -1.062979169], [36.984994755, -1.063058498], [36.98482915, -1.062843351]]]}}, {"type": "Feature", "properties": {"ref": "OG-453", "block": 5, "area_m2": 438.4, "acres": 0.1083}, "geometry": {"type": "Polygon", "coordinates": [[[36.984660767, -1.062624592], [36.984762488, -1.062545263], [36.984930872, -1.062764022], [36.98482915, -1.062843351], [36.984660767, -1.062624592]]]}}, {"type": "Feature", "properties": {"ref": "OG-454", "block": 5, "area_m2": 431.2, "acres": 0.1066}, "geometry": {"type": "Polygon", "coordinates": [[[36.984930872, -1.062764022], [36.985032594, -1.062684693], [36.985198198, -1.06289984], [36.985096476, -1.062979169], [36.984930872, -1.062764022]]]}}, {"type": "Feature", "properties": {"ref": "OG-455", "block": 5, "area_m2": 438.4, "acres": 0.1083}, "geometry": {"type": "Polygon", "coordinates": [[[36.984762488, -1.062545263], [36.98486421, -1.062465935], [36.985032594, -1.062684693], [36.984930872, -1.062764022], [36.984762488, -1.062545263]]]}}, {"type": "Feature", "properties": {"ref": "OG-456", "block": 5, "area_m2": 431.2, "acres": 0.1066}, "geometry": {"type": "Polygon", "coordinates": [[[36.985032594, -1.062684693], [36.985134316, -1.062605363], [36.985150821, -1.062626805], [36.98529992, -1.06282051], [36.985198198, -1.06289984], [36.985032594, -1.062684693]]]}}, {"type": "Feature", "properties": {"ref": "OG-457", "block": 5, "area_m2": 438.5, "acres": 0.1083}, "geometry": {"type": "Polygon", "coordinates": [[[36.98486421, -1.062465935], [36.984965932, -1.062386605], [36.985134316, -1.062605363], [36.985032594, -1.062684693], [36.98486421, -1.062465935]]]}}, {"type": "Feature", "properties": {"ref": "OG-458", "block": 5, "area_m2": 480.9, "acres": 0.1188}, "geometry": {"type": "Polygon", "coordinates": [[[36.985150821, -1.062626805], [36.985260438, -1.062541319], [36.985412607, -1.062720394], [36.985436397, -1.062748391], [36.985330036, -1.062831338], [36.985313531, -1.062809896], [36.98529992, -1.06282051], [36.985150821, -1.062626805]]]}}, {"type": "Feature", "properties": {"ref": "OG-459", "block": 5, "area_m2": 481.3, "acres": 0.1189}, "geometry": {"type": "Polygon", "coordinates": [[[36.985090263, -1.062341054], [36.985260438, -1.062541319], [36.985150821, -1.062626805], [36.985134316, -1.062605363], [36.984965932, -1.062386605], [36.985032035, -1.062335054], [36.985090263, -1.062341054]]]}}, {"type": "Feature", "properties": {"ref": "OG-460", "block": 1, "area_m2": 704.1, "acres": 0.174}, "geometry": {"type": "Polygon", "coordinates": [[[36.983375109, -1.062762623], [36.983575301, -1.062500351], [36.98367752, -1.06263315], [36.983448871, -1.062932704], [36.983405707, -1.062833177], [36.983375109, -1.062762623]]]}}, {"type": "Feature", "properties": {"ref": "OG-461", "block": 49, "area_m2": 460.3, "acres": 0.1137}, "geometry": {"type": "Polygon", "coordinates": [[[36.990384137, -1.063510804], [36.990537128, -1.0633745], [36.990666222, -1.063503839], [36.990513231, -1.063640143], [36.990384137, -1.063510804]]]}}, {"type": "Feature", "properties": {"ref": "OG-462", "block": 49, "area_m2": 530.8, "acres": 0.1312}, "geometry": {"type": "Polygon", "coordinates": [[[36.990513231, -1.063640143], [36.990666222, -1.063503839], [36.99081793, -1.063655833], [36.990695207, -1.06376517], [36.990636289, -1.063763434], [36.990513231, -1.063640143]]]}}, {"type": "Feature", "properties": {"ref": "OG-463", "block": 49, "area_m2": 460.3, "acres": 0.1138}, "geometry": {"type": "Polygon", "coordinates": [[[36.99028534, -1.063383605], [36.990285272, -1.063354345], [36.990400603, -1.063237717], [36.990537128, -1.0633745], [36.990384137, -1.063510804], [36.990285405, -1.063411885], [36.99028534, -1.063383605]]]}}, {"type": "Feature", "properties": {"ref": "OG-464", "block": 49, "area_m2": 449.2, "acres": 0.111}, "geometry": {"type": "Polygon", "coordinates": [[[36.990666222, -1.063503839], [36.990793267, -1.063390651], [36.990944974, -1.063542646], [36.99081793, -1.063655833], [36.990666222, -1.063503839]]]}}, {"type": "Feature", "properties": {"ref": "OG-465", "block": 49, "area_m2": 2336.3, "acres": 0.5773}, "geometry": {"type": "Polygon", "coordinates": [[[36.990771627, -1.062920197], [36.990878652, -1.063027424], [36.991030359, -1.063179419], [36.990920311, -1.063277464], [36.990793267, -1.063390651], [36.990666222, -1.063503839], [36.990537128, -1.0633745], [36.990400603, -1.063237717], [36.990714461, -1.062920331], [36.990771627, -1.062920197]]]}}, {"type": "Feature", "properties": {"ref": "OG-466", "block": 49, "area_m2": 449.2, "acres": 0.111}, "geometry": {"type": "Polygon", "coordinates": [[[36.990793267, -1.063390651], [36.990920311, -1.063277464], [36.991072018, -1.063429458], [36.990944974, -1.063542646], [36.990793267, -1.063390651]]]}}, {"type": "Feature", "properties": {"ref": "OG-467", "block": 49, "area_m2": 449.1, "acres": 0.111}, "geometry": {"type": "Polygon", "coordinates": [[[36.990920311, -1.063277464], [36.991030359, -1.063179419], [36.991047339, -1.063164291], [36.991199046, -1.063316285], [36.991072018, -1.063429458], [36.990920311, -1.063277464]]]}}, {"type": "Feature", "properties": {"ref": "OG-468", "block": 49, "area_m2": 509.3, "acres": 0.1258}, "geometry": {"type": "Polygon", "coordinates": [[[36.990878652, -1.063027424], [36.991022692, -1.062899094], [36.9911744, -1.063051089], [36.991047339, -1.063164291], [36.991030359, -1.063179419], [36.990878652, -1.063027424]]]}}, {"type": "Feature", "properties": {"ref": "OG-469", "block": 49, "area_m2": 449.2, "acres": 0.111}, "geometry": {"type": "Polygon", "coordinates": [[[36.991047339, -1.063164291], [36.9911744, -1.063051089], [36.991326107, -1.063203083], [36.991199046, -1.063316285], [36.991047339, -1.063164291]]]}}, {"type": "Feature", "properties": {"ref": "OG-470", "block": 49, "area_m2": 449.2, "acres": 0.111}, "geometry": {"type": "Polygon", "coordinates": [[[36.991022692, -1.062899094], [36.991149737, -1.062785907], [36.991301444, -1.062937901], [36.9911744, -1.063051089], [36.991022692, -1.062899094]]]}}, {"type": "Feature", "properties": {"ref": "OG-471", "block": 49, "area_m2": 449.2, "acres": 0.111}, "geometry": {"type": "Polygon", "coordinates": [[[36.9911744, -1.063051089], [36.991301444, -1.062937901], [36.991453151, -1.063089895], [36.991326107, -1.063203083], [36.9911744, -1.063051089]]]}}, {"type": "Feature", "properties": {"ref": "OG-472", "block": 49, "area_m2": 449.2, "acres": 0.111}, "geometry": {"type": "Polygon", "coordinates": [[[36.991149737, -1.062785907], [36.991276781, -1.062672719], [36.991419059, -1.062815267], [36.991428488, -1.062824714], [36.991301444, -1.062937901], [36.991149737, -1.062785907]]]}}, {"type": "Feature", "properties": {"ref": "OG-473", "block": 49, "area_m2": 449.2, "acres": 0.111}, "geometry": {"type": "Polygon", "coordinates": [[[36.991301444, -1.062937901], [36.991428488, -1.062824714], [36.991580196, -1.062976708], [36.991453151, -1.063089895], [36.991301444, -1.062937901]]]}}, {"type": "Feature", "properties": {"ref": "OG-474", "block": 49, "area_m2": 449.1, "acres": 0.111}, "geometry": {"type": "Polygon", "coordinates": [[[36.991276781, -1.062672719], [36.991392565, -1.062569564], [36.991448467, -1.062574057], [36.99154997, -1.062698635], [36.991419059, -1.062815267], [36.991276781, -1.062672719]]]}}, {"type": "Feature", "properties": {"ref": "OG-475", "block": 49, "area_m2": 449.3, "acres": 0.111}, "geometry": {"type": "Polygon", "coordinates": [[[36.991419059, -1.062815267], [36.99154997, -1.062698635], [36.991668323, -1.062843894], [36.991663688, -1.062902322], [36.991580196, -1.062976708], [36.991428488, -1.062824714], [36.991419059, -1.062815267]]]}}, {"type": "Feature", "properties": {"ref": "OG-476", "block": 42, "area_m2": 463.0, "acres": 0.1144}, "geometry": {"type": "Polygon", "coordinates": [[[36.989362739, -1.063074004], [36.989574873, -1.062891368], [36.989668277, -1.062984948], [36.989448125, -1.063174487], [36.989362739, -1.063074004]]]}}, {"type": "Feature", "properties": {"ref": "OG-477", "block": 42, "area_m2": 468.9, "acres": 0.1159}, "geometry": {"type": "Polygon", "coordinates": [[[36.989530507, -1.063271436], [36.9896585, -1.063161241], [36.989808809, -1.063338126], [36.989709806, -1.063419854], [36.989652276, -1.063414735], [36.989530507, -1.063271436]]]}}, {"type": "Feature", "properties": {"ref": "OG-478", "block": 42, "area_m2": 463.0, "acres": 0.1144}, "geometry": {"type": "Polygon", "coordinates": [[[36.989448125, -1.063174487], [36.989668277, -1.062984948], [36.989758395, -1.063075237], [36.9896585, -1.063161241], [36.989530507, -1.063271436], [36.989448125, -1.063174487]]]}}, {"type": "Feature", "properties": {"ref": "OG-479", "block": 42, "area_m2": 463.0, "acres": 0.1144}, "geometry": {"type": "Polygon", "coordinates": [[[36.989274001, -1.062969577], [36.989477803, -1.062794115], [36.989574873, -1.062891368], [36.989362739, -1.063074004], [36.989274001, -1.062969577]]]}}, {"type": "Feature", "properties": {"ref": "OG-480", "block": 42, "area_m2": 463.0, "acres": 0.1144}, "geometry": {"type": "Polygon", "coordinates": [[[36.989181474, -1.06286069], [36.989376588, -1.062692708], [36.989477803, -1.062794115], [36.989274001, -1.062969577], [36.989181474, -1.06286069]]]}}, {"type": "Feature", "properties": {"ref": "OG-481", "block": 42, "area_m2": 463.1, "acres": 0.1144}, "geometry": {"type": "Polygon", "coordinates": [[[36.989376588, -1.062692708], [36.989181474, -1.06286069], [36.989120816, -1.062789307], [36.98912526, -1.06273194], [36.989151883, -1.062709019], [36.989134366, -1.062688406], [36.989262331, -1.062578235], [36.989376588, -1.062692708]]]}}, {"type": "Feature", "properties": {"ref": "OG-482", "block": 42, "area_m2": 456.8, "acres": 0.1129}, "geometry": {"type": "Polygon", "coordinates": [[[36.9896585, -1.063161241], [36.989758395, -1.063075237], [36.989944226, -1.06326142], [36.989826329, -1.063358744], [36.989808809, -1.063338126], [36.9896585, -1.063161241]]]}}, {"type": "Feature", "properties": {"ref": "OG-483", "block": 11, "area_m2": 1799.9, "acres": 0.4448}, "geometry": {"type": "Polygon", "coordinates": [[[36.985782698, -1.062947267], [36.98599552, -1.06276404], [36.986332608, -1.06316073], [36.986119786, -1.063343958], [36.985951235, -1.063145604], [36.985782698, -1.062947267]]]}}, {"type": "Feature", "properties": {"ref": "OG-484", "block": 11, "area_m2": 905.4, "acres": 0.2237}, "geometry": {"type": "Polygon", "coordinates": [[[36.986119786, -1.063343958], [36.986332608, -1.06316073], [36.986502162, -1.063360264], [36.98628934, -1.063543492], [36.986119786, -1.063343958]]]}}, {"type": "Feature", "properties": {"ref": "OG-485", "block": 11, "area_m2": 900.0, "acres": 0.2224}, "geometry": {"type": "Polygon", "coordinates": [[[36.98599552, -1.06276404], [36.985782698, -1.062947267], [36.985636629, -1.062775371], [36.985641073, -1.062718004], [36.985792458, -1.06258767], [36.98584945, -1.062592143], [36.98599552, -1.06276404]]]}}, {"type": "Feature", "properties": {"ref": "OG-486", "block": 23, "area_m2": 4776.3, "acres": 1.1802}, "geometry": {"type": "Polygon", "coordinates": [[[36.987234636, -1.06339593], [36.986664093, -1.063887134], [36.986575438, -1.063880176], [36.986306857, -1.063564105], [36.986513001, -1.063386626], [36.986925183, -1.063031761], [36.987234636, -1.06339593]]]}}, {"type": "Feature", "properties": {"ref": "OG-487", "block": 23, "area_m2": 2766.5, "acres": 0.6836}, "geometry": {"type": "Polygon", "coordinates": [[[36.986925183, -1.063031761], [36.987253391, -1.062749192], [36.987310384, -1.062753665], [36.987567288, -1.063055994], [36.987562844, -1.06311336], [36.987234636, -1.06339593], [36.986925183, -1.063031761]]]}}, {"type": "Feature", "properties": {"ref": "OG-488", "block": 7, "area_m2": 440.3, "acres": 0.1088}, "geometry": {"type": "Polygon", "coordinates": [[[36.984997922, -1.063490545], [36.985108261, -1.063404496], [36.985267746, -1.063611694], [36.985189361, -1.063672824], [36.985132651, -1.06366558], [36.984997922, -1.063490545]]]}}, {"type": "Feature", "properties": {"ref": "OG-489", "block": 7, "area_m2": 440.3, "acres": 0.1088}, "geometry": {"type": "Polygon", "coordinates": [[[36.984997922, -1.063490545], [36.984863193, -1.06331551], [36.98487039, -1.063258427], [36.984948775, -1.063197297], [36.985108261, -1.063404496], [36.984997922, -1.063490545]]]}}, {"type": "Feature", "properties": {"ref": "OG-490", "block": 7, "area_m2": 440.3, "acres": 0.1088}, "geometry": {"type": "Polygon", "coordinates": [[[36.985108261, -1.063404496], [36.985216118, -1.063320383], [36.985375603, -1.06352758], [36.985267746, -1.063611694], [36.985108261, -1.063404496]]]}}, {"type": "Feature", "properties": {"ref": "OG-491", "block": 7, "area_m2": 440.3, "acres": 0.1088}, "geometry": {"type": "Polygon", "coordinates": [[[36.984948775, -1.063197297], [36.985056632, -1.063113183], [36.985216118, -1.063320383], [36.985108261, -1.063404496], [36.984948775, -1.063197297]]]}}, {"type": "Feature", "properties": {"ref": "OG-492", "block": 7, "area_m2": 440.3, "acres": 0.1088}, "geometry": {"type": "Polygon", "coordinates": [[[36.985216118, -1.063320383], [36.985323975, -1.063236269], [36.985483461, -1.063443467], [36.985375603, -1.06352758], [36.985216118, -1.063320383]]]}}, {"type": "Feature", "properties": {"ref": "OG-493", "block": 7, "area_m2": 440.3, "acres": 0.1088}, "geometry": {"type": "Polygon", "coordinates": [[[36.985056632, -1.063113183], [36.985164489, -1.06302907], [36.985323975, -1.063236269], [36.985216118, -1.063320383], [36.985056632, -1.063113183]]]}}, {"type": "Feature", "properties": {"ref": "OG-494", "block": 7, "area_m2": 440.3, "acres": 0.1088}, "geometry": {"type": "Polygon", "coordinates": [[[36.985323975, -1.063236269], [36.985431836, -1.063152152], [36.985435218, -1.063156546], [36.985517898, -1.063263961], [36.985591321, -1.06335935], [36.985483461, -1.063443467], [36.985323975, -1.063236269]]]}}, {"type": "Feature", "properties": {"ref": "OG-495", "block": 7, "area_m2": 440.3, "acres": 0.1088}, "geometry": {"type": "Polygon", "coordinates": [[[36.985164489, -1.06302907], [36.985272349, -1.062944953], [36.985350444, -1.063046411], [36.985431836, -1.063152152], [36.985323975, -1.063236269], [36.985164489, -1.06302907]]]}}, {"type": "Feature", "properties": {"ref": "OG-496", "block": 7, "area_m2": 448.5, "acres": 0.1108}, "geometry": {"type": "Polygon", "coordinates": [[[36.985435218, -1.063156546], [36.985644523, -1.062993316], [36.985732373, -1.063096699], [36.985517898, -1.063263961], [36.985435218, -1.063156546]]]}}, {"type": "Feature", "properties": {"ref": "OG-497", "block": 7, "area_m2": 448.4, "acres": 0.1108}, "geometry": {"type": "Polygon", "coordinates": [[[36.985350444, -1.063046411], [36.985554449, -1.062887315], [36.985644523, -1.062993316], [36.985435218, -1.063156546], [36.985431836, -1.063152152], [36.985350444, -1.063046411]]]}}, {"type": "Feature", "properties": {"ref": "OG-498", "block": 7, "area_m2": 448.4, "acres": 0.1108}, "geometry": {"type": "Polygon", "coordinates": [[[36.985517898, -1.063263961], [36.985732373, -1.063096699], [36.9858096, -1.063187581], [36.985827925, -1.063209146], [36.985730476, -1.063285142], [36.985713971, -1.0632637], [36.985591321, -1.06335935], [36.985517898, -1.063263961]]]}}, {"type": "Feature", "properties": {"ref": "OG-499", "block": 7, "area_m2": 448.5, "acres": 0.1108}, "geometry": {"type": "Polygon", "coordinates": [[[36.985509798, -1.06283477], [36.985554449, -1.062887315], [36.985350444, -1.063046411], [36.985272349, -1.062944953], [36.985363046, -1.062874223], [36.985346541, -1.06285278], [36.985453934, -1.062769028], [36.985509798, -1.06283477]]]}}, {"type": "Feature", "properties": {"ref": "OG-500", "block": 40, "area_m2": 447.7, "acres": 0.1106}, "geometry": {"type": "Polygon", "coordinates": [[[36.988847396, -1.063477434], [36.989064472, -1.063290543], [36.989146666, -1.06338727], [36.98892959, -1.063574161], [36.988847396, -1.063477434]]]}}, {"type": "Feature", "properties": {"ref": "OG-501", "block": 40, "area_m2": 447.7, "acres": 0.1106}, "geometry": {"type": "Polygon", "coordinates": [[[36.98892959, -1.063574161], [36.989146666, -1.06338727], [36.989228861, -1.063483997], [36.989011784, -1.063670888], [36.98892959, -1.063574161]]]}}, {"type": "Feature", "properties": {"ref": "OG-502", "block": 40, "area_m2": 447.7, "acres": 0.1106}, "geometry": {"type": "Polygon", "coordinates": [[[36.988765202, -1.063380706], [36.988982278, -1.063193816], [36.989064472, -1.063290543], [36.988847396, -1.063477434], [36.988765202, -1.063380706]]]}}, {"type": "Feature", "properties": {"ref": "OG-503", "block": 40, "area_m2": 447.7, "acres": 0.1106}, "geometry": {"type": "Polygon", "coordinates": [[[36.989011784, -1.063670888], [36.989228861, -1.063483997], [36.989311055, -1.063580724], [36.989093978, -1.063767615], [36.989011784, -1.063670888]]]}}, {"type": "Feature", "properties": {"ref": "OG-504", "block": 40, "area_m2": 447.7, "acres": 0.1106}, "geometry": {"type": "Polygon", "coordinates": [[[36.988683007, -1.063283979], [36.988900084, -1.063097088], [36.988982278, -1.063193816], [36.988765202, -1.063380706], [36.988683007, -1.063283979]]]}}, {"type": "Feature", "properties": {"ref": "OG-505", "block": 40, "area_m2": 447.7, "acres": 0.1106}, "geometry": {"type": "Polygon", "coordinates": [[[36.988900084, -1.063097088], [36.988683007, -1.063283979], [36.988625227, -1.063215982], [36.988629671, -1.063158615], [36.988816029, -1.062998171], [36.988900084, -1.063097088]]]}}, {"type": "Feature", "properties": {"ref": "OG-506", "block": 40, "area_m2": 895.3, "acres": 0.2212}, "geometry": {"type": "Polygon", "coordinates": [[[36.989093978, -1.063767615], [36.989311055, -1.063580724], [36.989316329, -1.063576183], [36.989528131, -1.063393833], [36.989589752, -1.063466349], [36.989584771, -1.063523071], [36.989205444, -1.063836206], [36.989147914, -1.063831088], [36.989093978, -1.063767615]]]}}, {"type": "Feature", "properties": {"ref": "OG-507", "block": 40, "area_m2": 447.7, "acres": 0.1106}, "geometry": {"type": "Polygon", "coordinates": [[[36.989064472, -1.063290543], [36.989281549, -1.063103652], [36.989363743, -1.063200379], [36.989146666, -1.06338727], [36.989064472, -1.063290543]]]}}, {"type": "Feature", "properties": {"ref": "OG-508", "block": 40, "area_m2": 447.7, "acres": 0.1106}, "geometry": {"type": "Polygon", "coordinates": [[[36.989146666, -1.06338727], [36.989363743, -1.063200379], [36.989445937, -1.063297106], [36.989228861, -1.063483997], [36.989146666, -1.06338727]]]}}, {"type": "Feature", "properties": {"ref": "OG-509", "block": 40, "area_m2": 447.7, "acres": 0.1106}, "geometry": {"type": "Polygon", "coordinates": [[[36.988982278, -1.063193816], [36.989199355, -1.063006925], [36.989281549, -1.063103652], [36.989064472, -1.063290543], [36.988982278, -1.063193816]]]}}, {"type": "Feature", "properties": {"ref": "OG-510", "block": 40, "area_m2": 447.7, "acres": 0.1106}, "geometry": {"type": "Polygon", "coordinates": [[[36.989228861, -1.063483997], [36.989445937, -1.063297106], [36.989528131, -1.063393833], [36.989316329, -1.063576183], [36.989311055, -1.063580724], [36.989228861, -1.063483997]]]}}, {"type": "Feature", "properties": {"ref": "OG-511", "block": 40, "area_m2": 447.7, "acres": 0.1106}, "geometry": {"type": "Polygon", "coordinates": [[[36.988900084, -1.063097088], [36.98911716, -1.062910198], [36.989199355, -1.063006925], [36.988982278, -1.063193816], [36.988900084, -1.063097088]]]}}, {"type": "Feature", "properties": {"ref": "OG-512", "block": 40, "area_m2": 447.7, "acres": 0.1106}, "geometry": {"type": "Polygon", "coordinates": [[[36.988816029, -1.062998171], [36.989002387, -1.062837727], [36.989059379, -1.0628422], [36.98911716, -1.062910198], [36.988900084, -1.063097088], [36.988816029, -1.062998171]]]}}, {"type": "Feature", "properties": {"ref": "OG-513", "block": 0, "area_m2": 751.3, "acres": 0.1857}, "geometry": {"type": "Polygon", "coordinates": [[[36.983350362, -1.063061761], [36.983128771, -1.063352067], [36.983040616, -1.063200843], [36.9832766, -1.06289168], [36.983310599, -1.062970076], [36.983350362, -1.063061761]]]}}, {"type": "Feature", "properties": {"ref": "OG-514", "block": 27, "area_m2": 450.3, "acres": 0.1113}, "geometry": {"type": "Polygon", "coordinates": [[[36.987863654, -1.064089893], [36.988031764, -1.063945161], [36.988138529, -1.064070804], [36.98797042, -1.064215536], [36.987863654, -1.064089893]]]}}, {"type": "Feature", "properties": {"ref": "OG-515", "block": 27, "area_m2": 450.3, "acres": 0.1113}, "geometry": {"type": "Polygon", "coordinates": [[[36.987756889, -1.06396425], [36.987924998, -1.063819518], [36.988031764, -1.063945161], [36.987863654, -1.064089893], [36.987756889, -1.06396425]]]}}, {"type": "Feature", "properties": {"ref": "OG-516", "block": 27, "area_m2": 450.3, "acres": 0.1113}, "geometry": {"type": "Polygon", "coordinates": [[[36.98797042, -1.064215536], [36.988138529, -1.064070804], [36.988245294, -1.064196446], [36.988077185, -1.064341179], [36.98797042, -1.064215536]]]}}, {"type": "Feature", "properties": {"ref": "OG-517", "block": 27, "area_m2": 450.3, "acres": 0.1113}, "geometry": {"type": "Polygon", "coordinates": [[[36.987650124, -1.063838607], [36.987818233, -1.063693875], [36.987924998, -1.063819518], [36.987756889, -1.06396425], [36.987650124, -1.063838607]]]}}, {"type": "Feature", "properties": {"ref": "OG-518", "block": 27, "area_m2": 450.3, "acres": 0.1113}, "geometry": {"type": "Polygon", "coordinates": [[[36.988077185, -1.064341179], [36.988245294, -1.064196446], [36.98835206, -1.064322089], [36.98818395, -1.064466822], [36.988077185, -1.064341179]]]}}, {"type": "Feature", "properties": {"ref": "OG-519", "block": 27, "area_m2": 450.3, "acres": 0.1113}, "geometry": {"type": "Polygon", "coordinates": [[[36.987543359, -1.063712964], [36.987711468, -1.063568232], [36.987818233, -1.063693875], [36.987650124, -1.063838607], [36.987543359, -1.063712964]]]}}, {"type": "Feature", "properties": {"ref": "OG-520", "block": 27, "area_m2": 450.3, "acres": 0.1113}, "geometry": {"type": "Polygon", "coordinates": [[[36.98818395, -1.064466822], [36.98835206, -1.064322089], [36.988354352, -1.064320116], [36.98846356, -1.064448634], [36.988321398, -1.064565989], [36.988263868, -1.06456087], [36.98818395, -1.064466822]]]}}, {"type": "Feature", "properties": {"ref": "OG-521", "block": 27, "area_m2": 450.3, "acres": 0.1113}, "geometry": {"type": "Polygon", "coordinates": [[[36.987436593, -1.063587322], [36.987604702, -1.063442589], [36.987711468, -1.063568232], [36.987543359, -1.063712964], [36.987436593, -1.063587322]]]}}, {"type": "Feature", "properties": {"ref": "OG-522", "block": 27, "area_m2": 450.3, "acres": 0.1113}, "geometry": {"type": "Polygon", "coordinates": [[[36.988031764, -1.063945161], [36.988199873, -1.063800428], [36.988306638, -1.063926071], [36.988138529, -1.064070804], [36.988031764, -1.063945161]]]}}, {"type": "Feature", "properties": {"ref": "OG-523", "block": 27, "area_m2": 450.3, "acres": 0.1113}, "geometry": {"type": "Polygon", "coordinates": [[[36.987924998, -1.063819518], [36.988093108, -1.063674785], [36.988199873, -1.063800428], [36.988031764, -1.063945161], [36.987924998, -1.063819518]]]}}, {"type": "Feature", "properties": {"ref": "OG-524", "block": 27, "area_m2": 450.3, "acres": 0.1113}, "geometry": {"type": "Polygon", "coordinates": [[[36.988138529, -1.064070804], [36.988306638, -1.063926071], [36.988413404, -1.064051714], [36.988245294, -1.064196446], [36.988138529, -1.064070804]]]}}, {"type": "Feature", "properties": {"ref": "OG-525", "block": 27, "area_m2": 450.3, "acres": 0.1113}, "geometry": {"type": "Polygon", "coordinates": [[[36.987818233, -1.063693875], [36.987986342, -1.063549142], [36.988093108, -1.063674785], [36.987924998, -1.063819518], [36.987818233, -1.063693875]]]}}, {"type": "Feature", "properties": {"ref": "OG-526", "block": 27, "area_m2": 450.3, "acres": 0.1113}, "geometry": {"type": "Polygon", "coordinates": [[[36.988245294, -1.064196446], [36.988413404, -1.064051714], [36.988520169, -1.064177357], [36.988354352, -1.064320116], [36.98835206, -1.064322089], [36.988245294, -1.064196446]]]}}, {"type": "Feature", "properties": {"ref": "OG-527", "block": 27, "area_m2": 450.4, "acres": 0.1113}, "geometry": {"type": "Polygon", "coordinates": [[[36.987604702, -1.063442589], [36.987436593, -1.063587322], [36.987353683, -1.063489752], [36.987358127, -1.063432385], [36.987495518, -1.0633141], [36.987604702, -1.063442589]]]}}, {"type": "Feature", "properties": {"ref": "OG-528", "block": 27, "area_m2": 450.3, "acres": 0.1113}, "geometry": {"type": "Polygon", "coordinates": [[[36.987711468, -1.063568232], [36.987879577, -1.063423499], [36.987986342, -1.063549142], [36.987818233, -1.063693875], [36.987711468, -1.063568232]]]}}, {"type": "Feature", "properties": {"ref": "OG-529", "block": 27, "area_m2": 450.3, "acres": 0.1113}, "geometry": {"type": "Polygon", "coordinates": [[[36.988354352, -1.064320116], [36.988520169, -1.064177357], [36.988606038, -1.064278408], [36.988601057, -1.06433513], [36.98846356, -1.064448634], [36.988354352, -1.064320116]]]}}, {"type": "Feature", "properties": {"ref": "OG-530", "block": 27, "area_m2": 450.3, "acres": 0.1113}, "geometry": {"type": "Polygon", "coordinates": [[[36.987604702, -1.063442589], [36.987772812, -1.063297856], [36.987879577, -1.063423499], [36.987711468, -1.063568232], [36.987604702, -1.063442589]]]}}, {"type": "Feature", "properties": {"ref": "OG-531", "block": 27, "area_m2": 450.4, "acres": 0.1113}, "geometry": {"type": "Polygon", "coordinates": [[[36.987689902, -1.063200287], [36.987772812, -1.063297856], [36.987604702, -1.063442589], [36.987495518, -1.0633141], [36.987632909, -1.063195814], [36.987689902, -1.063200287]]]}}, {"type": "Feature", "properties": {"ref": "OG-532", "block": 8, "area_m2": 438.0, "acres": 0.1082}, "geometry": {"type": "Polygon", "coordinates": [[[36.985361335, -1.063962678], [36.985474696, -1.063874273], [36.985629109, -1.064074881], [36.985547702, -1.064138367], [36.985490991, -1.064131123], [36.985361335, -1.063962678]]]}}, {"type": "Feature", "properties": {"ref": "OG-533", "block": 8, "area_m2": 438.0, "acres": 0.1082}, "geometry": {"type": "Polygon", "coordinates": [[[36.985361335, -1.063962678], [36.985231679, -1.063794234], [36.985238876, -1.063737151], [36.985320282, -1.063673664], [36.985474696, -1.063874273], [36.985361335, -1.063962678]]]}}, {"type": "Feature", "properties": {"ref": "OG-534", "block": 8, "area_m2": 438.0, "acres": 0.1082}, "geometry": {"type": "Polygon", "coordinates": [[[36.985474696, -1.063874273], [36.985585495, -1.063787865], [36.985739908, -1.063988473], [36.985629109, -1.064074881], [36.985474696, -1.063874273]]]}}, {"type": "Feature", "properties": {"ref": "OG-535", "block": 8, "area_m2": 438.0, "acres": 0.1082}, "geometry": {"type": "Polygon", "coordinates": [[[36.985320282, -1.063673664], [36.985431082, -1.063587256], [36.985585495, -1.063787865], [36.985474696, -1.063874273], [36.985320282, -1.063673664]]]}}, {"type": "Feature", "properties": {"ref": "OG-536", "block": 8, "area_m2": 438.0, "acres": 0.1082}, "geometry": {"type": "Polygon", "coordinates": [[[36.985585495, -1.063787865], [36.985696294, -1.063701456], [36.985850708, -1.063902065], [36.985739908, -1.063988473], [36.985585495, -1.063787865]]]}}, {"type": "Feature", "properties": {"ref": "OG-537", "block": 8, "area_m2": 438.0, "acres": 0.1082}, "geometry": {"type": "Polygon", "coordinates": [[[36.985431082, -1.063587256], [36.985541881, -1.063500848], [36.985696294, -1.063701456], [36.985585495, -1.063787865], [36.985431082, -1.063587256]]]}}, {"type": "Feature", "properties": {"ref": "OG-538", "block": 8, "area_m2": 438.0, "acres": 0.1082}, "geometry": {"type": "Polygon", "coordinates": [[[36.985696294, -1.063701456], [36.985807094, -1.063615048], [36.985961507, -1.063815656], [36.985850708, -1.063902065], [36.985696294, -1.063701456]]]}}, {"type": "Feature", "properties": {"ref": "OG-539", "block": 8, "area_m2": 438.0, "acres": 0.1082}, "geometry": {"type": "Polygon", "coordinates": [[[36.985541881, -1.063500848], [36.98565268, -1.06341444], [36.985807094, -1.063615048], [36.985696294, -1.063701456], [36.985541881, -1.063500848]]]}}, {"type": "Feature", "properties": {"ref": "OG-540", "block": 8, "area_m2": 438.0, "acres": 0.1082}, "geometry": {"type": "Polygon", "coordinates": [[[36.985807094, -1.063615048], [36.985917898, -1.063528635], [36.986072312, -1.063729244], [36.985961507, -1.063815656], [36.985807094, -1.063615048]]]}}, {"type": "Feature", "properties": {"ref": "OG-541", "block": 8, "area_m2": 438.0, "acres": 0.1082}, "geometry": {"type": "Polygon", "coordinates": [[[36.98565268, -1.06341444], [36.985763485, -1.063328027], [36.985917898, -1.063528635], [36.985807094, -1.063615048], [36.98565268, -1.06341444]]]}}, {"type": "Feature", "properties": {"ref": "OG-542", "block": 8, "area_m2": 484.8, "acres": 0.1198}, "geometry": {"type": "Polygon", "coordinates": [[[36.985917898, -1.063528635], [36.986027067, -1.063443499], [36.986208672, -1.063657215], [36.986127156, -1.063720787], [36.986110651, -1.063699345], [36.986072312, -1.063729244], [36.985917898, -1.063528635]]]}}, {"type": "Feature", "properties": {"ref": "OG-543", "block": 8, "area_m2": 454.2, "acres": 0.1122}, "geometry": {"type": "Polygon", "coordinates": [[[36.985763485, -1.063328027], [36.985746981, -1.063306585], [36.985845461, -1.063229783], [36.985958691, -1.063363033], [36.985976227, -1.063383671], [36.986027067, -1.063443499], [36.985917898, -1.063528635], [36.985763485, -1.063328027]]]}}, {"type": "Feature", "properties": {"ref": "OG-544", "block": 36, "area_m2": 448.7, "acres": 0.1109}, "geometry": {"type": "Polygon", "coordinates": [[[36.988479247, -1.064004006], [36.988684036, -1.063827694], [36.988770632, -1.063929601], [36.988771371, -1.063930471], [36.988566582, -1.064106783], [36.988479247, -1.064004006]]]}}, {"type": "Feature", "properties": {"ref": "OG-545", "block": 36, "area_m2": 450.0, "acres": 0.1112}, "geometry": {"type": "Polygon", "coordinates": [[[36.988566582, -1.064106783], [36.988771371, -1.063930471], [36.988858952, -1.064033537], [36.988654163, -1.064209849], [36.988566582, -1.064106783]]]}}, {"type": "Feature", "properties": {"ref": "OG-546", "block": 36, "area_m2": 448.7, "acres": 0.1109}, "geometry": {"type": "Polygon", "coordinates": [[[36.988391912, -1.063901229], [36.988596701, -1.063724917], [36.988684036, -1.063827694], [36.988479247, -1.064004006], [36.988391912, -1.063901229]]]}}, {"type": "Feature", "properties": {"ref": "OG-547", "block": 36, "area_m2": 444.9, "acres": 0.1099}, "geometry": {"type": "Polygon", "coordinates": [[[36.988654163, -1.064209849], [36.988858952, -1.064033537], [36.988945548, -1.064135445], [36.988740759, -1.064311757], [36.988668562, -1.064226794], [36.988654163, -1.064209849]]]}}, {"type": "Feature", "properties": {"ref": "OG-548", "block": 36, "area_m2": 448.7, "acres": 0.1109}, "geometry": {"type": "Polygon", "coordinates": [[[36.988304577, -1.063798452], [36.988509367, -1.06362214], [36.988596701, -1.063724917], [36.988391912, -1.063901229], [36.988304577, -1.063798452]]]}}, {"type": "Feature", "properties": {"ref": "OG-549", "block": 36, "area_m2": 451.3, "acres": 0.1115}, "geometry": {"type": "Polygon", "coordinates": [[[36.988740759, -1.064311757], [36.988945548, -1.064135445], [36.989033376, -1.064238801], [36.988828586, -1.064415113], [36.988740759, -1.064311757]]]}}, {"type": "Feature", "properties": {"ref": "OG-550", "block": 36, "area_m2": 448.7, "acres": 0.1109}, "geometry": {"type": "Polygon", "coordinates": [[[36.988217243, -1.063695675], [36.988422032, -1.063519363], [36.988509367, -1.06362214], [36.988304577, -1.063798452], [36.988217243, -1.063695675]]]}}, {"type": "Feature", "properties": {"ref": "OG-551", "block": 36, "area_m2": 448.7, "acres": 0.1109}, "geometry": {"type": "Polygon", "coordinates": [[[36.988422032, -1.063519363], [36.988217243, -1.063695675], [36.988154212, -1.0636215], [36.988158656, -1.063564133], [36.988332726, -1.063414268], [36.988422032, -1.063519363]]]}}, {"type": "Feature", "properties": {"ref": "OG-552", "block": 36, "area_m2": 448.7, "acres": 0.1109}, "geometry": {"type": "Polygon", "coordinates": [[[36.988684036, -1.063827694], [36.988888826, -1.063651382], [36.98897616, -1.063754159], [36.988771371, -1.063930471], [36.988770632, -1.063929601], [36.988684036, -1.063827694]]]}}, {"type": "Feature", "properties": {"ref": "OG-553", "block": 36, "area_m2": 450.0, "acres": 0.1112}, "geometry": {"type": "Polygon", "coordinates": [[[36.988771371, -1.063930471], [36.98897616, -1.063754159], [36.989063742, -1.063857225], [36.988858952, -1.064033537], [36.988771371, -1.063930471]]]}}, {"type": "Feature", "properties": {"ref": "OG-554", "block": 36, "area_m2": 448.7, "acres": 0.1109}, "geometry": {"type": "Polygon", "coordinates": [[[36.988596701, -1.063724917], [36.988801491, -1.063548605], [36.988888826, -1.063651382], [36.988684036, -1.063827694], [36.988596701, -1.063724917]]]}}, {"type": "Feature", "properties": {"ref": "OG-555", "block": 36, "area_m2": 444.9, "acres": 0.1099}, "geometry": {"type": "Polygon", "coordinates": [[[36.988858952, -1.064033537], [36.989063742, -1.063857225], [36.98908539, -1.063882702], [36.989150337, -1.063959132], [36.988945548, -1.064135445], [36.988858952, -1.064033537]]]}}, {"type": "Feature", "properties": {"ref": "OG-556", "block": 36, "area_m2": 448.7, "acres": 0.1109}, "geometry": {"type": "Polygon", "coordinates": [[[36.988509367, -1.06362214], [36.988714156, -1.063445828], [36.988801491, -1.063548605], [36.988596701, -1.063724917], [36.988509367, -1.06362214]]]}}, {"type": "Feature", "properties": {"ref": "OG-557", "block": 36, "area_m2": 451.3, "acres": 0.1115}, "geometry": {"type": "Polygon", "coordinates": [[[36.988945548, -1.064135445], [36.989150337, -1.063959132], [36.989238165, -1.064062489], [36.989033376, -1.064238801], [36.988945548, -1.064135445]]]}}, {"type": "Feature", "properties": {"ref": "OG-558", "block": 36, "area_m2": 448.7, "acres": 0.1109}, "geometry": {"type": "Polygon", "coordinates": [[[36.988422032, -1.063519363], [36.988626821, -1.063343051], [36.988714156, -1.063445828], [36.988509367, -1.06362214], [36.988422032, -1.063519363]]]}}, {"type": "Feature", "properties": {"ref": "OG-559", "block": 36, "area_m2": 563.1, "acres": 0.1391}, "geometry": {"type": "Polygon", "coordinates": [[[36.989033376, -1.064238801], [36.989238165, -1.064062489], [36.989258644, -1.064044858], [36.989360266, -1.064164448], [36.98913101, -1.064353699], [36.989033376, -1.064238801]]]}}, {"type": "Feature", "properties": {"ref": "OG-560", "block": 36, "area_m2": 448.7, "acres": 0.1109}, "geometry": {"type": "Polygon", "coordinates": [[[36.98856379, -1.063268876], [36.988626821, -1.063343051], [36.988422032, -1.063519363], [36.988332726, -1.063414268], [36.988506797, -1.063264402], [36.98856379, -1.063268876]]]}}, {"type": "Feature", "properties": {"ref": "OG-561", "block": 44, "area_m2": 450.0, "acres": 0.1112}, "geometry": {"type": "Polygon", "coordinates": [[[36.989330933, -1.063837856], [36.989435118, -1.063751851], [36.989610318, -1.063958029], [36.989506133, -1.064044034], [36.989330933, -1.063837856]]]}}, {"type": "Feature", "properties": {"ref": "OG-562", "block": 44, "area_m2": 450.0, "acres": 0.1112}, "geometry": {"type": "Polygon", "coordinates": [[[36.989435118, -1.063751851], [36.989539303, -1.063665847], [36.989714503, -1.063872024], [36.989610318, -1.063958029], [36.989435118, -1.063751851]]]}}, {"type": "Feature", "properties": {"ref": "OG-563", "block": 44, "area_m2": 450.1, "acres": 0.1112}, "geometry": {"type": "Polygon", "coordinates": [[[36.989539303, -1.063665847], [36.989610387, -1.063607166], [36.98964351, -1.063579823], [36.98981871, -1.063786001], [36.989714503, -1.063872024], [36.989539303, -1.063665847]]]}}, {"type": "Feature", "properties": {"ref": "OG-564", "block": 44, "area_m2": 450.1, "acres": 0.1112}, "geometry": {"type": "Polygon", "coordinates": [[[36.98964351, -1.063579823], [36.989747717, -1.0634938], [36.989922917, -1.063699978], [36.98981871, -1.063786001], [36.98964351, -1.063579823]]]}}, {"type": "Feature", "properties": {"ref": "OG-565", "block": 44, "area_m2": 450.1, "acres": 0.1112}, "geometry": {"type": "Polygon", "coordinates": [[[36.989747717, -1.0634938], [36.989851924, -1.063407777], [36.990027124, -1.063613954], [36.989922917, -1.063699978], [36.989747717, -1.0634938]]]}}, {"type": "Feature", "properties": {"ref": "OG-566", "block": 44, "area_m2": 630.4, "acres": 0.1558}, "geometry": {"type": "Polygon", "coordinates": [[[36.989843849, -1.063379362], [36.989963423, -1.063280653], [36.990126842, -1.063444381], [36.990132917, -1.063526622], [36.990027124, -1.063613954], [36.989851924, -1.063407777], [36.989861369, -1.063399979], [36.989843849, -1.063379362]]]}}, {"type": "Feature", "properties": {"ref": "OG-567", "block": 24, "area_m2": 450.8, "acres": 0.1114}, "geometry": {"type": "Polygon", "coordinates": [[[36.987397139, -1.064318572], [36.987557238, -1.064180735], [36.987669455, -1.064312794], [36.987509356, -1.06445063], [36.987397139, -1.064318572]]]}}, {"type": "Feature", "properties": {"ref": "OG-568", "block": 24, "area_m2": 450.8, "acres": 0.1114}, "geometry": {"type": "Polygon", "coordinates": [[[36.987509356, -1.06445063], [36.987669455, -1.064312794], [36.987781672, -1.064444853], [36.987621573, -1.064582689], [36.987509356, -1.06445063]]]}}, {"type": "Feature", "properties": {"ref": "OG-569", "block": 24, "area_m2": 450.8, "acres": 0.1114}, "geometry": {"type": "Polygon", "coordinates": [[[36.987284922, -1.064186513], [36.987445021, -1.064048677], [36.987557238, -1.064180735], [36.987397139, -1.064318572], [36.987284922, -1.064186513]]]}}, {"type": "Feature", "properties": {"ref": "OG-570", "block": 24, "area_m2": 450.8, "acres": 0.1114}, "geometry": {"type": "Polygon", "coordinates": [[[36.987621573, -1.064582689], [36.987781672, -1.064444853], [36.987893889, -1.064576911], [36.987842515, -1.064621142], [36.98773379, -1.064714748], [36.987621573, -1.064582689]]]}}, {"type": "Feature", "properties": {"ref": "OG-571", "block": 24, "area_m2": 450.8, "acres": 0.1114}, "geometry": {"type": "Polygon", "coordinates": [[[36.987172705, -1.064054454], [36.987332804, -1.063916618], [36.987445021, -1.064048677], [36.987284922, -1.064186513], [36.987172705, -1.064054454]]]}}, {"type": "Feature", "properties": {"ref": "OG-572", "block": 24, "area_m2": 450.7, "acres": 0.1114}, "geometry": {"type": "Polygon", "coordinates": [[[36.98773379, -1.064714748], [36.987842515, -1.064621142], [36.988012401, -1.064821066], [36.987933007, -1.064886606], [36.987875477, -1.064881487], [36.98773379, -1.064714748]]]}}, {"type": "Feature", "properties": {"ref": "OG-573", "block": 24, "area_m2": 450.8, "acres": 0.1114}, "geometry": {"type": "Polygon", "coordinates": [[[36.987060488, -1.063922396], [36.987220587, -1.063784559], [36.987332804, -1.063916618], [36.987172705, -1.064054454], [36.987060488, -1.063922396]]]}}, {"type": "Feature", "properties": {"ref": "OG-574", "block": 24, "area_m2": 450.8, "acres": 0.1114}, "geometry": {"type": "Polygon", "coordinates": [[[36.987557238, -1.064180735], [36.987717338, -1.064042899], [36.987829555, -1.064174957], [36.987669455, -1.064312794], [36.987557238, -1.064180735]]]}}, {"type": "Feature", "properties": {"ref": "OG-575", "block": 24, "area_m2": 450.8, "acres": 0.1114}, "geometry": {"type": "Polygon", "coordinates": [[[36.987669455, -1.064312794], [36.987829555, -1.064174957], [36.987941772, -1.064307016], [36.987781672, -1.064444853], [36.987669455, -1.064312794]]]}}, {"type": "Feature", "properties": {"ref": "OG-576", "block": 24, "area_m2": 450.6, "acres": 0.1114}, "geometry": {"type": "Polygon", "coordinates": [[[36.987842515, -1.064621142], [36.987893889, -1.064576911], [36.987947662, -1.064530616], [36.988119409, -1.064732731], [36.988012401, -1.064821066], [36.987842515, -1.064621142]]]}}, {"type": "Feature", "properties": {"ref": "OG-577", "block": 24, "area_m2": 450.8, "acres": 0.1114}, "geometry": {"type": "Polygon", "coordinates": [[[36.987445021, -1.064048677], [36.987605121, -1.06391084], [36.987717338, -1.064042899], [36.987557238, -1.064180735], [36.987445021, -1.064048677]]]}}, {"type": "Feature", "properties": {"ref": "OG-578", "block": 24, "area_m2": 450.8, "acres": 0.1114}, "geometry": {"type": "Polygon", "coordinates": [[[36.987781672, -1.064444853], [36.987941772, -1.064307016], [36.988053989, -1.064439075], [36.987947662, -1.064530616], [36.987893889, -1.064576911], [36.987781672, -1.064444853]]]}}, {"type": "Feature", "properties": {"ref": "OG-579", "block": 24, "area_m2": 450.8, "acres": 0.1114}, "geometry": {"type": "Polygon", "coordinates": [[[36.987332804, -1.063916618], [36.987492904, -1.063778781], [36.987605121, -1.06391084], [36.987445021, -1.064048677], [36.987332804, -1.063916618]]]}}, {"type": "Feature", "properties": {"ref": "OG-580", "block": 24, "area_m2": 450.7, "acres": 0.1114}, "geometry": {"type": "Polygon", "coordinates": [[[36.987220587, -1.063784559], [36.987060488, -1.063922396], [36.986972048, -1.063818319], [36.986976492, -1.063760952], [36.987105873, -1.063649562], [36.987220587, -1.063784559]]]}}, {"type": "Feature", "properties": {"ref": "OG-581", "block": 24, "area_m2": 450.6, "acres": 0.1113}, "geometry": {"type": "Polygon", "coordinates": [[[36.987947662, -1.064530616], [36.988053989, -1.064439075], [36.988201344, -1.064612484], [36.988196363, -1.064669205], [36.988119409, -1.064732731], [36.987947662, -1.064530616]]]}}, {"type": "Feature", "properties": {"ref": "OG-582", "block": 24, "area_m2": 450.8, "acres": 0.1114}, "geometry": {"type": "Polygon", "coordinates": [[[36.987220587, -1.063784559], [36.987380686, -1.063646723], [36.987492904, -1.063778781], [36.987332804, -1.063916618], [36.987220587, -1.063784559]]]}}, {"type": "Feature", "properties": {"ref": "OG-583", "block": 24, "area_m2": 450.7, "acres": 0.1114}, "geometry": {"type": "Polygon", "coordinates": [[[36.987292247, -1.063542646], [36.987380686, -1.063646723], [36.987220587, -1.063784559], [36.987105873, -1.063649562], [36.987235254, -1.063538172], [36.987292247, -1.063542646]]]}}, {"type": "Feature", "properties": {"ref": "OG-584", "block": 47, "area_m2": 476.4, "acres": 0.1177}, "geometry": {"type": "Polygon", "coordinates": [[[36.989767211, -1.064281533], [36.98967174, -1.064363333], [36.989615328, -1.064358243], [36.989512355, -1.064231841], [36.98951798, -1.064174577], [36.9896149, -1.064094569], [36.989767211, -1.064281533]]]}}, {"type": "Feature", "properties": {"ref": "OG-585", "block": 47, "area_m2": 477.5, "acres": 0.118}, "geometry": {"type": "Polygon", "coordinates": [[[36.9896149, -1.064094569], [36.989739701, -1.063991545], [36.989890137, -1.06417621], [36.989767211, -1.064281533], [36.9896149, -1.064094569]]]}}, {"type": "Feature", "properties": {"ref": "OG-586", "block": 47, "area_m2": 479.4, "acres": 0.1185}, "geometry": {"type": "Polygon", "coordinates": [[[36.989739701, -1.063991545], [36.989866572, -1.063886813], [36.990015103, -1.064069138], [36.989890137, -1.06417621], [36.989739701, -1.063991545]]]}}, {"type": "Feature", "properties": {"ref": "OG-587", "block": 47, "area_m2": 481.4, "acres": 0.1189}, "geometry": {"type": "Polygon", "coordinates": [[[36.989866572, -1.063886813], [36.989995624, -1.06378028], [36.990142218, -1.063960226], [36.990015103, -1.064069138], [36.989866572, -1.063886813]]]}}, {"type": "Feature", "properties": {"ref": "OG-588", "block": 47, "area_m2": 483.9, "acres": 0.1196}, "geometry": {"type": "Polygon", "coordinates": [[[36.989995624, -1.06378028], [36.990125255, -1.063673269], [36.990273509, -1.063847736], [36.990142218, -1.063960226], [36.989995624, -1.06378028]]]}}, {"type": "Feature", "properties": {"ref": "OG-589", "block": 47, "area_m2": 514.9, "acres": 0.1272}, "geometry": {"type": "Polygon", "coordinates": [[[36.990125255, -1.063673269], [36.990220123, -1.063594955], [36.990280028, -1.063597857], [36.990430625, -1.063748739], [36.990334325, -1.06383125], [36.990317333, -1.063810187], [36.990309481, -1.063816915], [36.990273509, -1.063847736], [36.990125255, -1.063673269]]]}}, {"type": "Feature", "properties": {"ref": "OG-590", "block": 6, "area_m2": 447.7, "acres": 0.1106}, "geometry": {"type": "Polygon", "coordinates": [[[36.985242706, -1.064400845], [36.985463684, -1.064228513], [36.985542838, -1.064331347], [36.98532186, -1.064503679], [36.985242706, -1.064400845]]]}}, {"type": "Feature", "properties": {"ref": "OG-591", "block": 6, "area_m2": 447.7, "acres": 0.1106}, "geometry": {"type": "Polygon", "coordinates": [[[36.98532186, -1.064503679], [36.985542838, -1.064331347], [36.985621992, -1.064434181], [36.985401014, -1.064606513], [36.98532186, -1.064503679]]]}}, {"type": "Feature", "properties": {"ref": "OG-592", "block": 6, "area_m2": 447.7, "acres": 0.1106}, "geometry": {"type": "Polygon", "coordinates": [[[36.985163552, -1.064298011], [36.98538453, -1.064125678], [36.985463684, -1.064228513], [36.985242706, -1.064400845], [36.985163552, -1.064298011]]]}}, {"type": "Feature", "properties": {"ref": "OG-593", "block": 6, "area_m2": 447.7, "acres": 0.1106}, "geometry": {"type": "Polygon", "coordinates": [[[36.985401014, -1.064606513], [36.985621992, -1.064434181], [36.985701146, -1.064537015], [36.985480168, -1.064709347], [36.985401014, -1.064606513]]]}}, {"type": "Feature", "properties": {"ref": "OG-594", "block": 6, "area_m2": 447.7, "acres": 0.1106}, "geometry": {"type": "Polygon", "coordinates": [[[36.985084398, -1.064195177], [36.985305376, -1.064022844], [36.98538453, -1.064125678], [36.985163552, -1.064298011], [36.985084398, -1.064195177]]]}}, {"type": "Feature", "properties": {"ref": "OG-595", "block": 6, "area_m2": 447.7, "acres": 0.1106}, "geometry": {"type": "Polygon", "coordinates": [[[36.985480168, -1.064709347], [36.985701146, -1.064537015], [36.9857803, -1.064639849], [36.985559322, -1.064812181], [36.985480168, -1.064709347]]]}}, {"type": "Feature", "properties": {"ref": "OG-596", "block": 6, "area_m2": 447.6, "acres": 0.1106}, "geometry": {"type": "Polygon", "coordinates": [[[36.985559322, -1.064812181], [36.9857803, -1.064639849], [36.985828365, -1.064702293], [36.985821168, -1.064759376], [36.985740448, -1.064822326], [36.985756953, -1.064843769], [36.985648648, -1.064928232], [36.985559322, -1.064812181]]]}}, {"type": "Feature", "properties": {"ref": "OG-597", "block": 6, "area_m2": 447.7, "acres": 0.1106}, "geometry": {"type": "Polygon", "coordinates": [[[36.985005244, -1.064092343], [36.985226222, -1.06392001], [36.985305376, -1.064022844], [36.985084398, -1.064195177], [36.985005244, -1.064092343]]]}}, {"type": "Feature", "properties": {"ref": "OG-598", "block": 6, "area_m2": 447.7, "acres": 0.1106}, "geometry": {"type": "Polygon", "coordinates": [[[36.984926091, -1.063989509], [36.985147069, -1.063817176], [36.985226222, -1.06392001], [36.985005244, -1.064092343], [36.984926091, -1.063989509]]]}}, {"type": "Feature", "properties": {"ref": "OG-599", "block": 6, "area_m2": 447.7, "acres": 0.1106}, "geometry": {"type": "Polygon", "coordinates": [[[36.984846937, -1.063886675], [36.985067915, -1.063714342], [36.985147069, -1.063817176], [36.984926091, -1.063989509], [36.984846937, -1.063886675]]]}}, {"type": "Feature", "properties": {"ref": "OG-600", "block": 6, "area_m2": 447.7, "acres": 0.1106}, "geometry": {"type": "Polygon", "coordinates": [[[36.985067915, -1.063714342], [36.984846937, -1.063886675], [36.984767783, -1.06378384], [36.984988761, -1.063611508], [36.985067915, -1.063714342]]]}}, {"type": "Feature", "properties": {"ref": "OG-601", "block": 10, "area_m2": 434.2, "acres": 0.1073}, "geometry": {"type": "Polygon", "coordinates": [[[36.985741146, -1.064456116], [36.985839842, -1.064379147], [36.986015725, -1.064607649], [36.985948983, -1.064659698], [36.985892272, -1.064652454], [36.985741146, -1.064456116]]]}}, {"type": "Feature", "properties": {"ref": "OG-602", "block": 10, "area_m2": 434.2, "acres": 0.1073}, "geometry": {"type": "Polygon", "coordinates": [[[36.985741146, -1.064456116], [36.985590019, -1.064259777], [36.985597216, -1.064202694], [36.985663958, -1.064150645], [36.985839842, -1.064379147], [36.985741146, -1.064456116]]]}}, {"type": "Feature", "properties": {"ref": "OG-603", "block": 10, "area_m2": 444.2, "acres": 0.1098}, "geometry": {"type": "Polygon", "coordinates": [[[36.985839842, -1.064379147], [36.985938505, -1.064302203], [36.986114389, -1.064530705], [36.986015725, -1.064607649], [36.985839842, -1.064379147]]]}}, {"type": "Feature", "properties": {"ref": "OG-604", "block": 10, "area_m2": 444.2, "acres": 0.1098}, "geometry": {"type": "Polygon", "coordinates": [[[36.985663958, -1.064150645], [36.985762622, -1.064073701], [36.985938505, -1.064302203], [36.985839842, -1.064379147], [36.985663958, -1.064150645]]]}}, {"type": "Feature", "properties": {"ref": "OG-605", "block": 10, "area_m2": 444.2, "acres": 0.1098}, "geometry": {"type": "Polygon", "coordinates": [[[36.985938505, -1.064302203], [36.986037169, -1.064225259], [36.986213053, -1.064453761], [36.986114389, -1.064530705], [36.985938505, -1.064302203]]]}}, {"type": "Feature", "properties": {"ref": "OG-606", "block": 10, "area_m2": 444.2, "acres": 0.1098}, "geometry": {"type": "Polygon", "coordinates": [[[36.985762622, -1.064073701], [36.985861285, -1.063996757], [36.986037169, -1.064225259], [36.985938505, -1.064302203], [36.985762622, -1.064073701]]]}}, {"type": "Feature", "properties": {"ref": "OG-607", "block": 10, "area_m2": 444.2, "acres": 0.1098}, "geometry": {"type": "Polygon", "coordinates": [[[36.986037169, -1.064225259], [36.986135833, -1.064148315], [36.986311716, -1.064376817], [36.986213053, -1.064453761], [36.986037169, -1.064225259]]]}}, {"type": "Feature", "properties": {"ref": "OG-608", "block": 10, "area_m2": 444.2, "acres": 0.1098}, "geometry": {"type": "Polygon", "coordinates": [[[36.985861285, -1.063996757], [36.985959949, -1.063919813], [36.986135833, -1.064148315], [36.986037169, -1.064225259], [36.985861285, -1.063996757]]]}}, {"type": "Feature", "properties": {"ref": "OG-609", "block": 10, "area_m2": 444.2, "acres": 0.1098}, "geometry": {"type": "Polygon", "coordinates": [[[36.986135833, -1.064148315], [36.986234496, -1.064071371], [36.98641038, -1.064299873], [36.986311716, -1.064376817], [36.986135833, -1.064148315]]]}}, {"type": "Feature", "properties": {"ref": "OG-610", "block": 10, "area_m2": 444.2, "acres": 0.1098}, "geometry": {"type": "Polygon", "coordinates": [[[36.985959949, -1.063919813], [36.986058612, -1.063842869], [36.986234496, -1.064071371], [36.986135833, -1.064148315], [36.985959949, -1.063919813]]]}}, {"type": "Feature", "properties": {"ref": "OG-611", "block": 10, "area_m2": 444.2, "acres": 0.1098}, "geometry": {"type": "Polygon", "coordinates": [[[36.986234496, -1.064071371], [36.986333161, -1.063994426], [36.986509044, -1.064222928], [36.98641038, -1.064299873], [36.986234496, -1.064071371]]]}}, {"type": "Feature", "properties": {"ref": "OG-612", "block": 10, "area_m2": 444.2, "acres": 0.1098}, "geometry": {"type": "Polygon", "coordinates": [[[36.986058612, -1.063842869], [36.986157277, -1.063765924], [36.986333161, -1.063994426], [36.986234496, -1.064071371], [36.986058612, -1.063842869]]]}}, {"type": "Feature", "properties": {"ref": "OG-613", "block": 10, "area_m2": 447.8, "acres": 0.1107}, "geometry": {"type": "Polygon", "coordinates": [[[36.986333161, -1.063994426], [36.986430628, -1.063918416], [36.986576638, -1.064090243], [36.986585555, -1.06416326], [36.986509044, -1.064222928], [36.986333161, -1.063994426]]]}}, {"type": "Feature", "properties": {"ref": "OG-614", "block": 10, "area_m2": 449.2, "acres": 0.111}, "geometry": {"type": "Polygon", "coordinates": [[[36.986243392, -1.063698074], [36.986430628, -1.063918416], [36.986333161, -1.063994426], [36.986157277, -1.063765924], [36.986160165, -1.063763672], [36.98614366, -1.063742229], [36.986226209, -1.063677853], [36.986243392, -1.063698074]]]}}, {"type": "Feature", "properties": {"ref": "OG-615", "block": 38, "area_m2": 445.0, "acres": 0.11}, "geometry": {"type": "Polygon", "coordinates": [[[36.988552486, -1.065365238], [36.988735771, -1.065213936], [36.988832456, -1.06533262], [36.98865162, -1.065481901], [36.988552486, -1.065365238]]]}}, {"type": "Feature", "properties": {"ref": "OG-616", "block": 38, "area_m2": 445.0, "acres": 0.11}, "geometry": {"type": "Polygon", "coordinates": [[[36.988454654, -1.065250108], [36.988640355, -1.065096811], [36.988735771, -1.065213936], [36.988552486, -1.065365238], [36.988454654, -1.065250108]]]}}, {"type": "Feature", "properties": {"ref": "OG-617", "block": 38, "area_m2": 442.8, "acres": 0.1094}, "geometry": {"type": "Polygon", "coordinates": [[[36.98865162, -1.065481901], [36.988832456, -1.06533262], [36.988927241, -1.065448971], [36.988754451, -1.065602914], [36.98865162, -1.065481901]]]}}, {"type": "Feature", "properties": {"ref": "OG-618", "block": 38, "area_m2": 445.0, "acres": 0.11}, "geometry": {"type": "Polygon", "coordinates": [[[36.988640355, -1.065096811], [36.988454654, -1.065250108], [36.988382165, -1.065164803], [36.988387147, -1.065108082], [36.988544032, -1.064978572], [36.988640355, -1.065096811]]]}}, {"type": "Feature", "properties": {"ref": "OG-619", "block": 38, "area_m2": 7303.3, "acres": 1.8047}, "geometry": {"type": "Polygon", "coordinates": [[[36.988544032, -1.064978572], [36.989322398, -1.06433603], [36.98950591, -1.064561295], [36.989681569, -1.064776921], [36.988927241, -1.065448971], [36.988832456, -1.06533262], [36.988735771, -1.065213936], [36.988640355, -1.065096811], [36.988544032, -1.064978572]]]}}, {"type": "Feature", "properties": {"ref": "OG-620", "block": 38, "area_m2": 460.2, "acres": 0.1137}, "geometry": {"type": "Polygon", "coordinates": [[[36.989322398, -1.06433603], [36.989392958, -1.064277783], [36.989449844, -1.064283444], [36.989606196, -1.064475369], [36.98950591, -1.064561295], [36.989322398, -1.06433603]]]}}, {"type": "Feature", "properties": {"ref": "OG-621", "block": 38, "area_m2": 899.4, "acres": 0.2222}, "geometry": {"type": "Polygon", "coordinates": [[[36.98950591, -1.064561295], [36.989606196, -1.064475369], [36.989630658, -1.064505396], [36.989748467, -1.064404457], [36.989896151, -1.064585744], [36.98984082, -1.06463504], [36.989681569, -1.064776921], [36.98950591, -1.064561295]]]}}, {"type": "Feature", "properties": {"ref": "OG-622", "block": 38, "area_m2": 449.5, "acres": 0.1111}, "geometry": {"type": "Polygon", "coordinates": [[[36.989748467, -1.064404457], [36.989867849, -1.06430217], [36.990013611, -1.064481096], [36.989896151, -1.064585744], [36.989748467, -1.064404457]]]}}, {"type": "Feature", "properties": {"ref": "OG-623", "block": 38, "area_m2": 449.5, "acres": 0.1111}, "geometry": {"type": "Polygon", "coordinates": [[[36.989867849, -1.06430217], [36.989988828, -1.064198515], [36.990132641, -1.064375049], [36.990125879, -1.064381073], [36.990013611, -1.064481096], [36.989867849, -1.06430217]]]}}, {"type": "Feature", "properties": {"ref": "OG-624", "block": 38, "area_m2": 449.5, "acres": 0.1111}, "geometry": {"type": "Polygon", "coordinates": [[[36.989988828, -1.064198515], [36.990111463, -1.064093441], [36.9902533, -1.06426755], [36.990132641, -1.064375049], [36.989988828, -1.064198515]]]}}, {"type": "Feature", "properties": {"ref": "OG-625", "block": 38, "area_m2": 449.5, "acres": 0.1111}, "geometry": {"type": "Polygon", "coordinates": [[[36.990111463, -1.064093441], [36.990235828, -1.063986885], [36.990375662, -1.064158534], [36.9902533, -1.06426755], [36.990111463, -1.064093441]]]}}, {"type": "Feature", "properties": {"ref": "OG-626", "block": 38, "area_m2": 450.1, "acres": 0.1112}, "geometry": {"type": "Polygon", "coordinates": [[[36.990235828, -1.063986885], [36.990360458, -1.063880102], [36.990501664, -1.064046276], [36.990375662, -1.064158534], [36.990235828, -1.063986885]]]}}, {"type": "Feature", "properties": {"ref": "OG-627", "block": 38, "area_m2": 447.7, "acres": 0.1106}, "geometry": {"type": "Polygon", "coordinates": [[[36.99044979, -1.06376794], [36.990621254, -1.06393973], [36.990501664, -1.064046276], [36.990360458, -1.063880102], [36.99036831, -1.063873374], [36.990351317, -1.063852312], [36.99044979, -1.06376794]]]}}, {"type": "Feature", "properties": {"ref": "OG-628", "block": 21, "area_m2": 449.6, "acres": 0.1111}, "geometry": {"type": "Polygon", "coordinates": [[[36.987322908, -1.06475981], [36.987522256, -1.064588183], [36.98761215, -1.064693972], [36.987412802, -1.064865599], [36.987322908, -1.06475981]]]}}, {"type": "Feature", "properties": {"ref": "OG-629", "block": 21, "area_m2": 449.6, "acres": 0.1111}, "geometry": {"type": "Polygon", "coordinates": [[[36.987412802, -1.064865599], [36.98761215, -1.064693972], [36.987702044, -1.064799761], [36.987502696, -1.064971387], [36.987412802, -1.064865599]]]}}, {"type": "Feature", "properties": {"ref": "OG-630", "block": 21, "area_m2": 449.6, "acres": 0.1111}, "geometry": {"type": "Polygon", "coordinates": [[[36.987233014, -1.064654021], [36.987432362, -1.064482395], [36.987522256, -1.064588183], [36.987322908, -1.06475981], [36.987233014, -1.064654021]]]}}, {"type": "Feature", "properties": {"ref": "OG-631", "block": 21, "area_m2": 449.6, "acres": 0.1111}, "geometry": {"type": "Polygon", "coordinates": [[[36.987502696, -1.064971387], [36.987702044, -1.064799761], [36.987791938, -1.064905549], [36.987592591, -1.065077176], [36.987502696, -1.064971387]]]}}, {"type": "Feature", "properties": {"ref": "OG-632", "block": 21, "area_m2": 449.6, "acres": 0.1111}, "geometry": {"type": "Polygon", "coordinates": [[[36.98714312, -1.064548233], [36.987342468, -1.064376606], [36.987432362, -1.064482395], [36.987233014, -1.064654021], [36.98714312, -1.064548233]]]}}, {"type": "Feature", "properties": {"ref": "OG-633", "block": 21, "area_m2": 449.6, "acres": 0.1111}, "geometry": {"type": "Polygon", "coordinates": [[[36.987592591, -1.065077176], [36.987791938, -1.064905549], [36.987881832, -1.065011338], [36.987682485, -1.065182965], [36.987592591, -1.065077176]]]}}, {"type": "Feature", "properties": {"ref": "OG-634", "block": 21, "area_m2": 449.6, "acres": 0.1111}, "geometry": {"type": "Polygon", "coordinates": [[[36.987053226, -1.064442444], [36.987252574, -1.064270817], [36.987342468, -1.064376606], [36.98714312, -1.064548233], [36.987053226, -1.064442444]]]}}, {"type": "Feature", "properties": {"ref": "OG-635", "block": 21, "area_m2": 449.6, "acres": 0.1111}, "geometry": {"type": "Polygon", "coordinates": [[[36.986963332, -1.064336655], [36.98716268, -1.064165029], [36.987252574, -1.064270817], [36.987053226, -1.064442444], [36.986963332, -1.064336655]]]}}, {"type": "Feature", "properties": {"ref": "OG-636", "block": 21, "area_m2": 960.6, "acres": 0.2374}, "geometry": {"type": "Polygon", "coordinates": [[[36.987682485, -1.065182965], [36.987881832, -1.065011338], [36.987971726, -1.065117127], [36.987990821, -1.065100688], [36.988087828, -1.065214847], [36.987923605, -1.065350413], [36.987896775, -1.065372562], [36.987839245, -1.065367443], [36.987682485, -1.065182965]]]}}, {"type": "Feature", "properties": {"ref": "OG-637", "block": 21, "area_m2": 449.6, "acres": 0.1111}, "geometry": {"type": "Polygon", "coordinates": [[[36.986873438, -1.064230867], [36.987072785, -1.06405924], [36.98716268, -1.064165029], [36.986963332, -1.064336655], [36.986873438, -1.064230867]]]}}, {"type": "Feature", "properties": {"ref": "OG-638", "block": 21, "area_m2": 449.6, "acres": 0.1111}, "geometry": {"type": "Polygon", "coordinates": [[[36.986783544, -1.064125078], [36.986982891, -1.063953451], [36.987072785, -1.06405924], [36.986873438, -1.064230867], [36.986783544, -1.064125078]]]}}, {"type": "Feature", "properties": {"ref": "OG-639", "block": 21, "area_m2": 451.4, "acres": 0.1115}, "geometry": {"type": "Polygon", "coordinates": [[[36.986982891, -1.063953451], [36.986783544, -1.064125078], [36.986727245, -1.064058825], [36.986734158, -1.063969587], [36.986855003, -1.063865547], [36.986911996, -1.06387002], [36.986982891, -1.063953451]]]}}, {"type": "Feature", "properties": {"ref": "OG-640", "block": 12, "area_m2": 704.7, "acres": 0.1741}, "geometry": {"type": "Polygon", "coordinates": [[[36.985773458, -1.064865211], [36.985789963, -1.064886653], [36.98602763, -1.065195423], [36.985919325, -1.065279886], [36.985665153, -1.064949674], [36.985773458, -1.064865211]]]}}, {"type": "Feature", "properties": {"ref": "OG-641", "block": 12, "area_m2": 897.4, "acres": 0.2217}, "geometry": {"type": "Polygon", "coordinates": [[[36.985789963, -1.064886653], [36.985937462, -1.064771624], [36.98617513, -1.065080394], [36.98602763, -1.065195423], [36.985789963, -1.064886653]]]}}, {"type": "Feature", "properties": {"ref": "OG-642", "block": 12, "area_m2": 897.4, "acres": 0.2217}, "geometry": {"type": "Polygon", "coordinates": [[[36.985937462, -1.064771624], [36.986084962, -1.064656595], [36.986322629, -1.064965365], [36.98617513, -1.065080394], [36.985937462, -1.064771624]]]}}, {"type": "Feature", "properties": {"ref": "OG-643", "block": 12, "area_m2": 897.4, "acres": 0.2217}, "geometry": {"type": "Polygon", "coordinates": [[[36.986084962, -1.064656595], [36.986232461, -1.064541566], [36.986470129, -1.064850335], [36.986322629, -1.064965365], [36.986084962, -1.064656595]]]}}, {"type": "Feature", "properties": {"ref": "OG-644", "block": 12, "area_m2": 897.4, "acres": 0.2217}, "geometry": {"type": "Polygon", "coordinates": [[[36.986232461, -1.064541566], [36.986379961, -1.064426536], [36.986617629, -1.064735306], [36.986470129, -1.064850335], [36.986232461, -1.064541566]]]}}, {"type": "Feature", "properties": {"ref": "OG-645", "block": 12, "area_m2": 897.4, "acres": 0.2217}, "geometry": {"type": "Polygon", "coordinates": [[[36.986379961, -1.064426536], [36.986527461, -1.064311507], [36.986765128, -1.064620277], [36.986617629, -1.064735306], [36.986379961, -1.064426536]]]}}, {"type": "Feature", "properties": {"ref": "OG-646", "block": 12, "area_m2": 897.4, "acres": 0.2217}, "geometry": {"type": "Polygon", "coordinates": [[[36.98671099, -1.064248351], [36.986922648, -1.064497433], [36.986765128, -1.064620277], [36.986527461, -1.064311507], [36.986638165, -1.064225173], [36.98671099, -1.064248351]]]}}, {"type": "Feature", "properties": {"ref": "OG-647", "block": 34, "area_m2": 490.1, "acres": 0.1211}, "geometry": {"type": "Polygon", "coordinates": [[[36.987985567, -1.064948459], [36.988058518, -1.064888238], [36.988233718, -1.065094415], [36.988108669, -1.065197643], [36.9880113, -1.065083056], [36.988031779, -1.065065425], [36.987980586, -1.065005181], [36.987985567, -1.064948459]]]}}, {"type": "Feature", "properties": {"ref": "OG-648", "block": 34, "area_m2": 450.1, "acres": 0.1112}, "geometry": {"type": "Polygon", "coordinates": [[[36.988058518, -1.064888238], [36.988162725, -1.064802214], [36.988337925, -1.065008392], [36.988233718, -1.065094415], [36.988058518, -1.064888238]]]}}, {"type": "Feature", "properties": {"ref": "OG-649", "block": 34, "area_m2": 450.1, "acres": 0.1112}, "geometry": {"type": "Polygon", "coordinates": [[[36.988162725, -1.064802214], [36.988266932, -1.064716191], [36.988442132, -1.064922369], [36.988337925, -1.065008392], [36.988162725, -1.064802214]]]}}, {"type": "Feature", "properties": {"ref": "OG-650", "block": 34, "area_m2": 450.1, "acres": 0.1112}, "geometry": {"type": "Polygon", "coordinates": [[[36.988266932, -1.064716191], [36.988371139, -1.064630168], [36.988546339, -1.064836346], [36.988442132, -1.064922369], [36.988266932, -1.064716191]]]}}, {"type": "Feature", "properties": {"ref": "OG-651", "block": 34, "area_m2": 450.1, "acres": 0.1112}, "geometry": {"type": "Polygon", "coordinates": [[[36.988371139, -1.064630168], [36.988475346, -1.064544145], [36.988650546, -1.064750323], [36.988546339, -1.064836346], [36.988371139, -1.064630168]]]}}, {"type": "Feature", "properties": {"ref": "OG-652", "block": 34, "area_m2": 450.1, "acres": 0.1112}, "geometry": {"type": "Polygon", "coordinates": [[[36.988475346, -1.064544145], [36.988579554, -1.064458122], [36.988754753, -1.0646643], [36.988650546, -1.064750323], [36.988475346, -1.064544145]]]}}, {"type": "Feature", "properties": {"ref": "OG-653", "block": 34, "area_m2": 494.7, "acres": 0.1223}, "geometry": {"type": "Polygon", "coordinates": [[[36.988880913, -1.064560154], [36.988754753, -1.0646643], [36.988579554, -1.064458122], [36.98865709, -1.064394116], [36.988708227, -1.064398666], [36.98876715, -1.064468007], [36.988787629, -1.064450376], [36.988880913, -1.064560154]]]}}, {"type": "Feature", "properties": {"ref": "OG-654", "block": 14, "area_m2": 1996.2, "acres": 0.4933}, "geometry": {"type": "Polygon", "coordinates": [[[36.985968839, -1.065344213], [36.98644773, -1.064970745], [36.986612777, -1.065185168], [36.986566542, -1.065221226], [36.986176491, -1.065525411], [36.986084372, -1.06549431], [36.985968839, -1.065344213]]]}}, {"type": "Feature", "properties": {"ref": "OG-655", "block": 14, "area_m2": 450.0, "acres": 0.1112}, "geometry": {"type": "Polygon", "coordinates": [[[36.98644773, -1.064970745], [36.986554243, -1.064887679], [36.98671929, -1.065102103], [36.986612777, -1.065185168], [36.98644773, -1.064970745]]]}}, {"type": "Feature", "properties": {"ref": "OG-656", "block": 14, "area_m2": 450.0, "acres": 0.1112}, "geometry": {"type": "Polygon", "coordinates": [[[36.986554243, -1.064887679], [36.986660756, -1.064804614], [36.986825803, -1.065019038], [36.98671929, -1.065102103], [36.986554243, -1.064887679]]]}}, {"type": "Feature", "properties": {"ref": "OG-657", "block": 14, "area_m2": 450.0, "acres": 0.1112}, "geometry": {"type": "Polygon", "coordinates": [[[36.986660756, -1.064804614], [36.986767268, -1.064721549], [36.986932315, -1.064935973], [36.986825803, -1.065019038], [36.986660756, -1.064804614]]]}}, {"type": "Feature", "properties": {"ref": "OG-658", "block": 14, "area_m2": 450.0, "acres": 0.1112}, "geometry": {"type": "Polygon", "coordinates": [[[36.986767268, -1.064721549], [36.986873781, -1.064638484], [36.987038828, -1.064852907], [36.986932315, -1.064935973], [36.986767268, -1.064721549]]]}}, {"type": "Feature", "properties": {"ref": "OG-659", "block": 14, "area_m2": 440.4, "acres": 0.1088}, "geometry": {"type": "Polygon", "coordinates": [[[36.986873781, -1.064638484], [36.986975258, -1.064559346], [36.987124352, -1.064734801], [36.987118672, -1.06479064], [36.987038828, -1.064852907], [36.986873781, -1.064638484]]]}}, {"type": "Feature", "properties": {"ref": "OG-660", "block": 26, "area_m2": 886.8, "acres": 0.2191}, "geometry": {"type": "Polygon", "coordinates": [[[36.987453492, -1.065705501], [36.987739769, -1.065459033], [36.987861762, -1.065602597], [36.987568575, -1.065855013], [36.987453492, -1.065705501]]]}}, {"type": "Feature", "properties": {"ref": "OG-661", "block": 26, "area_m2": 876.8, "acres": 0.2167}, "geometry": {"type": "Polygon", "coordinates": [[[36.987681008, -1.066001081], [36.98782547, -1.065876708], [36.988058289, -1.066150693], [36.987933067, -1.066262257], [36.987878041, -1.06625706], [36.987681008, -1.066001081]]]}}, {"type": "Feature", "properties": {"ref": "OG-662", "block": 26, "area_m2": 886.8, "acres": 0.2191}, "geometry": {"type": "Polygon", "coordinates": [[[36.987568575, -1.065855013], [36.987861762, -1.065602597], [36.987918636, -1.065669527], [36.987937022, -1.065691164], [36.987980945, -1.065742853], [36.98782547, -1.065876708], [36.987681008, -1.066001081], [36.987568575, -1.065855013]]]}}, {"type": "Feature", "properties": {"ref": "OG-663", "block": 26, "area_m2": 888.2, "acres": 0.2195}, "geometry": {"type": "Polygon", "coordinates": [[[36.987335379, -1.065552052], [36.987614564, -1.06531169], [36.987739769, -1.065459033], [36.987453492, -1.065705501], [36.987335379, -1.065552052]]]}}, {"type": "Feature", "properties": {"ref": "OG-664", "block": 26, "area_m2": 887.6, "acres": 0.2193}, "geometry": {"type": "Polygon", "coordinates": [[[36.98721426, -1.065394699], [36.987486173, -1.065160598], [36.987614564, -1.06531169], [36.987335379, -1.065552052], [36.98721426, -1.065394699]]]}}, {"type": "Feature", "properties": {"ref": "OG-665", "block": 26, "area_m2": 893.7, "acres": 0.2208}, "geometry": {"type": "Polygon", "coordinates": [[[36.98782547, -1.065876708], [36.987980945, -1.065742853], [36.988185235, -1.065983265], [36.988181241, -1.066041152], [36.988058289, -1.066150693], [36.98782547, -1.065876708]]]}}, {"type": "Feature", "properties": {"ref": "OG-666", "block": 26, "area_m2": 887.3, "acres": 0.2193}, "geometry": {"type": "Polygon", "coordinates": [[[36.987084694, -1.065226371], [36.987359773, -1.065011848], [36.987486173, -1.065160598], [36.98721426, -1.065394699], [36.987084694, -1.065226371]]]}}, {"type": "Feature", "properties": {"ref": "OG-667", "block": 26, "area_m2": 887.2, "acres": 0.2192}, "geometry": {"type": "Polygon", "coordinates": [[[36.987359773, -1.065011848], [36.987084694, -1.065226371], [36.986978631, -1.065088578], [36.986985828, -1.065031495], [36.987188819, -1.06487319], [36.987247047, -1.064879191], [36.987359773, -1.065011848]]]}}, {"type": "Feature", "properties": {"ref": "OG-668", "block": 20, "area_m2": 849.4, "acres": 0.2099}, "geometry": {"type": "Polygon", "coordinates": [[[36.987230698, -1.066084076], [36.987509408, -1.065866722], [36.987628467, -1.0660214], [36.987349758, -1.066238755], [36.987230698, -1.066084076]]]}}, {"type": "Feature", "properties": {"ref": "OG-669", "block": 20, "area_m2": 849.4, "acres": 0.2099}, "geometry": {"type": "Polygon", "coordinates": [[[36.987111638, -1.065929397], [36.987390348, -1.065712043], [36.987509408, -1.065866722], [36.987230698, -1.066084076], [36.987111638, -1.065929397]]]}}, {"type": "Feature", "properties": {"ref": "OG-670", "block": 20, "area_m2": 849.4, "acres": 0.2099}, "geometry": {"type": "Polygon", "coordinates": [[[36.987349758, -1.066238755], [36.987628467, -1.0660214], [36.987747527, -1.066176079], [36.987468818, -1.066393433], [36.987349758, -1.066238755]]]}}, {"type": "Feature", "properties": {"ref": "OG-671", "block": 20, "area_m2": 849.4, "acres": 0.2099}, "geometry": {"type": "Polygon", "coordinates": [[[36.986992578, -1.065774719], [36.987271288, -1.065557364], [36.987390348, -1.065712043], [36.987111638, -1.065929397], [36.986992578, -1.065774719]]]}}, {"type": "Feature", "properties": {"ref": "OG-672", "block": 20, "area_m2": 849.4, "acres": 0.2099}, "geometry": {"type": "Polygon", "coordinates": [[[36.987468818, -1.066393433], [36.987747527, -1.066176079], [36.987837596, -1.066293094], [36.987832085, -1.066352224], [36.987628046, -1.066534007], [36.987573021, -1.06652881], [36.987468818, -1.066393433]]]}}, {"type": "Feature", "properties": {"ref": "OG-673", "block": 20, "area_m2": 849.4, "acres": 0.2099}, "geometry": {"type": "Polygon", "coordinates": [[[36.986873519, -1.06562004], [36.987152228, -1.065402686], [36.987271288, -1.065557364], [36.986992578, -1.065774719], [36.986873519, -1.06562004]]]}}, {"type": "Feature", "properties": {"ref": "OG-674", "block": 20, "area_m2": 849.4, "acres": 0.2099}, "geometry": {"type": "Polygon", "coordinates": [[[36.986754459, -1.065465361], [36.987033168, -1.065248007], [36.987152228, -1.065402686], [36.986873519, -1.06562004], [36.986754459, -1.065465361]]]}}, {"type": "Feature", "properties": {"ref": "OG-675", "block": 20, "area_m2": 849.4, "acres": 0.2099}, "geometry": {"type": "Polygon", "coordinates": [[[36.987033168, -1.065248007], [36.986754459, -1.065465361], [36.986657317, -1.065339159], [36.986664514, -1.065282075], [36.986879316, -1.06511456], [36.986936026, -1.065121804], [36.987033168, -1.065248007]]]}}, {"type": "Feature", "properties": {"ref": "OG-676", "block": 33, "area_m2": 445.0, "acres": 0.11}, "geometry": {"type": "Polygon", "coordinates": [[[36.988141134, -1.06572271], [36.988318769, -1.065576072], [36.98842038, -1.065695649], [36.988242744, -1.065842287], [36.988141134, -1.06572271]]]}}, {"type": "Feature", "properties": {"ref": "OG-677", "block": 33, "area_m2": 445.0, "acres": 0.11}, "geometry": {"type": "Polygon", "coordinates": [[[36.988039523, -1.065603133], [36.988217158, -1.065456495], [36.988318769, -1.065576072], [36.988141134, -1.06572271], [36.988039523, -1.065603133]]]}}, {"type": "Feature", "properties": {"ref": "OG-678", "block": 33, "area_m2": 446.3, "acres": 0.1103}, "geometry": {"type": "Polygon", "coordinates": [[[36.988242744, -1.065842287], [36.98842038, -1.065695649], [36.988519472, -1.065812263], [36.988347457, -1.065965515], [36.988242744, -1.065842287]]]}}, {"type": "Feature", "properties": {"ref": "OG-679", "block": 33, "area_m2": 445.0, "acres": 0.11}, "geometry": {"type": "Polygon", "coordinates": [[[36.988217158, -1.065456495], [36.988039523, -1.065603133], [36.987961874, -1.065511754], [36.987966855, -1.065455033], [36.988113235, -1.065334196], [36.988217158, -1.065456495]]]}}, {"type": "Feature", "properties": {"ref": "OG-680", "block": 33, "area_m2": 451.2, "acres": 0.1115}, "geometry": {"type": "Polygon", "coordinates": [[[36.988318769, -1.065576072], [36.988498901, -1.065427373], [36.988600512, -1.06554695], [36.98842038, -1.065695649], [36.988318769, -1.065576072]]]}}, {"type": "Feature", "properties": {"ref": "OG-681", "block": 33, "area_m2": 451.2, "acres": 0.1115}, "geometry": {"type": "Polygon", "coordinates": [[[36.988217158, -1.065456495], [36.98839729, -1.065307796], [36.988498901, -1.065427373], [36.988318769, -1.065576072], [36.988217158, -1.065456495]]]}}, {"type": "Feature", "properties": {"ref": "OG-682", "block": 33, "area_m2": 427.4, "acres": 0.1056}, "geometry": {"type": "Polygon", "coordinates": [[[36.98842038, -1.065695649], [36.988600512, -1.06554695], [36.988693905, -1.065656856], [36.988519472, -1.065812263], [36.98842038, -1.065695649]]]}}, {"type": "Feature", "properties": {"ref": "OG-683", "block": 33, "area_m2": 451.4, "acres": 0.1115}, "geometry": {"type": "Polygon", "coordinates": [[[36.988319641, -1.065216417], [36.98839729, -1.065307796], [36.988217158, -1.065456495], [36.988113235, -1.065334196], [36.988262111, -1.065211298], [36.988319641, -1.065216417]]]}}, {"type": "Feature", "properties": {"ref": "OG-684", "block": 16, "area_m2": 4047.0, "acres": 1.0}, "geometry": {"type": "Polygon", "coordinates": [[[36.986720947, -1.066321327], [36.987068393, -1.066050368], [36.987492132, -1.066600876], [36.98748662, -1.066660007], [36.987217331, -1.066899922], [36.987162305, -1.066894726], [36.986720947, -1.066321327]]]}}, {"type": "Feature", "properties": {"ref": "OG-685", "block": 16, "area_m2": 877.9, "acres": 0.2169}, "geometry": {"type": "Polygon", "coordinates": [[[36.986622234, -1.066193083], [36.98696968, -1.065922124], [36.987068393, -1.066050368], [36.986720947, -1.066321327], [36.986622234, -1.066193083]]]}}, {"type": "Feature", "properties": {"ref": "OG-686", "block": 16, "area_m2": 877.9, "acres": 0.2169}, "geometry": {"type": "Polygon", "coordinates": [[[36.986523522, -1.066064838], [36.986870967, -1.06579388], [36.98696968, -1.065922124], [36.986622234, -1.066193083], [36.986523522, -1.066064838]]]}}, {"type": "Feature", "properties": {"ref": "OG-687", "block": 16, "area_m2": 877.9, "acres": 0.2169}, "geometry": {"type": "Polygon", "coordinates": [[[36.986424809, -1.065936594], [36.986772254, -1.065665635], [36.986870967, -1.06579388], [36.986523522, -1.066064838], [36.986424809, -1.065936594]]]}}, {"type": "Feature", "properties": {"ref": "OG-688", "block": 16, "area_m2": 1955.3, "acres": 0.4832}, "geometry": {"type": "Polygon", "coordinates": [[[36.986772254, -1.065665635], [36.986424809, -1.065936594], [36.986249419, -1.065708733], [36.98624251, -1.06561118], [36.986504745, -1.065406673], [36.98658036, -1.065416332], [36.986772254, -1.065665635]]]}}]}