<?xml version="1.0" encoding="UTF-8"?>
<kml xmlns="http://www.opengis.net/kml/2.2"><Document><name>OAK GROVE - recovered plots</name><Style id="g"><LineStyle><color>ff2d5314</color><width>2</width></LineStyle><PolyStyle><color>4000ff00</color></PolyStyle></Style><Placemark><name>OG-001</name><styleUrl>#g</styleUrl><Polygon><outerBoundaryIs><LinearRing><coordinates>36.9848805280109,-1.06188558082331 36.98507964895364,-1.06171414869581 36.98516911626823,-1.061819435063577 36.98496999530163,-1.061990867193264 36.9848805280109,-1.06188558082331</coordinates></LinearRing></outerBoundaryIs></Polygon></Placemark><Placemark><name>OG-002</name><styleUrl>#g</styleUrl><Polygon><outerBoundaryIs><LinearRing><coordinates>36.98496999530163,-1.061990867193264 36.98516911626823,-1.061819435063577 36.9852585853027,-1.061924723459338 36.98505946431231,-1.062096155591262 36.9850481442896,-1.06208283402811 36.98496999530163,-1.061990867193264</coordinates></LinearRing></outerBoundaryIs></Polygon></Placemark><Placemark><name>OG-003</name><styleUrl>#g</styleUrl><Polygon><outerBoundaryIs><LinearRing><coordinates>36.9847910607244,-1.06178029446234 36.98499018164331,-1.061608862336992 36.98507964895364,-1.06171414869581 36.9848805280109,-1.06188558082331 36.9847910607244,-1.06178029446234</coordinates></LinearRing></outerBoundaryIs></Polygon></Placemark><Placemark><name>OG-004</name><styleUrl>#g</styleUrl><Polygon><outerBoundaryIs><LinearRing><coordinates>36.98470159344213,-1.061675008110287 36.9849007143372,-1.061503575987139 36.98499018164331,-1.061608862336992 36.9847910607244,-1.06178029446234 36.98470159344213,-1.061675008110287</coordinates></LinearRing></outerBoundaryIs></Polygon></Placemark><Placemark><name>OG-005</name><styleUrl>#g</styleUrl><Polygon><outerBoundaryIs><LinearRing><coordinates>36.98505946431231,-1.062096155591262 36.9852585853027,-1.061924723459338 36.9852925320772,-1.061895497161899 36.98536879299233,-1.061985242059108 36.9851357252037,-1.062185900490653 36.98505946431231,-1.062096155591262</coordinates></LinearRing></outerBoundaryIs></Polygon></Placemark><Placemark><name>OG-006</name><styleUrl>#g</styleUrl><Polygon><outerBoundaryIs><LinearRing><coordinates>36.98461212616408,-1.061569721767218 36.98481124703532,-1.061398289646254 36.9849007143372,-1.061503575987139 36.98470159344213,-1.061675008110287 36.98461212616408,-1.061569721767218</coordinates></LinearRing></outerBoundaryIs></Polygon></Placemark><Placemark><name>OG-007</name><styleUrl>#g</styleUrl><Polygon><outerBoundaryIs><LinearRing><coordinates>36.9851357252037,-1.062185900490653 36.98536879299233,-1.061985242059108 36.98554037259337,-1.061837521484733 36.98554412424089,-1.061834291522563 36.98535879586686,-1.062357926920728 36.98529239659339,-1.062370273614939 36.9851357252037,-1.062185900490653</coordinates></LinearRing></outerBoundaryIs></Polygon></Placemark><Placemark><name>OG-008</name><styleUrl>#g</styleUrl><Polygon><outerBoundaryIs><LinearRing><coordinates>36.984522658890214,-1.061464435433184 36.98472177973764,-1.061293003314321 36.98481124703532,-1.061398289646254 36.98461212616408,-1.061569721767218 36.98453768092929,-1.061482113577654 36.984522658890214,-1.061464435433184</coordinates></LinearRing></outerBoundaryIs></Polygon></Placemark><Placemark><name>OG-009</name><styleUrl>#g</styleUrl><Polygon><outerBoundaryIs><LinearRing><coordinates>36.98444672131698,-1.06137507104225 36.98466537478706,-1.061152479504633 36.98475816564529,-1.061261677037843 36.98472177973764,-1.061293003314321 36.984522658890214,-1.061464435433184 36.98444672131698,-1.06137507104225</coordinates></LinearRing></outerBoundaryIs></Polygon></Placemark><Placemark><name>OG-010</name><styleUrl>#g</styleUrl><Polygon><outerBoundaryIs><LinearRing><coordinates>36.98516246636251,-1.061691534869493 36.98530906789317,-1.06156531899823 36.98539961344389,-1.061671874218611 36.98543121709518,-1.061709065820968 36.98528461554052,-1.061835281694463 36.98516246636251,-1.061691534869493</coordinates></LinearRing></outerBoundaryIs></Polygon></Placemark><Placemark><name>OG-011</name><styleUrl>#g</styleUrl><Polygon><outerBoundaryIs><LinearRing><coordinates>36.98504031616054,-1.061547786847017 36.98518691766731,-1.061421570977917 36.98522144016881,-1.061462197518881 36.98530906789317,-1.06156531899823 36.98516246636251,-1.061691534869493 36.98504031616054,-1.061547786847017</coordinates></LinearRing></outerBoundaryIs></Polygon></Placemark><Placemark><name>OG-012</name><styleUrl>#g</styleUrl><Polygon><outerBoundaryIs><LinearRing><coordinates>36.98528461554052,-1.061835281694463 36.98543121709518,-1.061709065820968 36.98554037259337,-1.061837521484733 36.98536879299233,-1.061985242059108 36.9852925320772,-1.061895497161899 36.98531751009965,-1.06187399246325 36.98528461554052,-1.061835281694463</coordinates></LinearRing></outerBoundaryIs></Polygon></Placemark><Placemark><name>OG-013</name><styleUrl>#g</styleUrl><Polygon><outerBoundaryIs><LinearRing><coordinates>36.98518691766731,-1.061421570977917 36.98504031616054,-1.061547786847017 36.98494694009563,-1.061437900626184 36.98494908654457,-1.061378048100056 36.98505677624924,-1.061268418823925 36.98513518953277,-1.06136069661926 36.98518691766731,-1.061421570977917</coordinates></LinearRing></outerBoundaryIs></Polygon></Placemark><Placemark><name>OG-014</name><styleUrl>#g</styleUrl><Polygon><outerBoundaryIs><LinearRing><coordinates>36.98466537478706,-1.061152479504633 36.9847644075159,-1.06105166310696 36.98496242113282,-1.061248735538066 36.98490394848248,-1.06130826132569 36.98484925348156,-1.061306274002809 36.98478888391612,-1.061235230284945 36.98475816564529,-1.061261677037843 36.98466537478706,-1.061152479504633</coordinates></LinearRing></outerBoundaryIs></Polygon></Placemark><Placemark><name>OG-015</name><styleUrl>#g</styleUrl><Polygon><outerBoundaryIs><LinearRing><coordinates>36.98539961344389,-1.061671874218611 36.98559470162869,-1.061503913959986 36.98561539700566,-1.061530800624593 36.98562658881046,-1.061601292064532 36.98554412424089,-1.061834291522563 36.98554037259337,-1.061837521484733 36.98543121709518,-1.061709065820968 36.98539961344389,-1.061671874218611</coordinates></LinearRing></outerBoundaryIs></Polygon></Placemark><Placemark><name>OG-016</name><styleUrl>#g</styleUrl><Polygon><outerBoundaryIs><LinearRing><coordinates>36.98530906789317,-1.06156531899823 36.98550928460411,-1.061392943339539 36.98559470162869,-1.061503913959986 36.98539961344389,-1.061671874218611 36.98530906789317,-1.06156531899823</coordinates></LinearRing></outerBoundaryIs></Polygon></Placemark><Placemark><name>OG-017</name><styleUrl>#g</styleUrl><Polygon><outerBoundaryIs><LinearRing><coordinates>36.98522144016881,-1.061462197518881 36.98542662013837,-1.061285548746069 36.98550928460411,-1.061392943339539 36.98530906789317,-1.06156531899823 36.98522144016881,-1.061462197518881</coordinates></LinearRing></outerBoundaryIs></Polygon></Placemark><Placemark><name>OG-018</name><styleUrl>#g</styleUrl><Polygon><outerBoundaryIs><LinearRing><coordinates>36.98513518953277,-1.06136069661926 36.98534525476134,-1.06117984188511 36.98542662013837,-1.061285548746069 36.98522144016881,-1.061462197518881 36.98518691766731,-1.061421570977917 36.98513518953277,-1.06136069661926</coordinates></LinearRing></outerBoundaryIs></Polygon></Placemark><Placemark><name>OG-019</name><styleUrl>#g</styleUrl><Polygon><outerBoundaryIs><LinearRing><coordinates>36.9847644075159,-1.06105166310696 36.9848557979414,-1.060958626637659 36.98505381158055,-1.061155699062761 36.98496242113282,-1.061248735538066 36.9847644075159,-1.06105166310696</coordinates></LinearRing></outerBoundaryIs></Polygon></Placemark><Placemark><name>OG-020</name><styleUrl>#g</styleUrl><Polygon><outerBoundaryIs><LinearRing><coordinates>36.98528149995214,-1.0610970140199 36.98534525476134,-1.06117984188511 36.98513518953277,-1.06136069661926 36.98505677624924,-1.061268418823925 36.98522832216722,-1.061093783182402 36.98528149995214,-1.0610970140199</coordinates></LinearRing></outerBoundaryIs></Polygon></Placemark><Placemark><name>OG-021</name><styleUrl>#g</styleUrl><Polygon><outerBoundaryIs><LinearRing><coordinates>36.9848557979414,-1.060958626637659 36.9849471879369,-1.060865590587132 36.98514520159829,-1.061062663006264 36.98505381158055,-1.061155699062761 36.9848557979414,-1.060958626637659</coordinates></LinearRing></outerBoundaryIs></Polygon></Placemark><Placemark><name>OG-022</name><styleUrl>#g</styleUrl><Polygon><outerBoundaryIs><LinearRing><coordinates>36.9849471879369,-1.060865590587132 36.98503857792683,-1.06077255452334 36.98523659161042,-1.060969626936469 36.98514520159829,-1.061062663006264 36.9849471879369,-1.060865590587132</coordinates></LinearRing></outerBoundaryIs></Polygon></Placemark><Placemark><name>OG-023</name><styleUrl>#g</styleUrl><Polygon><outerBoundaryIs><LinearRing><coordinates>36.98553685302844,-1.061295893929494 36.98576457009479,-1.061118305211604 36.98578714854228,-1.061147638277444 36.98568593212075,-1.06143362046331 36.98564760979134,-1.061439784980447 36.98553685302844,-1.061295893929494</coordinates></LinearRing></outerBoundaryIs></Polygon></Placemark><Placemark><name>OG-024</name><styleUrl>#g</styleUrl><Polygon><outerBoundaryIs><LinearRing><coordinates>36.98545926835822,-1.061195098827964 36.98568698539982,-1.061017510110052 36.98576457009479,-1.061118305211604 36.98553685302844,-1.061295893929494 36.98545926835822,-1.061195098827964</coordinates></LinearRing></outerBoundaryIs></Polygon></Placemark><Placemark><name>OG-025</name><styleUrl>#g</styleUrl><Polygon><outerBoundaryIs><LinearRing><coordinates>36.98538168540604,-1.061094305962845 36.98560940242282,-1.06091671724481 36.98568698539982,-1.061017510110052 36.98545926835822,-1.061195098827964 36.98538168540604,-1.061094305962845</coordinates></LinearRing></outerBoundaryIs></Polygon></Placemark><Placemark><name>OG-026</name><styleUrl>#g</styleUrl><Polygon><outerBoundaryIs><LinearRing><coordinates>36.98503857792683,-1.06077255452334 36.985129967911185,-1.060679518446268 36.985327981617,-1.060876590853377 36.98523659161042,-1.060969626936469 36.98503857792683,-1.06077255452334</coordinates></LinearRing></outerBoundaryIs></Polygon></Placemark><Placemark><name>OG-027</name><styleUrl>#g</styleUrl><Polygon><outerBoundaryIs><LinearRing><coordinates>36.98560940242282,-1.06091671724481 36.98538168540604,-1.061094305962845 36.98533883930182,-1.061038641911179 36.98534250295436,-1.060977545841334 36.98551839578773,-1.060798484876933 36.98560940242282,-1.06091671724481</coordinates></LinearRing></outerBoundaryIs></Polygon></Placemark><Placemark><name>OG-028</name><styleUrl>#g</styleUrl><Polygon><outerBoundaryIs><LinearRing><coordinates>36.985129967911185,-1.060679518446268 36.98522135788996,-1.060586482355931 36.985419371618015,-1.060783554757038 36.985327981617,-1.060876590853377 36.985129967911185,-1.060679518446268</coordinates></LinearRing></outerBoundaryIs></Polygon></Placemark><Placemark><name>OG-029</name><styleUrl>#g</styleUrl><Polygon><outerBoundaryIs><LinearRing><coordinates>36.98551839578773,-1.060798484876933 36.98563261642175,-1.060682206896196 36.98590580135722,-1.060954093106176 36.98582744188707,-1.061033791287868 36.98578714854228,-1.061147638277444 36.98576457009479,-1.061118305211604 36.98568698539982,-1.061017510110052 36.98560940242282,-1.06091671724481 36.98551839578773,-1.060798484876933</coordinates></LinearRing></outerBoundaryIs></Polygon></Placemark><Placemark><name>OG-030</name><styleUrl>#g</styleUrl><Polygon><outerBoundaryIs><LinearRing><coordinates>36.98522135788996,-1.060586482355931 36.98531274786316,-1.060493446252298 36.98551076161346,-1.060690518647403 36.98550756759398,-1.060693770197789 36.985419371618015,-1.060783554757038 36.98522135788996,-1.060586482355931</coordinates></LinearRing></outerBoundaryIs></Polygon></Placemark><Placemark><name>OG-031</name><styleUrl>#g</styleUrl><Polygon><outerBoundaryIs><LinearRing><coordinates>36.98531274786316,-1.060493446252298 36.98540413783081,-1.060400410135385 36.98560215160334,-1.060597482524456 36.98551076161346,-1.060690518647403 36.98531274786316,-1.060493446252298</coordinates></LinearRing></outerBoundaryIs></Polygon></Placemark><Placemark><name>OG-032</name><styleUrl>#g</styleUrl><Polygon><outerBoundaryIs><LinearRing><coordinates>36.98563261642175,-1.060682206896196 36.98576550630467,-1.060546923357979 36.98603875254125,-1.060818870521188 36.98590580135722,-1.060954093106176 36.98563261642175,-1.060682206896196</coordinates></LinearRing></outerBoundaryIs></Polygon></Placemark><Placemark><name>OG-033</name><styleUrl>#g</styleUrl><Polygon><outerBoundaryIs><LinearRing><coordinates>36.98540413783081,-1.060400410135385 36.98549552779286,-1.060307374005195 36.98569354158764,-1.060504446388265 36.98560215160334,-1.060597482524456 36.98540413783081,-1.060400410135385</coordinates></LinearRing></outerBoundaryIs></Polygon></Placemark><Placemark><name>OG-034</name><styleUrl>#g</styleUrl><Polygon><outerBoundaryIs><LinearRing><coordinates>36.98576550630467,-1.060546923357979 36.98589836658861,-1.060411669911884 36.98617167411264,-1.060683678014738 36.98603875254125,-1.060818870521188 36.98576550630467,-1.060546923357979</coordinates></LinearRing></outerBoundaryIs></Polygon></Placemark><Placemark><name>OG-035</name><styleUrl>#g</styleUrl><Polygon><outerBoundaryIs><LinearRing><coordinates>36.98549552779286,-1.060307374005195 36.98558691774939,-1.060214337861727 36.98578493156638,-1.060411410238779 36.98569354158764,-1.060504446388265 36.98549552779286,-1.060307374005195</coordinates></LinearRing></outerBoundaryIs></Polygon></Placemark><Placemark><name>OG-036</name><styleUrl>#g</styleUrl><Polygon><outerBoundaryIs><LinearRing><coordinates>36.98558691774939,-1.060214337861727 36.98567830770033,-1.060121301704948 36.98587632153956,-1.060318374076035 36.98578493156638,-1.060411410238779 36.98558691774939,-1.060214337861727</coordinates></LinearRing></outerBoundaryIs></Polygon></Placemark><Placemark><name>OG-037</name><styleUrl>#g</styleUrl><Polygon><outerBoundaryIs><LinearRing><coordinates>36.98589836658861,-1.060411669911884 36.98603120466756,-1.060276439031232 36.98630445920402,-1.060548394342041 36.98626442719692,-1.060589340241226 36.98617167411264,-1.060683678014738 36.98589836658861,-1.060411669911884</coordinates></LinearRing></outerBoundaryIs></Polygon></Placemark><Placemark><name>OG-038</name><styleUrl>#g</styleUrl><Polygon><outerBoundaryIs><LinearRing><coordinates>36.98567830770033,-1.060121301704948 36.98576969764572,-1.06002826553491 36.98596771150716,-1.060225337899998 36.98587632153956,-1.060318374076035 36.98567830770033,-1.060121301704948</coordinates></LinearRing></outerBoundaryIs></Polygon></Placemark><Placemark><name>OG-039</name><styleUrl>#g</styleUrl><Polygon><outerBoundaryIs><LinearRing><coordinates>36.98603120466756,-1.060276439031232 36.98616415350707,-1.060141095353729 36.98643709079784,-1.060412734870763 36.98630445920402,-1.060548394342041 36.98603120466756,-1.060276439031232</coordinates></LinearRing></outerBoundaryIs></Polygon></Placemark><Placemark><name>OG-040</name><styleUrl>#g</styleUrl><Polygon><outerBoundaryIs><LinearRing><coordinates>36.98576969764572,-1.06002826553491 36.98586108758553,-1.059935229351613 36.98605910146919,-1.060132301710669 36.98596771150716,-1.060225337899998 36.98576969764572,-1.06002826553491</coordinates></LinearRing></outerBoundaryIs></Polygon></Placemark><Placemark><name>OG-041</name><styleUrl>#g</styleUrl><Polygon><outerBoundaryIs><LinearRing><coordinates>36.98586108758553,-1.059935229351613 36.98595247751979,-1.059842193155025 36.98615049142565,-1.060039265508116 36.98605910146919,-1.060132301710669 36.98586108758553,-1.059935229351613</coordinates></LinearRing></outerBoundaryIs></Polygon></Placemark><Placemark><name>OG-042</name><styleUrl>#g</styleUrl><Polygon><outerBoundaryIs><LinearRing><coordinates>36.98616415350707,-1.060141095353729 36.98629725642554,-1.060005594782224 36.98656987610249,-1.060276918139258 36.98643709079784,-1.060412734870763 36.98616415350707,-1.060141095353729</coordinates></LinearRing></outerBoundaryIs></Polygon></Placemark><Placemark><name>OG-043</name><styleUrl>#g</styleUrl><Polygon><outerBoundaryIs><LinearRing><coordinates>36.98595247751979,-1.059842193155025 36.98604386744845,-1.059749156945163 36.98624188137654,-1.059946229292257 36.98624019022611,-1.059947950906616 36.98615049142565,-1.060039265508116 36.98595247751979,-1.059842193155025</coordinates></LinearRing></outerBoundaryIs></Polygon></Placemark><Placemark><name>OG-044</name><styleUrl>#g</styleUrl><Polygon><outerBoundaryIs><LinearRing><coordinates>36.98629725642554,-1.060005594782224 36.98643051526342,-1.059869935442381 36.986702816954406,-1.060140942269049 36.98656987610249,-1.060276918139258 36.98629725642554,-1.060005594782224</coordinates></LinearRing></outerBoundaryIs></Polygon></Placemark><Placemark><name>OG-045</name><styleUrl>#g</styleUrl><Polygon><outerBoundaryIs><LinearRing><coordinates>36.98604386744845,-1.059749156945163 36.98613525737156,-1.059656120722044 36.98633327132188,-1.059853193063141 36.98624188137654,-1.059946229292257 36.98604386744845,-1.059749156945163</coordinates></LinearRing></outerBoundaryIs></Polygon></Placemark><Placemark><name>OG-046</name><styleUrl>#g</styleUrl><Polygon><outerBoundaryIs><LinearRing><coordinates>36.98613525737156,-1.059656120722044 36.98622664728912,-1.059563084485602 36.98642466126164,-1.059760156820719 36.98633327132188,-1.059853193063141 36.98613525737156,-1.059656120722044</coordinates></LinearRing></outerBoundaryIs></Polygon></Placemark><Placemark><name>OG-047</name><styleUrl>#g</styleUrl><Polygon><outerBoundaryIs><LinearRing><coordinates>36.98643051526342,-1.059869935442381 36.98656392890496,-1.059734118469951 36.98683591224039,-1.060004808398547 36.986702816954406,-1.060140942269049 36.98643051526342,-1.059869935442381</coordinates></LinearRing></outerBoundaryIs></Polygon></Placemark><Placemark><name>OG-048</name><styleUrl>#g</styleUrl><Polygon><outerBoundaryIs><LinearRing><coordinates>36.98622664728912,-1.059563084485602 36.98631803720112,-1.059470048235922 36.98651605119586,-1.059667120565043 36.98642466126164,-1.059760156820719 36.98622664728912,-1.059563084485602</coordinates></LinearRing></outerBoundaryIs></Polygon></Placemark><Placemark><name>OG-049</name><styleUrl>#g</styleUrl><Polygon><outerBoundaryIs><LinearRing><coordinates>36.98656392890496,-1.059734118469951 36.98669749919695,-1.059598141984726 36.98696916380293,-1.059868514643162 36.98683591224039,-1.060004808398547 36.98656392890496,-1.059734118469951</coordinates></LinearRing></outerBoundaryIs></Polygon></Placemark><Placemark><name>OG-050</name><styleUrl>#g</styleUrl><Polygon><outerBoundaryIs><LinearRing><coordinates>36.98631803720112,-1.059470048235922 36.98640942710753,-1.059377011973004 36.98660744112448,-1.059574084296113 36.98651605119586,-1.059667120565043 36.98631803720112,-1.059470048235922</coordinates></LinearRing></outerBoundaryIs></Polygon></Placemark><Placemark><name>OG-051</name><styleUrl>#g</styleUrl><Polygon><outerBoundaryIs><LinearRing><coordinates>36.98640942710753,-1.059377011973004 36.98650081700838,-1.059283975696766 36.986698831047555,-1.059481048013896 36.98660744112448,-1.059574084296113 36.98640942710753,-1.059377011973004</coordinates></LinearRing></outerBoundaryIs></Polygon></Placemark><Placemark><name>OG-052</name><styleUrl>#g</styleUrl><Polygon><outerBoundaryIs><LinearRing><coordinates>36.98669749919695,-1.059598141984726 36.98683122650769,-1.059462005611605 36.98710257200936,-1.059732060626968 36.98696916380293,-1.059868514643162 36.98669749919695,-1.059598141984726</coordinates></LinearRing></outerBoundaryIs></Polygon></Placemark><Placemark><name>OG-053</name><styleUrl>#g</styleUrl><Polygon><outerBoundaryIs><LinearRing><coordinates>36.98650081700838,-1.059283975696766 36.98659220690366,-1.059190939407274 36.98679022096506,-1.059388011718411 36.986698831047555,-1.059481048013896 36.98650081700838,-1.059283975696766</coordinates></LinearRing></outerBoundaryIs></Polygon></Placemark><Placemark><name>OG-054</name><styleUrl>#g</styleUrl><Polygon><outerBoundaryIs><LinearRing><coordinates>36.98683122650769,-1.059462005611605 36.98696511120683,-1.059325708974175 36.98723615690169,-1.059595465552206 36.98723128952828,-1.059600404351648 36.98710257200936,-1.059732060626968 36.98683122650769,-1.059462005611605</coordinates></LinearRing></outerBoundaryIs></Polygon></Placemark><Placemark><name>OG-055</name><styleUrl>#g</styleUrl><Polygon><outerBoundaryIs><LinearRing><coordinates>36.98659220690366,-1.059190939407274 36.98668359679339,-1.059097903104514 36.98688161087702,-1.059294975409657 36.98679022096506,-1.059388011718411 36.98659220690366,-1.059190939407274</coordinates></LinearRing></outerBoundaryIs></Polygon></Placemark><Placemark><name>OG-056</name><styleUrl>#g</styleUrl><Polygon><outerBoundaryIs><LinearRing><coordinates>36.98668359679339,-1.059097903104514 36.98677498667757,-1.059004866788519 36.98697300078339,-1.059201939087618 36.98688161087702,-1.059294975409657 36.98668359679339,-1.059097903104514</coordinates></LinearRing></outerBoundaryIs></Polygon></Placemark><Placemark><name>OG-057</name><styleUrl>#g</styleUrl><Polygon><outerBoundaryIs><LinearRing><coordinates>36.98696511120683,-1.059325708974175 36.98709944203351,-1.059188958131379 36.98736278371732,-1.059451047284055 36.98734128630603,-1.059488793418522 36.98723615690169,-1.059595465552206 36.98696511120683,-1.059325708974175</coordinates></LinearRing></outerBoundaryIs></Polygon></Placemark><Placemark><name>OG-058</name><styleUrl>#g</styleUrl><Polygon><outerBoundaryIs><LinearRing><coordinates>36.98677498667757,-1.059004866788519 36.98686637613164,-1.058911830891398 36.98706439025977,-1.059108903184421 36.98697300078339,-1.059201939087618 36.98677498667757,-1.059004866788519</coordinates></LinearRing></outerBoundaryIs></Polygon></Placemark><Placemark><name>OG-059</name><styleUrl>#g</styleUrl><Polygon><outerBoundaryIs><LinearRing><coordinates>36.98686637613164,-1.058911830891398 36.98687241537906,-1.058905682848802 36.98718428306623,-1.05902542982717 36.987083552918705,-1.059127974698567 36.98706439025977,-1.059108903184421 36.98686637613164,-1.058911830891398</coordinates></LinearRing></outerBoundaryIs></Polygon></Placemark><Placemark><name>OG-060</name><styleUrl>#g</styleUrl><Polygon><outerBoundaryIs><LinearRing><coordinates>36.987102715577855,-1.059147046212976 36.98721180080732,-1.059035995737922 36.98742076572692,-1.059116231415108 36.98738991529071,-1.059403408426522 36.98736278371732,-1.059451047284055 36.98709944203351,-1.059188958131379 36.98712187823723,-1.059166117727732 36.987102715577855,-1.059147046212976</coordinates></LinearRing></outerBoundaryIs></Polygon></Placemark><Placemark><name>OG-061</name><styleUrl>#g</styleUrl><Polygon><outerBoundaryIs><LinearRing><coordinates>36.98752097087374,-1.059445022674541 36.987550923018375,-1.059166207544496 36.98771722644294,-1.059230062598014 36.98762118012964,-1.059483499756101 36.98752097087374,-1.059445022674541</coordinates></LinearRing></outerBoundaryIs></Polygon></Placemark><Placemark><name>OG-062</name><styleUrl>#g</styleUrl><Polygon><outerBoundaryIs><LinearRing><coordinates>36.98687241537906,-1.058905682848802 36.986975952877444,-1.058800280027758 36.98753986761191,-1.0590168047507 36.987565899071,-1.059026799976551 36.987550923018375,-1.059166207544496 36.98742076572692,-1.059116231415108 36.98721180080732,-1.059035995737922 36.98718428306623,-1.05902542982717 36.98687241537906,-1.058905682848802</coordinates></LinearRing></outerBoundaryIs></Polygon></Placemark><Placemark><name>OG-063</name><styleUrl>#g</styleUrl><Polygon><outerBoundaryIs><LinearRing><coordinates>36.98762118012964,-1.059483499756101 36.98771722644294,-1.059230062598014 36.98784311853284,-1.05927840102387 36.987747072213345,-1.05953183820264 36.98762118012964,-1.059483499756101</coordinates></LinearRing></outerBoundaryIs></Polygon></Placemark><Placemark><name>OG-064</name><styleUrl>#g</styleUrl><Polygon><outerBoundaryIs><LinearRing><coordinates>36.987747072213345,-1.05953183820264 36.98784311853284,-1.05927840102387 36.98796901063501,-1.059326739452086 36.98787296430932,-1.059580176651521 36.987747072213345,-1.05953183820264</coordinates></LinearRing></outerBoundaryIs></Polygon></Placemark><Placemark><name>OG-065</name><styleUrl>#g</styleUrl><Polygon><outerBoundaryIs><LinearRing><coordinates>36.986975952877444,-1.058800280027758 36.98707949036941,-1.058694877188964 36.98733372179255,-1.058792493678931 36.9874485644922,-1.058836589489243 36.9874507178197,-1.058837416295975 36.98758087511078,-1.058887392404103 36.987565899071,-1.059026799976551 36.98753986761191,-1.0590168047507 36.986975952877444,-1.058800280027758</coordinates></LinearRing></outerBoundaryIs></Polygon></Placemark><Placemark><name>OG-066</name><styleUrl>#g</styleUrl><Polygon><outerBoundaryIs><LinearRing><coordinates>36.98787296430932,-1.059580176651521 36.98796901063501,-1.059326739452086 36.98809490274942,-1.05937507788266 36.98799885641752,-1.059628515102744 36.98787296430932,-1.059580176651521</coordinates></LinearRing></outerBoundaryIs></Polygon></Placemark><Placemark><name>OG-067</name><styleUrl>#g</styleUrl><Polygon><outerBoundaryIs><LinearRing><coordinates>36.98799885641752,-1.059628515102744 36.98809490274942,-1.05937507788266 36.9883249289239,-1.059463400360563 36.98829100513925,-1.059497706233858 36.98813586229605,-1.059654596441141 36.98809167307409,-1.059664153661033 36.98799885641752,-1.059628515102744</coordinates></LinearRing></outerBoundaryIs></Polygon></Placemark><Placemark><name>OG-068</name><styleUrl>#g</styleUrl><Polygon><outerBoundaryIs><LinearRing><coordinates>36.98707949036941,-1.058694877188964 36.98732259382753,-1.058447393841007 36.98749628272193,-1.058627003976774 36.98733372179255,-1.058792493678931 36.98707949036941,-1.058694877188964</coordinates></LinearRing></outerBoundaryIs></Polygon></Placemark><Placemark><name>OG-069</name><styleUrl>#g</styleUrl><Polygon><outerBoundaryIs><LinearRing><coordinates>36.98760405616221,-1.058671606533901 36.98764654537724,-1.058628351803653 36.98782001771324,-1.05880773799004 36.9879934985735,-1.058987133000123 36.98795163417808,-1.059029751639367 36.98758087511078,-1.058887392404103 36.98760405616221,-1.058671606533901</coordinates></LinearRing></outerBoundaryIs></Polygon></Placemark><Placemark><name>OG-070</name><styleUrl>#g</styleUrl><Polygon><outerBoundaryIs><LinearRing><coordinates>36.98732259382753,-1.058447393841007 36.98752542562979,-1.058240907608867 36.98769911456873,-1.058420517733828 36.98749628272193,-1.058627003976774 36.98732259382753,-1.058447393841007</coordinates></LinearRing></outerBoundaryIs></Polygon></Placemark><Placemark><name>OG-071</name><styleUrl>#g</styleUrl><Polygon><outerBoundaryIs><LinearRing><coordinates>36.98782001771324,-1.05880773799004 36.988021360624614,-1.058602767523649 36.98819484152897,-1.058782162522967 36.9879934985735,-1.058987133000123 36.98782001771324,-1.05880773799004</coordinates></LinearRing></outerBoundaryIs></Polygon></Placemark><Placemark><name>OG-072</name><styleUrl>#g</styleUrl><Polygon><outerBoundaryIs><LinearRing><coordinates>36.98764654537724,-1.058628351803653 36.98784788824447,-1.058423381347977 36.988021360624614,-1.058602767523649 36.98782001771324,-1.05880773799004 36.98764654537724,-1.058628351803653</coordinates></LinearRing></outerBoundaryIs></Polygon></Placemark><Placemark><name>OG-073</name><styleUrl>#g</styleUrl><Polygon><outerBoundaryIs><LinearRing><coordinates>36.98752542562979,-1.058240907608867 36.98772825740465,-1.058034421311402 36.98790194638813,-1.058214031425543 36.98769911456873,-1.058420517733828 36.98752542562979,-1.058240907608867</coordinates></LinearRing></outerBoundaryIs></Polygon></Placemark><Placemark><name>OG-074</name><styleUrl>#g</styleUrl><Polygon><outerBoundaryIs><LinearRing><coordinates>36.988021360624614,-1.058602767523649 36.98822501035714,-1.058395448581075 36.98837029659438,-1.058545687687517 36.98837007062605,-1.05860377631325 36.98819484152897,-1.058782162522967 36.988021360624614,-1.058602767523649</coordinates></LinearRing></outerBoundaryIs></Polygon></Placemark><Placemark><name>OG-075</name><styleUrl>#g</styleUrl><Polygon><outerBoundaryIs><LinearRing><coordinates>36.98807973263849,-1.058245218289853 36.98822501035714,-1.058395448581075 36.988021360624614,-1.058602767523649 36.98784788824447,-1.058423381347977 36.98802311726479,-1.058244995156873 36.98807973263849,-1.058245218289853</coordinates></LinearRing></outerBoundaryIs></Polygon></Placemark><Placemark><name>OG-076</name><styleUrl>#g</styleUrl><Polygon><outerBoundaryIs><LinearRing><coordinates>36.98772825740465,-1.058034421311402 36.9879310891522,-1.057827934948604 36.98810477818019,-1.058007545051961 36.98790194638813,-1.058214031425543 36.98772825740465,-1.058034421311402</coordinates></LinearRing></outerBoundaryIs></Polygon></Placemark><Placemark><name>OG-077</name><styleUrl>#g</styleUrl><Polygon><outerBoundaryIs><LinearRing><coordinates>36.9879310891522,-1.057827934948604 36.98813392087236,-1.057621448520514 36.98830760994485,-1.05780105861309 36.98810477818019,-1.058007545051961 36.9879310891522,-1.057827934948604</coordinates></LinearRing></outerBoundaryIs></Polygon></Placemark><Placemark><name>OG-078</name><styleUrl>#g</styleUrl><Polygon><outerBoundaryIs><LinearRing><coordinates>36.98813392087236,-1.057621448520514 36.98833675256516,-1.057414962027107 36.98851044168213,-1.05759457210892 36.98830760994485,-1.05780105861309 36.98813392087236,-1.057621448520514</coordinates></LinearRing></outerBoundaryIs></Polygon></Placemark><Placemark><name>OG-079</name><styleUrl>#g</styleUrl><Polygon><outerBoundaryIs><LinearRing><coordinates>36.98875046556666,-1.05882215080256 36.9889160999026,-1.058653532175256 36.98912931429409,-1.05887401509048 36.98896367991353,-1.05904263372862 36.98875046556666,-1.05882215080256</coordinates></LinearRing></outerBoundaryIs></Polygon></Placemark><Placemark><name>OG-080</name><styleUrl>#g</styleUrl><Polygon><outerBoundaryIs><LinearRing><coordinates>36.98853725124835,-1.058601667919406 36.9887028855397,-1.058433049302935 36.9889160999026,-1.058653532175256 36.98875046556666,-1.05882215080256 36.98853725124835,-1.058601667919406</coordinates></LinearRing></outerBoundaryIs></Polygon></Placemark><Placemark><name>OG-081</name><styleUrl>#g</styleUrl><Polygon><outerBoundaryIs><LinearRing><coordinates>36.98832403695855,-1.058381185079202 36.98848967120534,-1.058212566473478 36.9887028855397,-1.058433049302935 36.98853725124835,-1.058601667919406 36.98832403695855,-1.058381185079202</coordinates></LinearRing></outerBoundaryIs></Polygon></Placemark><Placemark><name>OG-082</name><styleUrl>#g</styleUrl><Polygon><outerBoundaryIs><LinearRing><coordinates>36.98896367991353,-1.05904263372862 36.98912931429409,-1.05887401509048 36.98934252871415,-1.059094498048582 36.98955816968967,-1.059317490297637 36.98942095593137,-1.059457176202067 36.98936434048894,-1.059456953051194 36.98896367991353,-1.05904263372862</coordinates></LinearRing></outerBoundaryIs></Polygon></Placemark><Placemark><name>OG-083</name><styleUrl>#g</styleUrl><Polygon><outerBoundaryIs><LinearRing><coordinates>36.9889160999026,-1.058653532175256 36.98908173378832,-1.058484913944128 36.98929494822439,-1.058705396848517 36.98912931429409,-1.05887401509048 36.9889160999026,-1.058653532175256</coordinates></LinearRing></outerBoundaryIs></Polygon></Placemark><Placemark><name>OG-084</name><styleUrl>#g</styleUrl><Polygon><outerBoundaryIs><LinearRing><coordinates>36.9887028855397,-1.058433049302935 36.98886851938079,-1.058264431082656 36.98908173378832,-1.058484913944128 36.9889160999026,-1.058653532175256 36.9887028855397,-1.058433049302935</coordinates></LinearRing></outerBoundaryIs></Polygon></Placemark><Placemark><name>OG-085</name><styleUrl>#g</styleUrl><Polygon><outerBoundaryIs><LinearRing><coordinates>36.98813681034945,-1.058129253581607 36.98827402388524,-1.057989567731185 36.98848967120534,-1.058212566473478 36.98832403695855,-1.058381185079202 36.98813658439158,-1.058187342199176 36.98813681034945,-1.058129253581607</coordinates></LinearRing></outerBoundaryIs></Polygon></Placemark><Placemark><name>OG-086</name><styleUrl>#g</styleUrl><Polygon><outerBoundaryIs><LinearRing><coordinates>36.98912931429409,-1.05887401509048 36.98929494822439,-1.058705396848517 36.98950816268891,-1.058925879795934 36.98934252871415,-1.059094498048582 36.98912931429409,-1.05887401509048</coordinates></LinearRing></outerBoundaryIs></Polygon></Placemark><Placemark><name>OG-087</name><styleUrl>#g</styleUrl><Polygon><outerBoundaryIs><LinearRing><coordinates>36.98848967120534,-1.058212566473478 36.98865530500176,-1.058043948264079 36.98886851938079,-1.058264431082656 36.9887028855397,-1.058433049302935 36.98848967120534,-1.058212566473478</coordinates></LinearRing></outerBoundaryIs></Polygon></Placemark><Placemark><name>OG-088</name><styleUrl>#g</styleUrl><Polygon><outerBoundaryIs><LinearRing><coordinates>36.98934252871415,-1.059094498048582 36.98950816268891,-1.058925879795934 36.98969560896737,-1.059119716130339 36.98969538300315,-1.059177804803334 36.98955816968967,-1.059317490297637 36.98934252871415,-1.059094498048582</coordinates></LinearRing></outerBoundaryIs></Polygon></Placemark><Placemark><name>OG-089</name><styleUrl>#g</styleUrl><Polygon><outerBoundaryIs><LinearRing><coordinates>36.98846785235637,-1.057850105403111 36.98865530500176,-1.058043948264079 36.98848967120534,-1.058212566473478 36.98827402388524,-1.057989567731185 36.988411236976184,-1.057849882291 36.98846785235637,-1.057850105403111</coordinates></LinearRing></outerBoundaryIs></Polygon></Placemark><Placemark><name>OG-090</name><styleUrl>#g</styleUrl><Polygon><outerBoundaryIs><LinearRing><coordinates>36.98803418745003,-1.059061449366647 36.98826513426157,-1.05882634168491 36.98845201888339,-1.059019597353404 36.9883077336807,-1.059166482068824 36.98803418745003,-1.059061449366647</coordinates></LinearRing></outerBoundaryIs></Polygon></Placemark><Placemark><name>OG-091</name><styleUrl>#g</styleUrl><Polygon><outerBoundaryIs><LinearRing><coordinates>36.9883077336807,-1.059166482068824 36.98845201888339,-1.059019597353404 36.9886417757323,-1.058826421680575 36.98875597539115,-1.05894451446757 36.98847488965538,-1.059230664427182 36.9883077336807,-1.059166482068824</coordinates></LinearRing></outerBoundaryIs></Polygon></Placemark><Placemark><name>OG-092</name><styleUrl>#g</styleUrl><Polygon><outerBoundaryIs><LinearRing><coordinates>36.98847488965538,-1.059230664427182 36.98875597539115,-1.05894451446757 36.98889745500217,-1.059090817200363 36.98868197577132,-1.059310178631619 36.98852663850229,-1.059250534269709 36.98847488965538,-1.059230664427182</coordinates></LinearRing></outerBoundaryIs></Polygon></Placemark><Placemark><name>OG-093</name><styleUrl>#g</styleUrl><Polygon><outerBoundaryIs><LinearRing><coordinates>36.98848308577893,-1.058662321907286 36.9886417757323,-1.058826421680575 36.98845201888339,-1.059019597353404 36.98826513426157,-1.05882634168491 36.98842647038362,-1.058662098767085 36.98848308577893,-1.058662321907286</coordinates></LinearRing></outerBoundaryIs></Polygon></Placemark><Placemark><name>OG-094</name><styleUrl>#g</styleUrl><Polygon><outerBoundaryIs><LinearRing><coordinates>36.98868197577132,-1.059310178631619 36.98889745500217,-1.059090817200363 36.98910846245268,-1.05930901802791 36.98899083099744,-1.059428768789296 36.98868197577132,-1.059310178631619</coordinates></LinearRing></outerBoundaryIs></Polygon></Placemark><Placemark><name>OG-095</name><styleUrl>#g</styleUrl><Polygon><outerBoundaryIs><LinearRing><coordinates>36.98899083099744,-1.059428768789296 36.98910846245268,-1.05930901802791 36.98936213305635,-1.059571336439728 36.98899083099744,-1.059428768789296</coordinates></LinearRing></outerBoundaryIs></Polygon></Placemark><Placemark><name>OG-096</name><styleUrl>#g</styleUrl><Polygon><outerBoundaryIs><LinearRing><coordinates>36.98972601616579,-1.059711055440305 36.98983834181656,-1.05959670607194 36.98999885552983,-1.059433300410184 36.99014614978109,-1.059585615952673 36.98994161325709,-1.059793837536975 36.98972601616579,-1.059711055440305</coordinates></LinearRing></outerBoundaryIs></Polygon></Placemark><Placemark><name>OG-097</name><styleUrl>#g</styleUrl><Polygon><outerBoundaryIs><LinearRing><coordinates>36.98994161325709,-1.059793837536975 36.99014614978109,-1.059585615952673 36.99028112045391,-1.059725187808988 36.99039405583246,-1.059790407642946 36.99026769715382,-1.059919042870933 36.98994161325709,-1.059793837536975</coordinates></LinearRing></outerBoundaryIs></Polygon></Placemark><Placemark><name>OG-098</name><styleUrl>#g</styleUrl><Polygon><outerBoundaryIs><LinearRing><coordinates>36.98980839827358,-1.05923635043644 36.98999885552983,-1.059433300410184 36.98983834181656,-1.05959670607194 36.98961547071895,-1.0593748953392 36.98975178282156,-1.059236127300339 36.98980839827358,-1.05923635043644</coordinates></LinearRing></outerBoundaryIs></Polygon></Placemark><Placemark><name>OG-099</name><styleUrl>#g</styleUrl><Polygon><outerBoundaryIs><LinearRing><coordinates>36.99026769715382,-1.059919042870933 36.99039405583246,-1.059790407642946 36.9908434699479,-1.060049942904621 36.99086178166735,-1.060107220993028 36.99084639268835,-1.060141242604461 36.99026769715382,-1.059919042870933</coordinates></LinearRing></outerBoundaryIs></Polygon></Placemark><Placemark><name>OG-100</name><styleUrl>#g</styleUrl><Polygon><outerBoundaryIs><LinearRing><coordinates>36.9877788667712,-1.060515465326037 36.9878739208195,-1.060419340847028 36.98806491596176,-1.060610696972623 36.98799520964385,-1.060681188262943 36.98794439587375,-1.060681307304741 36.9877788667712,-1.060515465326037</coordinates></LinearRing></outerBoundaryIs></Polygon></Placemark><Placemark><name>OG-101</name><styleUrl>#g</styleUrl><Polygon><outerBoundaryIs><LinearRing><coordinates>36.9878739208195,-1.060419340847028 36.987968974861936,-1.06032321635383 36.98815997002653,-1.060514572473488 36.98806491596176,-1.060610696972623 36.9878739208195,-1.060419340847028</coordinates></LinearRing></outerBoundaryIs></Polygon></Placemark><Placemark><name>OG-102</name><styleUrl>#g</styleUrl><Polygon><outerBoundaryIs><LinearRing><coordinates>36.98774256291512,-1.060167675927769 36.98777797972095,-1.06013186026708 36.987968974861936,-1.06032321635383 36.9878739208195,-1.060419340847028 36.9877788667712,-1.060515465326037 36.98773335918102,-1.060469871720544 36.987719322732715,-1.060229413583142 36.98774256291512,-1.060167675927769</coordinates></LinearRing></outerBoundaryIs></Polygon></Placemark><Placemark><name>OG-103</name><styleUrl>#g</styleUrl><Polygon><outerBoundaryIs><LinearRing><coordinates>36.987968974861936,-1.06032321635383 36.98806402889844,-1.060227091846291 36.98825502408536,-1.060418447960046 36.98815997002653,-1.060514572473488 36.987968974861936,-1.06032321635383</coordinates></LinearRing></outerBoundaryIs></Polygon></Placemark><Placemark><name>OG-104</name><styleUrl>#g</styleUrl><Polygon><outerBoundaryIs><LinearRing><coordinates>36.98777797972095,-1.06013186026708 36.98787303373508,-1.060035735765392 36.98806402889844,-1.060227091846291 36.987968974861936,-1.06032321635383 36.98777797972095,-1.06013186026708</coordinates></LinearRing></outerBoundaryIs></Polygon></Placemark><Placemark><name>OG-105</name><styleUrl>#g</styleUrl><Polygon><outerBoundaryIs><LinearRing><coordinates>36.98806402889844,-1.060227091846291 36.98815908292903,-1.060130967324461 36.98835007813829,-1.060322323432348 36.98825502408536,-1.060418447960046 36.98806402889844,-1.060227091846291</coordinates></LinearRing></outerBoundaryIs></Polygon></Placemark><Placemark><name>OG-106</name><styleUrl>#g</styleUrl><Polygon><outerBoundaryIs><LinearRing><coordinates>36.98787303373508,-1.060035735765392 36.98796808774331,-1.059939611249448 36.98815908292903,-1.060130967324461 36.98806402889844,-1.060227091846291 36.98787303373508,-1.060035735765392</coordinates></LinearRing></outerBoundaryIs></Polygon></Placemark><Placemark><name>OG-107</name><styleUrl>#g</styleUrl><Polygon><outerBoundaryIs><LinearRing><coordinates>36.98815908292903,-1.060130967324461 36.98825413695372,-1.06003484278836 36.98844513218531,-1.060226198890361 36.98835007813829,-1.060322323432348 36.98815908292903,-1.060130967324461</coordinates></LinearRing></outerBoundaryIs></Polygon></Placemark><Placemark><name>OG-108</name><styleUrl>#g</styleUrl><Polygon><outerBoundaryIs><LinearRing><coordinates>36.98796808774331,-1.059939611249448 36.98806314174564,-1.059843486719196 36.98825413695372,-1.06003484278836 36.98815908292903,-1.060130967324461 36.98796808774331,-1.059939611249448</coordinates></LinearRing></outerBoundaryIs></Polygon></Placemark><Placemark><name>OG-109</name><styleUrl>#g</styleUrl><Polygon><outerBoundaryIs><LinearRing><coordinates>36.98825413695372,-1.06003484278836 36.98834919097248,-1.059938718237988 36.98854018622644,-1.060130074334122 36.98844513218531,-1.060226198890361 36.98825413695372,-1.06003484278836</coordinates></LinearRing></outerBoundaryIs></Polygon></Placemark><Placemark><name>OG-110</name><styleUrl>#g</styleUrl><Polygon><outerBoundaryIs><LinearRing><coordinates>36.98806314174564,-1.059843486719196 36.98815819574205,-1.059747362174707 36.98834919097248,-1.059938718237988 36.98825413695372,-1.06003484278836 36.98806314174564,-1.059843486719196</coordinates></LinearRing></outerBoundaryIs></Polygon></Placemark><Placemark><name>OG-111</name><styleUrl>#g</styleUrl><Polygon><outerBoundaryIs><LinearRing><coordinates>36.98834919097248,-1.059938718237988 36.988444244985324,-1.059842593673327 36.98863524026164,-1.060033949763612 36.98854018622644,-1.060130074334122 36.98834919097248,-1.059938718237988</coordinates></LinearRing></outerBoundaryIs></Polygon></Placemark><Placemark><name>OG-112</name><styleUrl>#g</styleUrl><Polygon><outerBoundaryIs><LinearRing><coordinates>36.98815819574205,-1.059747362174707 36.98825324973257,-1.05965123761593 36.988444244985324,-1.059842593673327 36.98834919097248,-1.059938718237988 36.98815819574205,-1.059747362174707</coordinates></LinearRing></outerBoundaryIs></Polygon></Placemark><Placemark><name>OG-113</name><styleUrl>#g</styleUrl><Polygon><outerBoundaryIs><LinearRing><coordinates>36.988444244985324,-1.059842593673327 36.98853929899226,-1.059746469094398 36.98873029429094,-1.059937825178815 36.98863524026164,-1.060033949763612 36.988444244985324,-1.059842593673327</coordinates></LinearRing></outerBoundaryIs></Polygon></Placemark><Placemark><name>OG-114</name><styleUrl>#g</styleUrl><Polygon><outerBoundaryIs><LinearRing><coordinates>36.98825324973257,-1.05965123761593 36.98834830371717,-1.059555113042849 36.98853929899226,-1.059746469094398 36.988444244985324,-1.059842593673327 36.98825324973257,-1.05965123761593</coordinates></LinearRing></outerBoundaryIs></Polygon></Placemark><Placemark><name>OG-115</name><styleUrl>#g</styleUrl><Polygon><outerBoundaryIs><LinearRing><coordinates>36.98853929899226,-1.059746469094398 36.98863435299329,-1.059650344501132 36.98882534831435,-1.059841700579767 36.98873029429094,-1.059937825178815 36.98853929899226,-1.059746469094398</coordinates></LinearRing></outerBoundaryIs></Polygon></Placemark><Placemark><name>OG-116</name><styleUrl>#g</styleUrl><Polygon><outerBoundaryIs><LinearRing><coordinates>36.98831010466498,-1.059516841836514 36.98835248727902,-1.059473981861125 36.98838004563476,-1.059484563361798 36.98868318758652,-1.059600959876573 36.98863435299329,-1.059650344501132 36.98853929899226,-1.059746469094398 36.98834830371717,-1.059555113042849 36.98831010466498,-1.059516841836514</coordinates></LinearRing></outerBoundaryIs></Polygon></Placemark><Placemark><name>OG-117</name><styleUrl>#g</styleUrl><Polygon><outerBoundaryIs><LinearRing><coordinates>36.98863435299329,-1.059650344501132 36.98868318758652,-1.059600959876573 36.98898870953682,-1.059718270218513 36.98886092469261,-1.059877344156727 36.98882534831435,-1.059841700579767 36.98863435299329,-1.059650344501132</coordinates></LinearRing></outerBoundaryIs></Polygon></Placemark><Placemark><name>OG-118</name><styleUrl>#g</styleUrl><Polygon><outerBoundaryIs><LinearRing><coordinates>36.98879482894465,-1.061918489257515 36.98892911027524,-1.06178269815223 36.98906427124897,-1.061918114654567 36.98892998981128,-1.062053905851462 36.98879482894465,-1.061918489257515</coordinates></LinearRing></outerBoundaryIs></Polygon></Placemark><Placemark><name>OG-119</name><styleUrl>#g</styleUrl><Polygon><outerBoundaryIs><LinearRing><coordinates>36.988659668089895,-1.061783072680081 36.98879394931338,-1.061647281666389 36.98892911027524,-1.06178269815223 36.98879482894465,-1.061918489257515 36.988659668089895,-1.061783072680081</coordinates></LinearRing></outerBoundaryIs></Polygon></Placemark><Placemark><name>OG-120</name><styleUrl>#g</styleUrl><Polygon><outerBoundaryIs><LinearRing><coordinates>36.98892998981128,-1.062053905851462 36.98906427124897,-1.061918114654567 36.98919943223454,-1.062053531173446 36.98906515068979,-1.062189322461902 36.98892998981128,-1.062053905851462</coordinates></LinearRing></outerBoundaryIs></Polygon></Placemark><Placemark><name>OG-121</name><styleUrl>#g</styleUrl><Polygon><outerBoundaryIs><LinearRing><coordinates>36.988524507247,-1.061647656119144 36.98865878836337,-1.061511865197061 36.98879394931338,-1.061647281666389 36.988659668089895,-1.061783072680081 36.988524507247,-1.061647656119144</coordinates></LinearRing></outerBoundaryIs></Polygon></Placemark><Placemark><name>OG-122</name><styleUrl>#g</styleUrl><Polygon><outerBoundaryIs><LinearRing><coordinates>36.98906515068979,-1.062189322461902 36.98919943223454,-1.062053531173446 36.98933459323199,-1.062188947708815 36.989200311580156,-1.062324739088832 36.98906515068979,-1.062189322461902</coordinates></LinearRing></outerBoundaryIs></Polygon></Placemark><Placemark><name>OG-123</name><styleUrl>#g</styleUrl><Polygon><outerBoundaryIs><LinearRing><coordinates>36.988389346415964,-1.061512239574691 36.9885236274252,-1.061376448744249 36.98865878836337,-1.061511865197061 36.988524507247,-1.061647656119144 36.988389346415964,-1.061512239574691</coordinates></LinearRing></outerBoundaryIs></Polygon></Placemark><Placemark><name>OG-124</name><styleUrl>#g</styleUrl><Polygon><outerBoundaryIs><LinearRing><coordinates>36.989200311580156,-1.062324739088832 36.98933459323199,-1.062188947708815 36.98946975424126,-1.062324364260689 36.989335472482395,-1.062460155732252 36.989200311580156,-1.062324739088832</coordinates></LinearRing></outerBoundaryIs></Polygon></Placemark><Placemark><name>OG-125</name><styleUrl>#g</styleUrl><Polygon><outerBoundaryIs><LinearRing><coordinates>36.988254185596816,-1.061376823046774 36.98838846649887,-1.061241032307974 36.9885236274252,-1.061376448744249 36.988389346415964,-1.061512239574691 36.988254185596816,-1.061376823046774</coordinates></LinearRing></outerBoundaryIs></Polygon></Placemark><Placemark><name>OG-126</name><styleUrl>#g</styleUrl><Polygon><outerBoundaryIs><LinearRing><coordinates>36.989335472482395,-1.062460155732252 36.98946975424126,-1.062324364260689 36.989604915262404,-1.062459780829082 36.98947063339653,-1.062595572392174 36.989335472482395,-1.062460155732252</coordinates></LinearRing></outerBoundaryIs></Polygon></Placemark><Placemark><name>OG-127</name><styleUrl>#g</styleUrl><Polygon><outerBoundaryIs><LinearRing><coordinates>36.98811902478952,-1.061241406535344 36.98825330558439,-1.061105615888201 36.98838846649887,-1.061241032307974 36.988254185596816,-1.061376823046774 36.98811902478952,-1.061241406535344</coordinates></LinearRing></outerBoundaryIs></Polygon></Placemark><Placemark><name>OG-128</name><styleUrl>#g</styleUrl><Polygon><outerBoundaryIs><LinearRing><coordinates>36.98947063339653,-1.062595572392174 36.989604915262404,-1.062459780829082 36.9897400762954,-1.062595197413959 36.989605794322514,-1.062730989068563 36.98947063339653,-1.062595572392174</coordinates></LinearRing></outerBoundaryIs></Polygon></Placemark><Placemark><name>OG-129</name><styleUrl>#g</styleUrl><Polygon><outerBoundaryIs><LinearRing><coordinates>36.98798386399407,-1.061105990040421 36.98811814468176,-1.060970199484968 36.98825330558439,-1.061105615888201 36.98811902478952,-1.061241406535344 36.98798386399407,-1.061105990040421</coordinates></LinearRing></outerBoundaryIs></Polygon></Placemark><Placemark><name>OG-130</name><styleUrl>#g</styleUrl><Polygon><outerBoundaryIs><LinearRing><coordinates>36.989605794322514,-1.062730989068563 36.9897400762954,-1.062595197413959 36.98987523734029,-1.06273061401535 36.989740955260395,-1.062866405761452 36.989605794322514,-1.062730989068563</coordinates></LinearRing></outerBoundaryIs></Polygon></Placemark><Placemark><name>OG-131</name><styleUrl>#g</styleUrl><Polygon><outerBoundaryIs><LinearRing><coordinates>36.98784870321049,-1.060970573562024 36.98798298379065,-1.060834783098581 36.98811814468176,-1.060970199484968 36.98798386399407,-1.061105990040421 36.98784870321049,-1.060970573562024</coordinates></LinearRing></outerBoundaryIs></Polygon></Placemark><Placemark><name>OG-132</name><styleUrl>#g</styleUrl><Polygon><outerBoundaryIs><LinearRing><coordinates>36.989740955260395,-1.062866405761452 36.98987523734029,-1.06273061401535 36.990010398397,-1.062866030633237 36.989876116210155,-1.063001822470819 36.989740955260395,-1.062866405761452</coordinates></LinearRing></outerBoundaryIs></Polygon></Placemark><Placemark><name>OG-133</name><styleUrl>#g</styleUrl><Polygon><outerBoundaryIs><LinearRing><coordinates>36.98771354243876,-1.060835157100123 36.98784782291202,-1.060699366728082 36.98798298379065,-1.060834783098581 36.98784870321049,-1.060970573562024 36.98771354243876,-1.060835157100123</coordinates></LinearRing></outerBoundaryIs></Polygon></Placemark><Placemark><name>OG-134</name><styleUrl>#g</styleUrl><Polygon><outerBoundaryIs><LinearRing><coordinates>36.989876116210155,-1.063001822470819 36.990010398397,-1.062866030633237 36.99015947587029,-1.063015389986044 36.99002519356553,-1.063151181924469 36.989876116210155,-1.063001822470819</coordinates></LinearRing></outerBoundaryIs></Polygon></Placemark><Placemark><name>OG-135</name><styleUrl>#g</styleUrl><Polygon><outerBoundaryIs><LinearRing><coordinates>36.98757838167892,-1.060699740654769 36.98771266204492,-1.060563950374449 36.98784782291202,-1.060699366728082 36.98771354243876,-1.060835157100123 36.98757838167892,-1.060699740654769</coordinates></LinearRing></outerBoundaryIs></Polygon></Placemark><Placemark><name>OG-136</name><styleUrl>#g</styleUrl><Polygon><outerBoundaryIs><LinearRing><coordinates>36.99002519356553,-1.063151181924469 36.99015947587029,-1.063015389986044 36.9902859904865,-1.063142143823744 36.99028612325837,-1.063199684437572 36.99020887391313,-1.063277802227298 36.99015170808146,-1.063277935847871 36.990077679853,-1.063203767532931 36.99002519356553,-1.063151181924469</coordinates></LinearRing></outerBoundaryIs></Polygon></Placemark><Placemark><name>OG-137</name><styleUrl>#g</styleUrl><Polygon><outerBoundaryIs><LinearRing><coordinates>36.98747767038787,-1.060227006054104 36.98763764609915,-1.060217545339909 36.98765093421935,-1.060445183943132 36.98765446335958,-1.060505641681024 36.98771266204492,-1.060563950374449 36.98757838167892,-1.060699740654769 36.98750072191168,-1.060621933979561 36.98747767038787,-1.060227006054104</coordinates></LinearRing></outerBoundaryIs></Polygon></Placemark><Placemark><name>OG-138</name><styleUrl>#g</styleUrl><Polygon><outerBoundaryIs><LinearRing><coordinates>36.987464383321374,-1.059999367412681 36.98762435794943,-1.059989906739996 36.98763764609915,-1.060217545339909 36.98747767038787,-1.060227006054104 36.987464383321374,-1.059999367412681</coordinates></LinearRing></outerBoundaryIs></Polygon></Placemark><Placemark><name>OG-139</name><styleUrl>#g</styleUrl><Polygon><outerBoundaryIs><LinearRing><coordinates>36.98762435794943,-1.059989906739996 36.987464383321374,-1.059999367412681 36.987463339853825,-1.05998149038549 36.987488655343206,-1.059745837266529 36.98764797807486,-1.059763178956219 36.987624098636424,-1.059985464467407 36.98762435794943,-1.059989906739996</coordinates></LinearRing></outerBoundaryIs></Polygon></Placemark><Placemark><name>OG-140</name><styleUrl>#g</styleUrl><Polygon><outerBoundaryIs><LinearRing><coordinates>36.987488655343206,-1.059745837266529 36.98751697725051,-1.059482198024468 36.98763401004896,-1.059527134799488 36.987667432075234,-1.059582088098511 36.98764797807486,-1.059763178956219 36.987488655343206,-1.059745837266529</coordinates></LinearRing></outerBoundaryIs></Polygon></Placemark><Placemark><name>OG-141</name><styleUrl>#g</styleUrl><Polygon><outerBoundaryIs><LinearRing><coordinates>36.98770519929804,-1.059987465856968 36.98774101727886,-1.059654048349112 36.98777845125834,-1.059630981478316 36.98802924984213,-1.05972727994396 36.98803541746799,-1.059756172544247 36.98773620477586,-1.060058755030493 36.98770874948056,-1.060048283770243 36.98770519929804,-1.059987465856968</coordinates></LinearRing></outerBoundaryIs></Polygon></Placemark><Placemark><name>OG-142</name><styleUrl>#g</styleUrl><Polygon><outerBoundaryIs><LinearRing><coordinates>36.98742846543111,-1.061123615790366 36.98761857373086,-1.060931367074085 36.98780568299287,-1.061118830328434 36.98761557464933,-1.061311079056171 36.98742846543111,-1.061123615790366</coordinates></LinearRing></outerBoundaryIs></Polygon></Placemark><Placemark><name>OG-143</name><styleUrl>#g</styleUrl><Polygon><outerBoundaryIs><LinearRing><coordinates>36.98761557464933,-1.061311079056171 36.98780568299287,-1.061118830328434 36.98799279227759,-1.061306293614407 36.98780268389024,-1.061498542353652 36.98761557464933,-1.061311079056171</coordinates></LinearRing></outerBoundaryIs></Polygon></Placemark><Placemark><name>OG-144</name><styleUrl>#g</styleUrl><Polygon><outerBoundaryIs><LinearRing><coordinates>36.9872413562356,-1.060936152556245 36.98743146652937,-1.060743901790722 36.98744153789072,-1.060753992358014 36.98761857558162,-1.060931365202481 36.98761857373086,-1.060931367074085 36.98742846543111,-1.061123615790366 36.9872413562356,-1.060936152556245</coordinates></LinearRing></outerBoundaryIs></Polygon></Placemark><Placemark><name>OG-145</name><styleUrl>#g</styleUrl><Polygon><outerBoundaryIs><LinearRing><coordinates>36.98780268389024,-1.061498542353652 36.98799279227759,-1.061306293614407 36.988179901585035,-1.061493756932014 36.98798979315388,-1.06168600568282 36.98780268389024,-1.061498542353652</coordinates></LinearRing></outerBoundaryIs></Polygon></Placemark><Placemark><name>OG-146</name><styleUrl>#g</styleUrl><Polygon><outerBoundaryIs><LinearRing><coordinates>36.9870959084006,-1.06062374176642 36.98736492581695,-1.060607832720227 36.98736922830494,-1.060681544879479 36.98743146652937,-1.060743901790722 36.9872413562356,-1.060936152556245 36.98717750547335,-1.060872180980857 36.98710624204029,-1.060800782710236 36.9870959084006,-1.06062374176642</coordinates></LinearRing></outerBoundaryIs></Polygon></Placemark><Placemark><name>OG-147</name><styleUrl>#g</styleUrl><Polygon><outerBoundaryIs><LinearRing><coordinates>36.98798979315388,-1.06168600568282 36.988179901585035,-1.061493756932014 36.98838731191033,-1.061701559687281 36.98829350008813,-1.061782326666653 36.98827598384712,-1.061761713355544 36.98819342098741,-1.06183279556664 36.98813405341823,-1.061830538935933 36.98798979315388,-1.06168600568282</coordinates></LinearRing></outerBoundaryIs></Polygon></Placemark><Placemark><name>OG-148</name><styleUrl>#g</styleUrl><Polygon><outerBoundaryIs><LinearRing><coordinates>36.98708042465559,-1.06035846728855 36.98734944204401,-1.060342558199786 36.9873639048627,-1.060590341280318 36.98736492581695,-1.060607832720227 36.9870959084006,-1.06062374176642 36.98708042465559,-1.06035846728855</coordinates></LinearRing></outerBoundaryIs></Polygon></Placemark><Placemark><name>OG-149</name><styleUrl>#g</styleUrl><Polygon><outerBoundaryIs><LinearRing><coordinates>36.987064940168025,-1.060093180780365 36.98733395752851,-1.060077271649011 36.98734944204401,-1.060342558199786 36.98708042465559,-1.06035846728855 36.987064940168025,-1.060093180780365</coordinates></LinearRing></outerBoundaryIs></Polygon></Placemark><Placemark><name>OG-150</name><styleUrl>#g</styleUrl><Polygon><outerBoundaryIs><LinearRing><coordinates>36.98733395752851,-1.060077271649011 36.987064940168025,-1.060093180780365 36.98706019068766,-1.060011810899075 36.98708617268085,-1.059942193279616 36.98731828113814,-1.05970478559462 36.9873580398798,-1.059700126051926 36.98732817214191,-1.05997815440469 36.98733395752851,-1.060077271649011</coordinates></LinearRing></outerBoundaryIs></Polygon></Placemark><Placemark><name>OG-151</name><styleUrl>#g</styleUrl><Polygon><outerBoundaryIs><LinearRing><coordinates>36.98903046379115,-1.06002461849834 36.98912651017377,-1.059771181108952 36.98925240240081,-1.05981951956118 36.98915635601205,-1.060072956971208 36.98903046379115,-1.06002461849834</coordinates></LinearRing></outerBoundaryIs></Polygon></Placemark><Placemark><name>OG-152</name><styleUrl>#g</styleUrl><Polygon><outerBoundaryIs><LinearRing><coordinates>36.98888002422645,-1.059896479767015 36.98901388797857,-1.05972793790824 36.98912651017377,-1.059771181108952 36.98903046379115,-1.06002461849834 36.98886694007884,-1.059961830766794 36.98885871656744,-1.059923307281274 36.98888002422645,-1.059896479767015</coordinates></LinearRing></outerBoundaryIs></Polygon></Placemark><Placemark><name>OG-153</name><styleUrl>#g</styleUrl><Polygon><outerBoundaryIs><LinearRing><coordinates>36.98915635601205,-1.060072956971208 36.98925240240081,-1.05981951956118 36.98937829464013,-1.059867858015692 36.98928224824518,-1.060121295446376 36.98915635601205,-1.060072956971208</coordinates></LinearRing></outerBoundaryIs></Polygon></Placemark><Placemark><name>OG-154</name><styleUrl>#g</styleUrl><Polygon><outerBoundaryIs><LinearRing><coordinates>36.98928224824518,-1.060121295446376 36.98937829464013,-1.059867858015692 36.98950418689171,-1.059916196472538 36.98940814049057,-1.060169633923893 36.98928224824518,-1.060121295446376</coordinates></LinearRing></outerBoundaryIs></Polygon></Placemark><Placemark><name>OG-155</name><styleUrl>#g</styleUrl><Polygon><outerBoundaryIs><LinearRing><coordinates>36.98940814049057,-1.060169633923893 36.98950418689171,-1.059916196472538 36.98963007915555,-1.059964534931735 36.98953403274821,-1.060217972403744 36.98940814049057,-1.060169633923893</coordinates></LinearRing></outerBoundaryIs></Polygon></Placemark><Placemark><name>OG-156</name><styleUrl>#g</styleUrl><Polygon><outerBoundaryIs><LinearRing><coordinates>36.98953403274821,-1.060217972403744 36.98963007915555,-1.059964534931735 36.98975597143162,-1.060012873393298 36.9896599250181,-1.06026631088596 36.98953403274821,-1.060217972403744</coordinates></LinearRing></outerBoundaryIs></Polygon></Placemark><Placemark><name>OG-157</name><styleUrl>#g</styleUrl><Polygon><outerBoundaryIs><LinearRing><coordinates>36.9896599250181,-1.06026631088596 36.98975597143162,-1.060012873393298 36.98988186371994,-1.060061211857211 36.98978581730025,-1.060314649370508 36.9896599250181,-1.06026631088596</coordinates></LinearRing></outerBoundaryIs></Polygon></Placemark><Placemark><name>OG-158</name><styleUrl>#g</styleUrl><Polygon><outerBoundaryIs><LinearRing><coordinates>36.98978581730025,-1.060314649370508 36.98988186371994,-1.060061211857211 36.9900077560205,-1.060109550323454 36.98991170959464,-1.060362987857419 36.98978581730025,-1.060314649370508</coordinates></LinearRing></outerBoundaryIs></Polygon></Placemark><Placemark><name>OG-159</name><styleUrl>#g</styleUrl><Polygon><outerBoundaryIs><LinearRing><coordinates>36.98991170959464,-1.060362987857419 36.9900077560205,-1.060109550323454 36.99013364833333,-1.060157888792028 36.9900376019013,-1.060411326346627 36.98991170959464,-1.060362987857419</coordinates></LinearRing></outerBoundaryIs></Polygon></Placemark><Placemark><name>OG-160</name><styleUrl>#g</styleUrl><Polygon><outerBoundaryIs><LinearRing><coordinates>36.9900376019013,-1.060411326346627 36.99013364833333,-1.060157888792028 36.99025954065839,-1.060206227262966 36.99016349422018,-1.060459664838215 36.9900376019013,-1.060411326346627</coordinates></LinearRing></outerBoundaryIs></Polygon></Placemark><Placemark><name>OG-161</name><styleUrl>#g</styleUrl><Polygon><outerBoundaryIs><LinearRing><coordinates>36.99016349422018,-1.060459664838215 36.99025954065839,-1.060206227262966 36.99038543299571,-1.060254565736251 36.99028938655133,-1.060508003332148 36.99016349422018,-1.060459664838215</coordinates></LinearRing></outerBoundaryIs></Polygon></Placemark><Placemark><name>OG-162</name><styleUrl>#g</styleUrl><Polygon><outerBoundaryIs><LinearRing><coordinates>36.99028938655133,-1.060508003332148 36.99038543299571,-1.060254565736251 36.99051132534526,-1.060302904211864 36.99041527889473,-1.060556341828408 36.99028938655133,-1.060508003332148</coordinates></LinearRing></outerBoundaryIs></Polygon></Placemark><Placemark><name>OG-163</name><styleUrl>#g</styleUrl><Polygon><outerBoundaryIs><LinearRing><coordinates>36.99041527889473,-1.060556341828408 36.99051132534526,-1.060302904211864 36.99063721770708,-1.060351242689821 36.99054117125037,-1.060604680327013 36.99041527889473,-1.060556341828408</coordinates></LinearRing></outerBoundaryIs></Polygon></Placemark><Placemark><name>OG-164</name><styleUrl>#g</styleUrl><Polygon><outerBoundaryIs><LinearRing><coordinates>36.99054117125037,-1.060604680327013 36.99063721770708,-1.060351242689821 36.990810088477836,-1.060417619309764 36.99081666125498,-1.060418132776006 36.9907958092755,-1.060688570497604 36.99075041920274,-1.060685024611147 36.99054117125037,-1.060604680327013</coordinates></LinearRing></outerBoundaryIs></Polygon></Placemark><Placemark><name>OG-165</name><styleUrl>#g</styleUrl><Polygon><outerBoundaryIs><LinearRing><coordinates>36.9907958092755,-1.060688570497604 36.99081666125498,-1.060418132776006 36.99095099823044,-1.060428627195907 36.9909301462591,-1.060699064940651 36.9907958092755,-1.060688570497604</coordinates></LinearRing></outerBoundaryIs></Polygon></Placemark><Placemark><name>OG-166</name><styleUrl>#g</styleUrl><Polygon><outerBoundaryIs><LinearRing><coordinates>36.9909301462591,-1.060699064940651 36.99095099823044,-1.060428627195907 36.99108835780022,-1.060439357736007 36.99107063363468,-1.060669229839658 36.99102720473717,-1.060706647173203 36.9909301462591,-1.060699064940651</coordinates></LinearRing></outerBoundaryIs></Polygon></Placemark><Placemark><name>OG-167</name><styleUrl>#g</styleUrl><Polygon><outerBoundaryIs><LinearRing><coordinates>36.98896609100576,-1.060958161643492 36.98915629239882,-1.060765818303027 36.98925067327311,-1.060860377508372 36.98925058011567,-1.060860471714926 36.98906047185793,-1.061052720854643 36.98896609100576,-1.060958161643492</coordinates></LinearRing></outerBoundaryIs></Polygon></Placemark><Placemark><name>OG-168</name><styleUrl>#g</styleUrl><Polygon><outerBoundaryIs><LinearRing><coordinates>36.98906047185793,-1.061052720854643 36.98925058011567,-1.060860471714926 36.98934501423375,-1.060955084267022 36.98915490595395,-1.061147333412511 36.98906047185793,-1.061052720854643</coordinates></LinearRing></outerBoundaryIs></Polygon></Placemark><Placemark><name>OG-169</name><styleUrl>#g</styleUrl><Polygon><outerBoundaryIs><LinearRing><coordinates>36.98887170985606,-1.060863602136478 36.989061911227004,-1.060671258801868 36.98915629239882,-1.060765818303027 36.98896609100576,-1.060958161643492 36.98887170985606,-1.060863602136478</coordinates></LinearRing></outerBoundaryIs></Polygon></Placemark><Placemark><name>OG-170</name><styleUrl>#g</styleUrl><Polygon><outerBoundaryIs><LinearRing><coordinates>36.98915490595395,-1.061147333412511 36.98934501423375,-1.060955084267022 36.989439448357615,-1.061049696827194 36.98924934005574,-1.061241945978457 36.98915490595395,-1.061147333412511</coordinates></LinearRing></outerBoundaryIs></Polygon></Placemark><Placemark><name>OG-171</name><styleUrl>#g</styleUrl><Polygon><outerBoundaryIs><LinearRing><coordinates>36.9887773287121,-1.060769042637534 36.988967530060954,-1.060576699308712 36.989061911227004,-1.060671258801868 36.98887170985606,-1.060863602136478 36.9887773287121,-1.060769042637534</coordinates></LinearRing></outerBoundaryIs></Polygon></Placemark><Placemark><name>OG-172</name><styleUrl>#g</styleUrl><Polygon><outerBoundaryIs><LinearRing><coordinates>36.98924934005574,-1.061241945978457 36.989439448357615,-1.061049696827194 36.98953388248726,-1.061144309395392 36.9893437741633,-1.061336558552496 36.98924934005574,-1.061241945978457</coordinates></LinearRing></outerBoundaryIs></Polygon></Placemark><Placemark><name>OG-173</name><styleUrl>#g</styleUrl><Polygon><outerBoundaryIs><LinearRing><coordinates>36.98868294757392,-1.060674483146612 36.98887314890068,-1.060482139823628 36.988967530060954,-1.060576699308712 36.9887773287121,-1.060769042637534 36.98868294757392,-1.060674483146612</coordinates></LinearRing></outerBoundaryIs></Polygon></Placemark><Placemark><name>OG-174</name><styleUrl>#g</styleUrl><Polygon><outerBoundaryIs><LinearRing><coordinates>36.9893437741633,-1.061336558552496 36.98953388248726,-1.061144309395392 36.98962831662271,-1.061238921971666 36.98943820827664,-1.061431171134562 36.9893437741633,-1.061336558552496</coordinates></LinearRing></outerBoundaryIs></Polygon></Placemark><Placemark><name>OG-175</name><styleUrl>#g</styleUrl><Polygon><outerBoundaryIs><LinearRing><coordinates>36.98858856644153,-1.060579923663761 36.9887787677462,-1.060387580346582 36.98887314890068,-1.060482139823628 36.98868294757392,-1.060674483146612 36.98858856644153,-1.060579923663761</coordinates></LinearRing></outerBoundaryIs></Polygon></Placemark><Placemark><name>OG-176</name><styleUrl>#g</styleUrl><Polygon><outerBoundaryIs><LinearRing><coordinates>36.98943820827664,-1.061431171134562 36.98962831662271,-1.061238921971666 36.98972275076394,-1.06133353455598 36.98953264239579,-1.061525783724702 36.98943820827664,-1.061431171134562</coordinates></LinearRing></outerBoundaryIs></Polygon></Placemark><Placemark><name>OG-177</name><styleUrl>#g</styleUrl><Polygon><outerBoundaryIs><LinearRing><coordinates>36.98849418531491,-1.060485364188984 36.98868438659749,-1.060293020877592 36.9887787677462,-1.060387580346582 36.98858856644153,-1.060579923663761 36.98849418531491,-1.060485364188984</coordinates></LinearRing></outerBoundaryIs></Polygon></Placemark><Placemark><name>OG-178</name><styleUrl>#g</styleUrl><Polygon><outerBoundaryIs><LinearRing><coordinates>36.98915629239882,-1.060765818303027 36.98934630745327,-1.060573663318625 36.98944068834965,-1.060668222518239 36.98925067327311,-1.060860377508372 36.98915629239882,-1.060765818303027</coordinates></LinearRing></outerBoundaryIs></Polygon></Placemark><Placemark><name>OG-179</name><styleUrl>#g</styleUrl><Polygon><outerBoundaryIs><LinearRing><coordinates>36.98925058011567,-1.060860471714926 36.98925067327311,-1.060860377508372 36.98944068834965,-1.060668222518239 36.98953512248985,-1.060762835064461 36.98934501423375,-1.060955084267022 36.98925058011567,-1.060860471714926</coordinates></LinearRing></outerBoundaryIs></Polygon></Placemark><Placemark><name>OG-180</name><styleUrl>#g</styleUrl><Polygon><outerBoundaryIs><LinearRing><coordinates>36.98953264239579,-1.061525783724702 36.98972275076394,-1.06133353455598 36.98981718502263,-1.061428147260218 36.98962707663243,-1.0616203964348 36.98953264239579,-1.061525783724702</coordinates></LinearRing></outerBoundaryIs></Polygon></Placemark><Placemark><name>OG-181</name><styleUrl>#g</styleUrl><Polygon><outerBoundaryIs><LinearRing><coordinates>36.989061911227004,-1.060671258801868 36.98925192625942,-1.060479103823248 36.98934630745327,-1.060573663318625 36.98915629239882,-1.060765818303027 36.989061911227004,-1.060671258801868</coordinates></LinearRing></outerBoundaryIs></Polygon></Placemark><Placemark><name>OG-182</name><styleUrl>#g</styleUrl><Polygon><outerBoundaryIs><LinearRing><coordinates>36.98868438659749,-1.060293020877592 36.98849418531491,-1.060485364188984 36.98842357305479,-1.060414618497239 36.98842345477284,-1.060363471135724 36.98858830828452,-1.060196761040108 36.98868438659749,-1.060293020877592</coordinates></LinearRing></outerBoundaryIs></Polygon></Placemark><Placemark><name>OG-183</name><styleUrl>#g</styleUrl><Polygon><outerBoundaryIs><LinearRing><coordinates>36.98934501423375,-1.060955084267022 36.98953512248985,-1.060762835064461 36.98962955663582,-1.06085744761881 36.989439448357615,-1.061049696827194 36.98934501423375,-1.060955084267022</coordinates></LinearRing></outerBoundaryIs></Polygon></Placemark><Placemark><name>OG-184</name><styleUrl>#g</styleUrl><Polygon><outerBoundaryIs><LinearRing><coordinates>36.988967530060954,-1.060576699308712 36.9891575450713,-1.060384544335891 36.98925192625942,-1.060479103823248 36.989061911227004,-1.060671258801868 36.988967530060954,-1.060576699308712</coordinates></LinearRing></outerBoundaryIs></Polygon></Placemark><Placemark><name>OG-185</name><styleUrl>#g</styleUrl><Polygon><outerBoundaryIs><LinearRing><coordinates>36.989439448357615,-1.061049696827194 36.98962955663582,-1.06085744761881 36.98972399078756,-1.060952060181185 36.98953388248726,-1.061144309395392 36.989439448357615,-1.061049696827194</coordinates></LinearRing></outerBoundaryIs></Polygon></Placemark><Placemark><name>OG-186</name><styleUrl>#g</styleUrl><Polygon><outerBoundaryIs><LinearRing><coordinates>36.98887314890068,-1.060482139823628 36.98906316388898,-1.060289984856587 36.9891575450713,-1.060384544335891 36.988967530060954,-1.060576699308712 36.98887314890068,-1.060482139823628</coordinates></LinearRing></outerBoundaryIs></Polygon></Placemark><Placemark><name>OG-187</name><styleUrl>#g</styleUrl><Polygon><outerBoundaryIs><LinearRing><coordinates>36.98953388248726,-1.061144309395392 36.98972399078756,-1.060952060181185 36.98981842494508,-1.061046672751667 36.98962831662271,-1.061238921971666 36.98953388248726,-1.061144309395392</coordinates></LinearRing></outerBoundaryIs></Polygon></Placemark><Placemark><name>OG-188</name><styleUrl>#g</styleUrl><Polygon><outerBoundaryIs><LinearRing><coordinates>36.9887787677462,-1.060387580346582 36.98896878271242,-1.060195425385372 36.98906316388898,-1.060289984856587 36.98887314890068,-1.060482139823628 36.9887787677462,-1.060387580346582</coordinates></LinearRing></outerBoundaryIs></Polygon></Placemark><Placemark><name>OG-189</name><styleUrl>#g</styleUrl><Polygon><outerBoundaryIs><LinearRing><coordinates>36.98962831662271,-1.061238921971666 36.98981842494508,-1.061046672751667 36.98991285910839,-1.061141285330158 36.98972275076394,-1.06133353455598 36.98962831662271,-1.061238921971666</coordinates></LinearRing></outerBoundaryIs></Polygon></Placemark><Placemark><name>OG-190</name><styleUrl>#g</styleUrl><Polygon><outerBoundaryIs><LinearRing><coordinates>36.98868438659749,-1.060293020877592 36.98887440154163,-1.060100865922178 36.98896878271242,-1.060195425385372 36.9887787677462,-1.060387580346582 36.98868438659749,-1.060293020877592</coordinates></LinearRing></outerBoundaryIs></Polygon></Placemark><Placemark><name>OG-191</name><styleUrl>#g</styleUrl><Polygon><outerBoundaryIs><LinearRing><coordinates>36.98972275076394,-1.06133353455598 36.98991285910839,-1.061141285330158 36.99000729338914,-1.061235898028621 36.98981718502263,-1.061428147260218 36.98972275076394,-1.06133353455598</coordinates></LinearRing></outerBoundaryIs></Polygon></Placemark><Placemark><name>OG-192</name><styleUrl>#g</styleUrl><Polygon><outerBoundaryIs><LinearRing><coordinates>36.98858830828452,-1.060196761040108 36.98875931239935,-1.060023831008805 36.98879742273785,-1.060023741701939 36.98887440154163,-1.060100865922178 36.98868438659749,-1.060293020877592 36.98858830828452,-1.060196761040108</coordinates></LinearRing></outerBoundaryIs></Polygon></Placemark><Placemark><name>OG-193</name><styleUrl>#g</styleUrl><Polygon><outerBoundaryIs><LinearRing><coordinates>36.98650065065494,-1.0605410827096 36.98669675337688,-1.060340503071169 36.9868888264086,-1.060530762667147 36.98669272364051,-1.060731342318308 36.98650065065494,-1.0605410827096</coordinates></LinearRing></outerBoundaryIs></Polygon></Placemark><Placemark><name>OG-194</name><styleUrl>#g</styleUrl><Polygon><outerBoundaryIs><LinearRing><coordinates>36.98669675337688,-1.060340503071169 36.98695304577911,-1.060078359522844 36.98698376938292,-1.06008997692857 36.98700032839135,-1.060373672706121 36.98697434637573,-1.060443290314026 36.98692876649044,-1.060489910771599 36.9868888264086,-1.060530762667147 36.98669675337688,-1.060340503071169</coordinates></LinearRing></outerBoundaryIs></Polygon></Placemark><Placemark><name>OG-195</name><styleUrl>#g</styleUrl><Polygon><outerBoundaryIs><LinearRing><coordinates>36.99012291753644,-1.061236925584956 36.99031378113025,-1.061043912525652 36.99040832204604,-1.061138632027854 36.99021745843007,-1.06133164509298 36.99012291753644,-1.061236925584956</coordinates></LinearRing></outerBoundaryIs></Polygon></Placemark><Placemark><name>OG-196</name><styleUrl>#g</styleUrl><Polygon><outerBoundaryIs><LinearRing><coordinates>36.9900283766486,-1.06114220608499 36.990219240220256,-1.060949193031489 36.99031378113025,-1.061043912525652 36.99012291753644,-1.061236925584956 36.9900283766486,-1.06114220608499</coordinates></LinearRing></outerBoundaryIs></Polygon></Placemark><Placemark><name>OG-197</name><styleUrl>#g</styleUrl><Polygon><outerBoundaryIs><LinearRing><coordinates>36.99021745843007,-1.06133164509298 36.99040832204604,-1.061138632027854 36.990502862967645,-1.061233351538145 36.9903119993295,-1.061426364609109 36.99021745843007,-1.06133164509298</coordinates></LinearRing></outerBoundaryIs></Polygon></Placemark><Placemark><name>OG-198</name><styleUrl>#g</styleUrl><Polygon><outerBoundaryIs><LinearRing><coordinates>36.98993383576656,-1.061047486593115 36.99012469931607,-1.060854473545416 36.990219240220256,-1.060949193031489 36.9900283766486,-1.06114220608499 36.98993383576656,-1.061047486593115</coordinates></LinearRing></outerBoundaryIs></Polygon></Placemark><Placemark><name>OG-199</name><styleUrl>#g</styleUrl><Polygon><outerBoundaryIs><LinearRing><coordinates>36.9903119993295,-1.061426364609109 36.990502862967645,-1.061233351538145 36.99059740389504,-1.06132807105649 36.9904065402347,-1.061521084133259 36.9903119993295,-1.061426364609109</coordinates></LinearRing></outerBoundaryIs></Polygon></Placemark><Placemark><name>OG-200</name><styleUrl>#g</styleUrl><Polygon><outerBoundaryIs><LinearRing><coordinates>36.98983929489034,-1.060952767109298 36.99003015841769,-1.060759754067418 36.99012469931607,-1.060854473545416 36.98993383576656,-1.061047486593115 36.98983929489034,-1.060952767109298</coordinates></LinearRing></outerBoundaryIs></Polygon></Placemark><Placemark><name>OG-201</name><styleUrl>#g</styleUrl><Polygon><outerBoundaryIs><LinearRing><coordinates>36.9904065402347,-1.061521084133259 36.99059740389504,-1.06132807105649 36.99069194482826,-1.061422790582906 36.99050108114573,-1.061615803665514 36.9904065402347,-1.061521084133259</coordinates></LinearRing></outerBoundaryIs></Polygon></Placemark><Placemark><name>OG-202</name><styleUrl>#g</styleUrl><Polygon><outerBoundaryIs><LinearRing><coordinates>36.9897298405068,-1.060843105946329 36.98992070400853,-1.06065009291111 36.99003015841769,-1.060759754067418 36.98983929489034,-1.060952767109298 36.9897298405068,-1.060843105946329</coordinates></LinearRing></outerBoundaryIs></Polygon></Placemark><Placemark><name>OG-203</name><styleUrl>#g</styleUrl><Polygon><outerBoundaryIs><LinearRing><coordinates>36.99050108114573,-1.061615803665514 36.99069194482826,-1.061422790582906 36.99078648576726,-1.061517510117376 36.99059562206254,-1.061710523205839 36.99050108114573,-1.061615803665514</coordinates></LinearRing></outerBoundaryIs></Polygon></Placemark><Placemark><name>OG-204</name><styleUrl>#g</styleUrl><Polygon><outerBoundaryIs><LinearRing><coordinates>36.99059562206254,-1.061710523205839 36.99078648576726,-1.061517510117376 36.990881026712074,-1.061612229659913 36.99069016298515,-1.061805242754234 36.99059562206254,-1.061710523205839</coordinates></LinearRing></outerBoundaryIs></Polygon></Placemark><Placemark><name>OG-205</name><styleUrl>#g</styleUrl><Polygon><outerBoundaryIs><LinearRing><coordinates>36.99069016298515,-1.061805242754234 36.990881026712074,-1.061612229659913 36.9909755676627,-1.061706949210519 36.99078470391358,-1.061899962310714 36.99069016298515,-1.061805242754234</coordinates></LinearRing></outerBoundaryIs></Polygon></Placemark><Placemark><name>OG-206</name><styleUrl>#g</styleUrl><Polygon><outerBoundaryIs><LinearRing><coordinates>36.98947840475708,-1.06059119519974 36.98969878948677,-1.06036832840579 36.990061581643026,-1.060507628639104 36.98992070400853,-1.06065009291111 36.9897298405068,-1.060843105946329 36.98947840475708,-1.06059119519974</coordinates></LinearRing></outerBoundaryIs></Polygon></Placemark><Placemark><name>OG-207</name><styleUrl>#g</styleUrl><Polygon><outerBoundaryIs><LinearRing><coordinates>36.99078470391358,-1.061899962310714 36.9909755676627,-1.061706949210519 36.99107010861913,-1.061801668769175 36.9908792448478,-1.061994681875245 36.99078470391358,-1.061899962310714</coordinates></LinearRing></outerBoundaryIs></Polygon></Placemark><Placemark><name>OG-208</name><styleUrl>#g</styleUrl><Polygon><outerBoundaryIs><LinearRing><coordinates>36.99031378113025,-1.061043912525652 36.99050313421176,-1.060852426909011 36.99059767514962,-1.060947146405372 36.99040832204604,-1.061138632027854 36.99031378113025,-1.061043912525652</coordinates></LinearRing></outerBoundaryIs></Polygon></Placemark><Placemark><name>OG-209</name><styleUrl>#g</styleUrl><Polygon><outerBoundaryIs><LinearRing><coordinates>36.990219240220256,-1.060949193031489 36.99040859327974,-1.060757707420671 36.99050313421176,-1.060852426909011 36.99031378113025,-1.061043912525652 36.990219240220256,-1.060949193031489</coordinates></LinearRing></outerBoundaryIs></Polygon></Placemark><Placemark><name>OG-210</name><styleUrl>#g</styleUrl><Polygon><outerBoundaryIs><LinearRing><coordinates>36.99040832204604,-1.061138632027854 36.99059767514962,-1.060947146405372 36.99069221609324,-1.061041865909856 36.990502862967645,-1.061233351538145 36.99040832204604,-1.061138632027854</coordinates></LinearRing></outerBoundaryIs></Polygon></Placemark><Placemark><name>OG-211</name><styleUrl>#g</styleUrl><Polygon><outerBoundaryIs><LinearRing><coordinates>36.99012469931607,-1.060854473545416 36.9903140523535,-1.060662987940422 36.99040859327974,-1.060757707420671 36.990219240220256,-1.060949193031489 36.99012469931607,-1.060854473545416</coordinates></LinearRing></outerBoundaryIs></Polygon></Placemark><Placemark><name>OG-212</name><styleUrl>#g</styleUrl><Polygon><outerBoundaryIs><LinearRing><coordinates>36.990502862967645,-1.061233351538145 36.99069221609324,-1.061041865909856 36.99078675704268,-1.061136585422393 36.99059740389504,-1.06132807105649 36.990502862967645,-1.061233351538145</coordinates></LinearRing></outerBoundaryIs></Polygon></Placemark><Placemark><name>OG-213</name><styleUrl>#g</styleUrl><Polygon><outerBoundaryIs><LinearRing><coordinates>36.99003015841769,-1.060759754067418 36.99021951143305,-1.060568268468296 36.9903140523535,-1.060662987940422 36.99012469931607,-1.060854473545416 36.99003015841769,-1.060759754067418</coordinates></LinearRing></outerBoundaryIs></Polygon></Placemark><Placemark><name>OG-214</name><styleUrl>#g</styleUrl><Polygon><outerBoundaryIs><LinearRing><coordinates>36.9908792448478,-1.061994681875245 36.99107010861913,-1.061801668769175 36.991164649581364,-1.061896388335898 36.99097378578782,-1.06208940144786 36.9908792448478,-1.061994681875245</coordinates></LinearRing></outerBoundaryIs></Polygon></Placemark><Placemark><name>OG-215</name><styleUrl>#g</styleUrl><Polygon><outerBoundaryIs><LinearRing><coordinates>36.99059740389504,-1.06132807105649 36.99078675704268,-1.061136585422393 36.99088129799789,-1.061231304943051 36.99069194482826,-1.061422790582906 36.99059740389504,-1.06132807105649</coordinates></LinearRing></outerBoundaryIs></Polygon></Placemark><Placemark><name>OG-216</name><styleUrl>#g</styleUrl><Polygon><outerBoundaryIs><LinearRing><coordinates>36.98992070400853,-1.06065009291111 36.990061581643026,-1.060507628639104 36.99021951143305,-1.060568268468296 36.99003015841769,-1.060759754067418 36.98992070400853,-1.06065009291111</coordinates></LinearRing></outerBoundaryIs></Polygon></Placemark><Placemark><name>OG-217</name><styleUrl>#g</styleUrl><Polygon><outerBoundaryIs><LinearRing><coordinates>36.98969878948677,-1.06036832840579 36.98947840475708,-1.06059119519974 36.98900943894174,-1.060121343486257 36.98901855730326,-1.060107141609304 36.98969878948677,-1.06036832840579</coordinates></LinearRing></outerBoundaryIs></Polygon></Placemark><Placemark><name>OG-218</name><styleUrl>#g</styleUrl><Polygon><outerBoundaryIs><LinearRing><coordinates>36.99069194482826,-1.061422790582906 36.99088129799789,-1.061231304943051 36.99097583895891,-1.061326024471711 36.99078648576726,-1.061517510117376 36.99069194482826,-1.061422790582906</coordinates></LinearRing></outerBoundaryIs></Polygon></Placemark><Placemark><name>OG-219</name><styleUrl>#g</styleUrl><Polygon><outerBoundaryIs><LinearRing><coordinates>36.99097378578782,-1.06208940144786 36.991164649581364,-1.061896388335898 36.991259190549414,-1.061991107910687 36.99106832673365,-1.062184121028542 36.99097378578782,-1.06208940144786</coordinates></LinearRing></outerBoundaryIs></Polygon></Placemark><Placemark><name>OG-220</name><styleUrl>#g</styleUrl><Polygon><outerBoundaryIs><LinearRing><coordinates>36.99078648576726,-1.061517510117376 36.99097583895891,-1.061326024471711 36.99107037992572,-1.06142074400844 36.990881026712074,-1.061612229659913 36.99078648576726,-1.061517510117376</coordinates></LinearRing></outerBoundaryIs></Polygon></Placemark><Placemark><name>OG-221</name><styleUrl>#g</styleUrl><Polygon><outerBoundaryIs><LinearRing><coordinates>36.990881026712074,-1.061612229659913 36.99107037992572,-1.06142074400844 36.99116492089834,-1.061515463553269 36.9909755676627,-1.061706949210519 36.990881026712074,-1.061612229659913</coordinates></LinearRing></outerBoundaryIs></Polygon></Placemark><Placemark><name>OG-222</name><styleUrl>#g</styleUrl><Polygon><outerBoundaryIs><LinearRing><coordinates>36.99106832673365,-1.062184121028542 36.991259190549414,-1.061991107910687 36.99135373152325,-1.062085827493507 36.99116286768526,-1.062278840617255 36.99106832673365,-1.062184121028542</coordinates></LinearRing></outerBoundaryIs></Polygon></Placemark><Placemark><name>OG-223</name><styleUrl>#g</styleUrl><Polygon><outerBoundaryIs><LinearRing><coordinates>36.9909755676627,-1.061706949210519 36.99116492089834,-1.061515463553269 36.99125946187673,-1.061610183106149 36.99107010861913,-1.061801668769175 36.9909755676627,-1.061706949210519</coordinates></LinearRing></outerBoundaryIs></Polygon></Placemark><Placemark><name>OG-224</name><styleUrl>#g</styleUrl><Polygon><outerBoundaryIs><LinearRing><coordinates>36.99107010861913,-1.061801668769175 36.99125946187673,-1.061610183106149 36.99135400286094,-1.061704902667111 36.991164649581364,-1.061896388335898 36.99107010861913,-1.061801668769175</coordinates></LinearRing></outerBoundaryIs></Polygon></Placemark><Placemark><name>OG-225</name><styleUrl>#g</styleUrl><Polygon><outerBoundaryIs><LinearRing><coordinates>36.99116286768526,-1.062278840617255 36.99135373152325,-1.062085827493507 36.99145391372647,-1.062186198965707 36.991263049864926,-1.0623792120957 36.99116286768526,-1.062278840617255</coordinates></LinearRing></outerBoundaryIs></Polygon></Placemark><Placemark><name>OG-226</name><styleUrl>#g</styleUrl><Polygon><outerBoundaryIs><LinearRing><coordinates>36.991164649581364,-1.061896388335898 36.99135400286094,-1.061704902667111 36.99144854385096,-1.061799622236122 36.991259190549414,-1.061991107910687 36.991164649581364,-1.061896388335898</coordinates></LinearRing></outerBoundaryIs></Polygon></Placemark><Placemark><name>OG-227</name><styleUrl>#g</styleUrl><Polygon><outerBoundaryIs><LinearRing><coordinates>36.991263049864926,-1.0623792120957 36.99145391372647,-1.062186198965707 36.99146495622009,-1.062175032122963 36.99156276722531,-1.062273027918224 36.9913782939093,-1.062437380900486 36.99131937597379,-1.062435644636447 36.991263049864926,-1.0623792120957</coordinates></LinearRing></outerBoundaryIs></Polygon></Placemark><Placemark><name>OG-228</name><styleUrl>#g</styleUrl><Polygon><outerBoundaryIs><LinearRing><coordinates>36.991259190549414,-1.061991107910687 36.99144854385096,-1.061799622236122 36.99154308484673,-1.061894341813215 36.99135373152325,-1.062085827493507 36.991259190549414,-1.061991107910687</coordinates></LinearRing></outerBoundaryIs></Polygon></Placemark><Placemark><name>OG-229</name><styleUrl>#g</styleUrl><Polygon><outerBoundaryIs><LinearRing><coordinates>36.99135373152325,-1.062085827493507 36.99154308484673,-1.061894341813215 36.99164326707326,-1.061994713279373 36.99146495622009,-1.062175032122963 36.99145391372647,-1.062186198965707 36.99135373152325,-1.062085827493507</coordinates></LinearRing></outerBoundaryIs></Polygon></Placemark><Placemark><name>OG-230</name><styleUrl>#g</styleUrl><Polygon><outerBoundaryIs><LinearRing><coordinates>36.99146495622009,-1.062175032122963 36.99164326707326,-1.061994713279373 36.99172376426774,-1.062075362531176 36.99172214504249,-1.062131033242108 36.99156276722531,-1.062273027918224 36.99146495622009,-1.062175032122963</coordinates></LinearRing></outerBoundaryIs></Polygon></Placemark><Placemark><name>OG-231</name><styleUrl>#g</styleUrl><Polygon><outerBoundaryIs><LinearRing><coordinates>36.99131584347806,-1.060729195688074 36.99121527654638,-1.060721339382337 36.99117810323898,-1.060677625384938 36.99119582739899,-1.060447753265618 36.99133669542609,-1.060458757876935 36.99131584347806,-1.060729195688074</coordinates></LinearRing></outerBoundaryIs></Polygon></Placemark><Placemark><name>OG-232</name><styleUrl>#g</styleUrl><Polygon><outerBoundaryIs><LinearRing><coordinates>36.99131584347806,-1.060729195688074 36.99133669542609,-1.060458757876935 36.99142831236752,-1.060465914990121 36.99146113443019,-1.060468479048284 36.99147453939058,-1.060469526243077 36.99145368745088,-1.060739964077994 36.99131584347806,-1.060729195688074</coordinates></LinearRing></outerBoundaryIs></Polygon></Placemark><Placemark><name>OG-233</name><styleUrl>#g</styleUrl><Polygon><outerBoundaryIs><LinearRing><coordinates>36.99145368745088,-1.060739964077994 36.99147453939058,-1.060469526243077 36.99159066141073,-1.060478597687504 36.99161238336765,-1.060480294604929 36.9915915314363,-1.060750732463538 36.99145368745088,-1.060739964077994</coordinates></LinearRing></outerBoundaryIs></Polygon></Placemark><Placemark><name>OG-234</name><styleUrl>#g</styleUrl><Polygon><outerBoundaryIs><LinearRing><coordinates>36.99154827101562,-1.060828972997261 36.99172311984806,-1.060842632208 36.99186543235061,-1.060853749670573 36.99232905628008,-1.060889967964858 36.99192833519862,-1.06124698363913 36.99153661926598,-1.060854528122772 36.99154827101562,-1.060828972997261</coordinates></LinearRing></outerBoundaryIs></Polygon></Placemark><Placemark><name>OG-235</name><styleUrl>#g</styleUrl><Polygon><outerBoundaryIs><LinearRing><coordinates>36.9915915314363,-1.060750732463538 36.99161238336765,-1.060480294604929 36.99175022735731,-1.060491062962389 36.99172937543429,-1.060761500844756 36.99164249772527,-1.060754713953637 36.9915915314363,-1.060750732463538</coordinates></LinearRing></outerBoundaryIs></Polygon></Placemark><Placemark><name>OG-236</name><styleUrl>#g</styleUrl><Polygon><outerBoundaryIs><LinearRing><coordinates>36.99172311984806,-1.060842632208 36.99172937543429,-1.060761500844756 36.99175022735731,-1.060491062962389 36.9926940382195,-1.060564793221058 36.99232905628008,-1.060889967964858 36.99186543235061,-1.060853749670573 36.99172311984806,-1.060842632208</coordinates></LinearRing></outerBoundaryIs></Polygon></Placemark><Placemark><name>OG-237</name><styleUrl>#g</styleUrl><Polygon><outerBoundaryIs><LinearRing><coordinates>36.98849234838226,-1.061230295579888 36.988649305553956,-1.061071570961119 36.98876511233476,-1.061187596627059 36.98860815514067,-1.061346321251743 36.98849234838226,-1.061230295579888</coordinates></LinearRing></outerBoundaryIs></Polygon></Placemark><Placemark><name>OG-238</name><styleUrl>#g</styleUrl><Polygon><outerBoundaryIs><LinearRing><coordinates>36.98860815514067,-1.061346321251743 36.98876511233476,-1.061187596627059 36.988880919124284,-1.061303622305142 36.98872396190782,-1.061462346935707 36.98860815514067,-1.061346321251743</coordinates></LinearRing></outerBoundaryIs></Polygon></Placemark><Placemark><name>OG-239</name><styleUrl>#g</styleUrl><Polygon><outerBoundaryIs><LinearRing><coordinates>36.9883765416325,-1.061114269920161 36.98853349878184,-1.060955545307255 36.988649305553956,-1.061071570961119 36.98849234838226,-1.061230295579888 36.9883765416325,-1.061114269920161</coordinates></LinearRing></outerBoundaryIs></Polygon></Placemark><Placemark><name>OG-240</name><styleUrl>#g</styleUrl><Polygon><outerBoundaryIs><LinearRing><coordinates>36.98872396190782,-1.061462346935707 36.988880919124284,-1.061303622305142 36.98899672592251,-1.061419647995331 36.98883976868365,-1.061578372631796 36.98872818878281,-1.061466581801093 36.98872396190782,-1.061462346935707</coordinates></LinearRing></outerBoundaryIs></Polygon></Placemark><Placemark><name>OG-241</name><styleUrl>#g</styleUrl><Polygon><outerBoundaryIs><LinearRing><coordinates>36.98826073489145,-1.060998244272579 36.988417692018444,-1.060839519665535 36.98853349878184,-1.060955545307255 36.9883765416325,-1.061114269920161 36.98826073489145,-1.060998244272579</coordinates></LinearRing></outerBoundaryIs></Polygon></Placemark><Placemark><name>OG-242</name><styleUrl>#g</styleUrl><Polygon><outerBoundaryIs><LinearRing><coordinates>36.98883976868365,-1.061578372631796 36.98899672592251,-1.061419647995331 36.98911253272945,-1.061535673697643 36.98895557546818,-1.06169439834004 36.98883976868365,-1.061578372631796</coordinates></LinearRing></outerBoundaryIs></Polygon></Placemark><Placemark><name>OG-243</name><styleUrl>#g</styleUrl><Polygon><outerBoundaryIs><LinearRing><coordinates>36.98814492815911,-1.060882218637127 36.98830188526375,-1.060723494035946 36.988417692018444,-1.060839519665535 36.98826073489145,-1.060998244272579 36.98814492815911,-1.060882218637127</coordinates></LinearRing></outerBoundaryIs></Polygon></Placemark><Placemark><name>OG-244</name><styleUrl>#g</styleUrl><Polygon><outerBoundaryIs><LinearRing><coordinates>36.98895557546818,-1.06169439834004 36.98911253272945,-1.061535673697643 36.98922833954509,-1.061651699412042 36.9890713822614,-1.061810424060356 36.98895557546818,-1.06169439834004</coordinates></LinearRing></outerBoundaryIs></Polygon></Placemark><Placemark><name>OG-245</name><styleUrl>#g</styleUrl><Polygon><outerBoundaryIs><LinearRing><coordinates>36.988649305553956,-1.061071570961119 36.98880626271934,-1.060912846293455 36.98892206952252,-1.061028871953515 36.98876511233476,-1.061187596627059 36.988649305553956,-1.061071570961119</coordinates></LinearRing></outerBoundaryIs></Polygon></Placemark><Placemark><name>OG-246</name><styleUrl>#g</styleUrl><Polygon><outerBoundaryIs><LinearRing><coordinates>36.98876511233476,-1.061187596627059 36.98892206952252,-1.061028871953515 36.98903787633441,-1.061144897625717 36.988880919124284,-1.061303622305142 36.98876511233476,-1.061187596627059</coordinates></LinearRing></outerBoundaryIs></Polygon></Placemark><Placemark><name>OG-247</name><styleUrl>#g</styleUrl><Polygon><outerBoundaryIs><LinearRing><coordinates>36.98830188526375,-1.060723494035946 36.98814492815911,-1.060882218637127 36.98805262645041,-1.060789742458049 36.98805250818622,-1.060738595108333 36.98818411751361,-1.060605503708094 36.98830188526375,-1.060723494035946</coordinates></LinearRing></outerBoundaryIs></Polygon></Placemark><Placemark><name>OG-248</name><styleUrl>#g</styleUrl><Polygon><outerBoundaryIs><LinearRing><coordinates>36.98853349878184,-1.060955545307255 36.98869045592485,-1.060796820645504 36.98880626271934,-1.060912846293455 36.988649305553956,-1.061071570961119 36.98853349878184,-1.060955545307255</coordinates></LinearRing></outerBoundaryIs></Polygon></Placemark><Placemark><name>OG-249</name><styleUrl>#g</styleUrl><Polygon><outerBoundaryIs><LinearRing><coordinates>36.988880919124284,-1.061303622305142 36.98903787633441,-1.061144897625717 36.98904210321107,-1.061149132490705 36.98915368315501,-1.061260923310059 36.98899672592251,-1.061419647995331 36.988880919124284,-1.061303622305142</coordinates></LinearRing></outerBoundaryIs></Polygon></Placemark><Placemark><name>OG-250</name><styleUrl>#g</styleUrl><Polygon><outerBoundaryIs><LinearRing><coordinates>36.988417692018444,-1.060839519665535 36.98857464913907,-1.06068079500968 36.98869045592485,-1.060796820645504 36.98853349878184,-1.060955545307255 36.988417692018444,-1.060839519665535</coordinates></LinearRing></outerBoundaryIs></Polygon></Placemark><Placemark><name>OG-251</name><styleUrl>#g</styleUrl><Polygon><outerBoundaryIs><LinearRing><coordinates>36.98899672592251,-1.061419647995331 36.98915368315501,-1.061260923310059 36.98926948998427,-1.061376949006506 36.98911253272945,-1.061535673697643 36.98899672592251,-1.061419647995331</coordinates></LinearRing></outerBoundaryIs></Polygon></Placemark><Placemark><name>OG-252</name><styleUrl>#g</styleUrl><Polygon><outerBoundaryIs><LinearRing><coordinates>36.98830188526375,-1.060723494035946 36.98845884236196,-1.060564769386002 36.98857464913907,-1.06068079500968 36.988417692018444,-1.060839519665535 36.98830188526375,-1.060723494035946</coordinates></LinearRing></outerBoundaryIs></Polygon></Placemark><Placemark><name>OG-253</name><styleUrl>#g</styleUrl><Polygon><outerBoundaryIs><LinearRing><coordinates>36.98911253272945,-1.061535673697643 36.98926948998427,-1.061376949006506 36.98938529682223,-1.061492974715074 36.98922833954509,-1.061651699412042 36.98911253272945,-1.061535673697643</coordinates></LinearRing></outerBoundaryIs></Polygon></Placemark><Placemark><name>OG-254</name><styleUrl>#g</styleUrl><Polygon><outerBoundaryIs><LinearRing><coordinates>36.98818411751361,-1.060605503708094 36.98831572683926,-1.060472412270765 36.98836654061758,-1.060472293216281 36.98845884236196,-1.060564769386002 36.98830188526375,-1.060723494035946 36.98818411751361,-1.060605503708094</coordinates></LinearRing></outerBoundaryIs></Polygon></Placemark><Placemark><name>OG-255</name><styleUrl>#g</styleUrl><Polygon><outerBoundaryIs><LinearRing><coordinates>36.98693512832418,-1.06150959352768 36.987125236665236,-1.061317344946228 36.98731729258631,-1.061509764346356 36.987127184200304,-1.061702012939624 36.98693512832418,-1.06150959352768</coordinates></LinearRing></outerBoundaryIs></Polygon></Placemark><Placemark><name>OG-256</name><styleUrl>#g</styleUrl><Polygon><outerBoundaryIs><LinearRing><coordinates>36.987127184200304,-1.061702012939624 36.98731729258631,-1.061509764346356 36.987509348531326,-1.061702183779846 36.98731924010033,-1.061894432384949 36.987127184200304,-1.061702012939624</coordinates></LinearRing></outerBoundaryIs></Polygon></Placemark><Placemark><name>OG-257</name><styleUrl>#g</styleUrl><Polygon><outerBoundaryIs><LinearRing><coordinates>36.986743072472,-1.061317174149122 36.98688628841133,-1.061172345866365 36.9869331807681,-1.061124925579434 36.987125236665236,-1.061317344946228 36.98693512832418,-1.06150959352768 36.986743072472,-1.061317174149122</coordinates></LinearRing></outerBoundaryIs></Polygon></Placemark><Placemark><name>OG-258</name><styleUrl>#g</styleUrl><Polygon><outerBoundaryIs><LinearRing><coordinates>36.98731924010033,-1.061894432384949 36.987509348531326,-1.061702183779846 36.98770140474517,-1.061894603491977 36.98751129626917,-1.062086852108969 36.98731924010033,-1.061894432384949</coordinates></LinearRing></outerBoundaryIs></Polygon></Placemark><Placemark><name>OG-259</name><styleUrl>#g</styleUrl><Polygon><outerBoundaryIs><LinearRing><coordinates>36.98651395045189,-1.061030211894362 36.98662799512106,-1.060913563746985 36.98688628841133,-1.061172345866365 36.986743072472,-1.061317174149122 36.98651424683771,-1.061087915402338 36.98651395045189,-1.061030211894362</coordinates></LinearRing></outerBoundaryIs></Polygon></Placemark><Placemark><name>OG-260</name><styleUrl>#g</styleUrl><Polygon><outerBoundaryIs><LinearRing><coordinates>36.98751129626917,-1.062086852108969 36.98770140474517,-1.061894603491977 36.98770891184781,-1.061887011876657 36.9879037327776,-1.06208220154487 36.98772088997854,-1.062239619292717 36.98766152241979,-1.062237362638657 36.98751129626917,-1.062086852108969</coordinates></LinearRing></outerBoundaryIs></Polygon></Placemark><Placemark><name>OG-261</name><styleUrl>#g</styleUrl><Polygon><outerBoundaryIs><LinearRing><coordinates>36.987125236665236,-1.061317344946228 36.9873153449827,-1.061125096307534 36.987507400948765,-1.061317515695814 36.98731729258631,-1.061509764346356 36.987125236665236,-1.061317344946228</coordinates></LinearRing></outerBoundaryIs></Polygon></Placemark><Placemark><name>OG-262</name><styleUrl>#g</styleUrl><Polygon><outerBoundaryIs><LinearRing><coordinates>36.98731729258631,-1.061509764346356 36.987507400948765,-1.061317515695814 36.98769945693873,-1.061509935117487 36.987509348531326,-1.061702183779846 36.98731729258631,-1.061509764346356</coordinates></LinearRing></outerBoundaryIs></Polygon></Placemark><Placemark><name>OG-263</name><styleUrl>#g</styleUrl><Polygon><outerBoundaryIs><LinearRing><coordinates>36.9869331807681,-1.061124925579434 36.98702747022779,-1.061029574561917 36.987123289040575,-1.060932676952636 36.9873153449827,-1.061125096307534 36.987125236665236,-1.061317344946228 36.9869331807681,-1.061124925579434</coordinates></LinearRing></outerBoundaryIs></Polygon></Placemark><Placemark><name>OG-264</name><styleUrl>#g</styleUrl><Polygon><outerBoundaryIs><LinearRing><coordinates>36.98662799512106,-1.060913563746985 36.98676837011494,-1.060769984150048 36.98702747022779,-1.061029574561917 36.9869331807681,-1.061124925579434 36.98688628841133,-1.061172345866365 36.98662799512106,-1.060913563746985</coordinates></LinearRing></outerBoundaryIs></Polygon></Placemark><Placemark><name>OG-265</name><styleUrl>#g</styleUrl><Polygon><outerBoundaryIs><LinearRing><coordinates>36.987509348531326,-1.061702183779846 36.98769945693873,-1.061509935117487 36.98789151319749,-1.061702354817884 36.98770891184781,-1.061887011876657 36.98770140474517,-1.061894603491977 36.987509348531326,-1.061702183779846</coordinates></LinearRing></outerBoundaryIs></Polygon></Placemark><Placemark><name>OG-266</name><styleUrl>#g</styleUrl><Polygon><outerBoundaryIs><LinearRing><coordinates>36.98770891184781,-1.061887011876657 36.98789151319749,-1.061702354817884 36.98807241894509,-1.061883602914757 36.98807034986701,-1.061938753204039 36.9879037327776,-1.06208220154487 36.98770891184781,-1.061887011876657</coordinates></LinearRing></outerBoundaryIs></Polygon></Placemark><Placemark><name>OG-267</name><styleUrl>#g</styleUrl><Polygon><outerBoundaryIs><LinearRing><coordinates>36.98702734606977,-1.060836552439837 36.987123289040575,-1.060932676952636 36.98702747022779,-1.061029574561917 36.98676837011494,-1.060769984150048 36.98698073653991,-1.060552769553059 36.98701146014568,-1.060564386967672 36.98702734606977,-1.060836552439837</coordinates></LinearRing></outerBoundaryIs></Polygon></Placemark><Placemark><name>OG-268</name><styleUrl>#g</styleUrl><Polygon><outerBoundaryIs><LinearRing><coordinates>36.99105894695112,-1.061294474356846 36.99124905536281,-1.061102224885481 36.9913445532144,-1.06119790307836 36.99115444478038,-1.061390152555566 36.99105894695112,-1.061294474356846</coordinates></LinearRing></outerBoundaryIs></Polygon></Placemark><Placemark><name>OG-269</name><styleUrl>#g</styleUrl><Polygon><outerBoundaryIs><LinearRing><coordinates>36.99115444478038,-1.061390152555566 36.9913445532144,-1.06119790307836 36.99144005107191,-1.061293581279472 36.9912499426156,-1.061485830762517 36.99115444478038,-1.061390152555566</coordinates></LinearRing></outerBoundaryIs></Polygon></Placemark><Placemark><name>OG-270</name><styleUrl>#g</styleUrl><Polygon><outerBoundaryIs><LinearRing><coordinates>36.99096821725075,-1.061203573294896 36.99116833634864,-1.061001200374984 36.99125906607131,-1.06109210143106 36.99124905536281,-1.061102224885481 36.99105894695112,-1.061294474356846 36.99096821725075,-1.061203573294896</coordinates></LinearRing></outerBoundaryIs></Polygon></Placemark><Placemark><name>OG-271</name><styleUrl>#g</styleUrl><Polygon><outerBoundaryIs><LinearRing><coordinates>36.9912499426156,-1.061485830762517 36.99144005107191,-1.061293581279472 36.99153554893534,-1.061389259488795 36.99134544045673,-1.061581508977716 36.9912499426156,-1.061485830762517</coordinates></LinearRing></outerBoundaryIs></Polygon></Placemark><Placemark><name>OG-272</name><styleUrl>#g</styleUrl><Polygon><outerBoundaryIs><LinearRing><coordinates>36.99087748755576,-1.061112672240393 36.99107760663133,-1.060910299326354 36.99115723953674,-1.060990082608089 36.99116833634864,-1.061001200374984 36.99096821725075,-1.061203573294896 36.99087748755576,-1.061112672240393</coordinates></LinearRing></outerBoundaryIs></Polygon></Placemark><Placemark><name>OG-273</name><styleUrl>#g</styleUrl><Polygon><outerBoundaryIs><LinearRing><coordinates>36.99134544045673,-1.061581508977716 36.99153554893534,-1.061389259488795 36.99163104680468,-1.061484937706332 36.99144093830374,-1.061677187201145 36.99134544045673,-1.061581508977716</coordinates></LinearRing></outerBoundaryIs></Polygon></Placemark><Placemark><name>OG-274</name><styleUrl>#g</styleUrl><Polygon><outerBoundaryIs><LinearRing><coordinates>36.99078675786609,-1.061021771193322 36.99098687691933,-1.060819398285123 36.99107760663133,-1.060910299326354 36.99087748755576,-1.061112672240393 36.99078675786609,-1.061021771193322</coordinates></LinearRing></outerBoundaryIs></Polygon></Placemark><Placemark><name>OG-275</name><styleUrl>#g</styleUrl><Polygon><outerBoundaryIs><LinearRing><coordinates>36.99068799816975,-1.060922824975993 36.99083584031717,-1.060773317741211 36.99094976639423,-1.060782217683087 36.99098687691933,-1.060819398285123 36.99078675786609,-1.061021771193322 36.99068799816975,-1.060922824975993</coordinates></LinearRing></outerBoundaryIs></Polygon></Placemark><Placemark><name>OG-276</name><styleUrl>#g</styleUrl><Polygon><outerBoundaryIs><LinearRing><coordinates>36.99144093830374,-1.061677187201145 36.99163104680468,-1.061484937706332 36.99172654467994,-1.061580615932096 36.99153643615669,-1.061772865432768 36.99144093830374,-1.061677187201145</coordinates></LinearRing></outerBoundaryIs></Polygon></Placemark><Placemark><name>OG-277</name><styleUrl>#g</styleUrl><Polygon><outerBoundaryIs><LinearRing><coordinates>36.99083584031717,-1.060773317741211 36.99068799816975,-1.060922824975993 36.99043396914047,-1.060668316190062 36.99044308750985,-1.060654114299529 36.99073251841009,-1.060765246197395 36.99083584031717,-1.060773317741211</coordinates></LinearRing></outerBoundaryIs></Polygon></Placemark><Placemark><name>OG-278</name><styleUrl>#g</styleUrl><Polygon><outerBoundaryIs><LinearRing><coordinates>36.99153643615669,-1.061772865432768 36.99172654467994,-1.061580615932096 36.99182204256114,-1.061676294166089 36.99163193401555,-1.061868543672671 36.99153643615669,-1.061772865432768</coordinates></LinearRing></outerBoundaryIs></Polygon></Placemark><Placemark><name>OG-279</name><styleUrl>#g</styleUrl><Polygon><outerBoundaryIs><LinearRing><coordinates>36.99098687691933,-1.060819398285123 36.99094976639423,-1.060782217683087 36.99130194886884,-1.060809730268517 36.99132503659413,-1.060820395681698 36.99115723953674,-1.060990082608089 36.99107760663133,-1.060910299326354 36.99098687691933,-1.060819398285123</coordinates></LinearRing></outerBoundaryIs></Polygon></Placemark><Placemark><name>OG-280</name><styleUrl>#g</styleUrl><Polygon><outerBoundaryIs><LinearRing><coordinates>36.99163193401555,-1.061868543672671 36.99182204256114,-1.061676294166089 36.99191754044824,-1.061771972408274 36.99172743188034,-1.061964221920784 36.99163193401555,-1.061868543672671</coordinates></LinearRing></outerBoundaryIs></Polygon></Placemark><Placemark><name>OG-281</name><styleUrl>#g</styleUrl><Polygon><outerBoundaryIs><LinearRing><coordinates>36.99124905536281,-1.061102224885481 36.99125906607131,-1.06109210143106 36.99143916375086,-1.060909975357119 36.99153466162476,-1.061005653544076 36.9913445532144,-1.06119790307836 36.99124905536281,-1.061102224885481</coordinates></LinearRing></outerBoundaryIs></Polygon></Placemark><Placemark><name>OG-282</name><styleUrl>#g</styleUrl><Polygon><outerBoundaryIs><LinearRing><coordinates>36.9913445532144,-1.06119790307836 36.99153466162476,-1.061005653544076 36.99163015950459,-1.061101331739313 36.99144005107191,-1.061293581279472 36.9913445532144,-1.06119790307836</coordinates></LinearRing></outerBoundaryIs></Polygon></Placemark><Placemark><name>OG-283</name><styleUrl>#g</styleUrl><Polygon><outerBoundaryIs><LinearRing><coordinates>36.99115723953674,-1.060990082608089 36.99132503659413,-1.060820395681698 36.99137089933681,-1.060841582051942 36.99143916375086,-1.060909975357119 36.99125906607131,-1.06109210143106 36.99116833634864,-1.061001200374984 36.99115723953674,-1.060990082608089</coordinates></LinearRing></outerBoundaryIs></Polygon></Placemark><Placemark><name>OG-284</name><styleUrl>#g</styleUrl><Polygon><outerBoundaryIs><LinearRing><coordinates>36.99144005107191,-1.061293581279472 36.99163015950459,-1.061101331739313 36.99172565739033,-1.061197009942746 36.99153554893534,-1.061389259488795 36.99144005107191,-1.061293581279472</coordinates></LinearRing></outerBoundaryIs></Polygon></Placemark><Placemark><name>OG-285</name><styleUrl>#g</styleUrl><Polygon><outerBoundaryIs><LinearRing><coordinates>36.99153554893534,-1.061389259488795 36.99172565739033,-1.061197009942746 36.99182115528201,-1.061292688154391 36.99163104680468,-1.061484937706332 36.99153554893534,-1.061389259488795</coordinates></LinearRing></outerBoundaryIs></Polygon></Placemark><Placemark><name>OG-286</name><styleUrl>#g</styleUrl><Polygon><outerBoundaryIs><LinearRing><coordinates>36.99172743188034,-1.061964221920784 36.99191754044824,-1.061771972408274 36.99192913273538,-1.061760249569701 36.99202759521948,-1.061858898008425 36.99184334045091,-1.062023056435833 36.99178442250565,-1.062021320195247 36.99172743188034,-1.061964221920784</coordinates></LinearRing></outerBoundaryIs></Polygon></Placemark><Placemark><name>OG-287</name><styleUrl>#g</styleUrl><Polygon><outerBoundaryIs><LinearRing><coordinates>36.99163104680468,-1.061484937706332 36.99182115528201,-1.061292688154391 36.99191665317957,-1.061388366374298 36.99172654467994,-1.061580615932096 36.99163104680468,-1.061484937706332</coordinates></LinearRing></outerBoundaryIs></Polygon></Placemark><Placemark><name>OG-288</name><styleUrl>#g</styleUrl><Polygon><outerBoundaryIs><LinearRing><coordinates>36.99172654467994,-1.061580615932096 36.99191665317957,-1.061388366374298 36.99201215108305,-1.061484044602432 36.99182204256114,-1.061676294166089 36.99172654467994,-1.061580615932096</coordinates></LinearRing></outerBoundaryIs></Polygon></Placemark><Placemark><name>OG-289</name><styleUrl>#g</styleUrl><Polygon><outerBoundaryIs><LinearRing><coordinates>36.99182204256114,-1.061676294166089 36.99201215108305,-1.061484044602432 36.992107648992466,-1.061579722838758 36.99192913273538,-1.061760249569701 36.99191754044824,-1.061771972408274 36.99182204256114,-1.061676294166089</coordinates></LinearRing></outerBoundaryIs></Polygon></Placemark><Placemark><name>OG-290</name><styleUrl>#g</styleUrl><Polygon><outerBoundaryIs><LinearRing><coordinates>36.99192913273538,-1.061760249569701 36.992107648992466,-1.061579722838758 36.9921888107171,-1.06166103782143 36.99218719151393,-1.061716708549139 36.99202759521948,-1.061858898008425 36.99192913273538,-1.061760249569701</coordinates></LinearRing></outerBoundaryIs></Polygon></Placemark><Placemark><name>OG-291</name><styleUrl>#g</styleUrl><Polygon><outerBoundaryIs><LinearRing><coordinates>36.98578630000218,-1.062362454267522 36.98575520136847,-1.062450321758844 36.98571091776768,-1.062515096485231 36.98557100797687,-1.06263555098858 36.98551401538116,-1.06263107778366 36.98546343901437,-1.06257155878754 36.985450730025214,-1.062502310874825 36.98553244652837,-1.062271425413172 36.98578630000218,-1.062362454267522</coordinates></LinearRing></outerBoundaryIs></Polygon></Placemark><Placemark><name>OG-292</name><styleUrl>#g</styleUrl><Polygon><outerBoundaryIs><LinearRing><coordinates>36.98553244652837,-1.062271425413172 36.98562627103106,-1.062006329295379 36.98588012451543,-1.062097358105864 36.98578630000218,-1.062362454267522 36.98553244652837,-1.062271425413172</coordinates></LinearRing></outerBoundaryIs></Polygon></Placemark><Placemark><name>OG-293</name><styleUrl>#g</styleUrl><Polygon><outerBoundaryIs><LinearRing><coordinates>36.98562627103106,-1.062006329295379 36.98572009548036,-1.06174123314349 36.98597394897529,-1.061832261910095 36.98588012451543,-1.062097358105864 36.98562627103106,-1.062006329295379</coordinates></LinearRing></outerBoundaryIs></Polygon></Placemark><Placemark><name>OG-294</name><styleUrl>#g</styleUrl><Polygon><outerBoundaryIs><LinearRing><coordinates>36.98572009548036,-1.06174123314349 36.98581392017771,-1.061476136105814 36.98606777368322,-1.061567164828543 36.98597394897529,-1.061832261910095 36.98572009548036,-1.06174123314349</coordinates></LinearRing></outerBoundaryIs></Polygon></Placemark><Placemark><name>OG-295</name><styleUrl>#g</styleUrl><Polygon><outerBoundaryIs><LinearRing><coordinates>36.98581392017771,-1.061476136105814 36.98590774421881,-1.061211040737511 36.98616159773489,-1.061302069416369 36.98606777368322,-1.061567164828543 36.98581392017771,-1.061476136105814</coordinates></LinearRing></outerBoundaryIs></Polygon></Placemark><Placemark><name>OG-296</name><styleUrl>#g</styleUrl><Polygon><outerBoundaryIs><LinearRing><coordinates>36.98590774421881,-1.061211040737511 36.9859429797054,-1.061111484497302 36.98610779406837,-1.060942907729813 36.98629914521801,-1.061132452434086 36.98617803221575,-1.06125563455045 36.98616159773489,-1.061302069416369 36.98590774421881,-1.061211040737511</coordinates></LinearRing></outerBoundaryIs></Polygon></Placemark><Placemark><name>OG-297</name><styleUrl>#g</styleUrl><Polygon><outerBoundaryIs><LinearRing><coordinates>36.98610779406837,-1.060942907729813 36.98630447860013,-1.060741733175736 36.98649639250866,-1.060931835267689 36.98629914521801,-1.061132452434086 36.98610779406837,-1.060942907729813</coordinates></LinearRing></outerBoundaryIs></Polygon></Placemark><Placemark><name>OG-298</name><styleUrl>#g</styleUrl><Polygon><outerBoundaryIs><LinearRing><coordinates>36.9860922070843,-1.061740613295781 36.9861733002227,-1.061511488571138 36.98641504821061,-1.061795980685184 36.9862598524096,-1.061929595798603 36.98620285979964,-1.061925122629399 36.98610491612182,-1.061809861227654 36.9860922070843,-1.061740613295781</coordinates></LinearRing></outerBoundaryIs></Polygon></Placemark><Placemark><name>OG-299</name><styleUrl>#g</styleUrl><Polygon><outerBoundaryIs><LinearRing><coordinates>36.9861733002227,-1.061511488571138 36.98623972192043,-1.06132381718666 36.98639585976288,-1.06150756214728 36.98654550398806,-1.061683665349452 36.98641504821061,-1.061795980685184 36.9861733002227,-1.061511488571138</coordinates></LinearRing></outerBoundaryIs></Polygon></Placemark><Placemark><name>OG-300</name><styleUrl>#g</styleUrl><Polygon><outerBoundaryIs><LinearRing><coordinates>36.98639585976288,-1.06150756214728 36.98661255316246,-1.061301222791744 36.98675821684652,-1.061447162199693 36.98675614776181,-1.061502312444073 36.98654550398806,-1.061683665349452 36.98639585976288,-1.06150756214728</coordinates></LinearRing></outerBoundaryIs></Polygon></Placemark><Placemark><name>OG-301</name><styleUrl>#g</styleUrl><Polygon><outerBoundaryIs><LinearRing><coordinates>36.98645754026997,-1.061145916484377 36.98661255316246,-1.061301222791744 36.98639585976288,-1.06150756214728 36.98623972192043,-1.06132381718666 36.98624699832404,-1.061303258044719 36.98640053823773,-1.061146213119153 36.98645754026997,-1.061145916484377</coordinates></LinearRing></outerBoundaryIs></Polygon></Placemark><Placemark><name>OG-302</name><styleUrl>#g</styleUrl><Polygon><outerBoundaryIs><LinearRing><coordinates>36.99023188070529,-1.062226343594729 36.99042198923679,-1.06203409438305 36.99051642344524,-1.062128707053712 36.99032631489166,-1.062320956271203 36.99023188070529,-1.062226343594729</coordinates></LinearRing></outerBoundaryIs></Polygon></Placemark><Placemark><name>OG-303</name><styleUrl>#g</styleUrl><Polygon><outerBoundaryIs><LinearRing><coordinates>36.9901374465247,-1.062131730926306 36.990327555034135,-1.06193948172044 36.99042198923679,-1.06203409438305 36.99023188070529,-1.062226343594729 36.9901374465247,-1.062131730926306</coordinates></LinearRing></outerBoundaryIs></Polygon></Placemark><Placemark><name>OG-304</name><styleUrl>#g</styleUrl><Polygon><outerBoundaryIs><LinearRing><coordinates>36.99032631489166,-1.062320956271203 36.99051642344524,-1.062128707053712 36.99061085765949,-1.062223319732424 36.990420749083825,-1.062415568955729 36.99032631489166,-1.062320956271203</coordinates></LinearRing></outerBoundaryIs></Polygon></Placemark><Placemark><name>OG-305</name><styleUrl>#g</styleUrl><Polygon><outerBoundaryIs><LinearRing><coordinates>36.99004301234991,-1.062037118265919 36.99023312083727,-1.061844869065865 36.990327555034135,-1.06193948172044 36.9901374465247,-1.062131730926306 36.99004301234991,-1.062037118265919</coordinates></LinearRing></outerBoundaryIs></Polygon></Placemark><Placemark><name>OG-306</name><styleUrl>#g</styleUrl><Polygon><outerBoundaryIs><LinearRing><coordinates>36.990420749083825,-1.062415568955729 36.99061085765949,-1.062223319732424 36.99070529187956,-1.062317932419185 36.99051518328179,-1.062510181648338 36.990420749083825,-1.062415568955729</coordinates></LinearRing></outerBoundaryIs></Polygon></Placemark><Placemark><name>OG-307</name><styleUrl>#g</styleUrl><Polygon><outerBoundaryIs><LinearRing><coordinates>36.98994857818089,-1.061942505613585 36.99013868664618,-1.061750256419326 36.99023312083727,-1.061844869065865 36.99004301234991,-1.062037118265919 36.98994857818089,-1.061942505613585</coordinates></LinearRing></outerBoundaryIs></Polygon></Placemark><Placemark><name>OG-308</name><styleUrl>#g</styleUrl><Polygon><outerBoundaryIs><LinearRing><coordinates>36.99051518328179,-1.062510181648338 36.99070529187956,-1.062317932419185 36.99079972610541,-1.062412545113996 36.99060961748555,-1.062604794348997 36.99051518328179,-1.062510181648338</coordinates></LinearRing></outerBoundaryIs></Polygon></Placemark><Placemark><name>OG-309</name><styleUrl>#g</styleUrl><Polygon><outerBoundaryIs><LinearRing><coordinates>36.98985414401765,-1.061847892969306 36.99004425246089,-1.061655643780823 36.99013868664618,-1.061750256419326 36.98994857818089,-1.061942505613585 36.98985414401765,-1.061847892969306</coordinates></LinearRing></outerBoundaryIs></Polygon></Placemark><Placemark><name>OG-310</name><styleUrl>#g</styleUrl><Polygon><outerBoundaryIs><LinearRing><coordinates>36.99060961748555,-1.062604794348997 36.99079972610541,-1.062412545113996 36.99089416033705,-1.062507157816838 36.99070405169508,-1.062699407057705 36.99060961748555,-1.062604794348997</coordinates></LinearRing></outerBoundaryIs></Polygon></Placemark><Placemark><name>OG-311</name><styleUrl>#g</styleUrl><Polygon><outerBoundaryIs><LinearRing><coordinates>36.98975970986019,-1.061753280333081 36.98994981828139,-1.061561031150376 36.99004425246089,-1.061655643780823 36.98985414401765,-1.061847892969306 36.98975970986019,-1.061753280333081</coordinates></LinearRing></outerBoundaryIs></Polygon></Placemark><Placemark><name>OG-312</name><styleUrl>#g</styleUrl><Polygon><outerBoundaryIs><LinearRing><coordinates>36.99070405169508,-1.062699407057705 36.99089416033705,-1.062507157816838 36.99098859412385,-1.062601770076216 36.99079848545975,-1.062794019322915 36.99070405169508,-1.062699407057705</coordinates></LinearRing></outerBoundaryIs></Polygon></Placemark><Placemark><name>OG-313</name><styleUrl>#g</styleUrl><Polygon><outerBoundaryIs><LinearRing><coordinates>36.98994981828139,-1.061561031150376 36.98975970986019,-1.061753280333081 36.98966527570852,-1.061658667704912 36.98985538410768,-1.061466418527983 36.98994981828139,-1.061561031150376</coordinates></LinearRing></outerBoundaryIs></Polygon></Placemark><Placemark><name>OG-314</name><styleUrl>#g</styleUrl><Polygon><outerBoundaryIs><LinearRing><coordinates>36.99042198923679,-1.06203409438305 36.99061209774482,-1.06184184511406 36.99070653197533,-1.061936457778909 36.99051642344524,-1.062128707053712 36.99042198923679,-1.06203409438305</coordinates></LinearRing></outerBoundaryIs></Polygon></Placemark><Placemark><name>OG-315</name><styleUrl>#g</styleUrl><Polygon><outerBoundaryIs><LinearRing><coordinates>36.990327555034135,-1.06193948172044 36.99051766352009,-1.061747232457261 36.99061209774482,-1.06184184511406 36.99042198923679,-1.06203409438305 36.990327555034135,-1.06193948172044</coordinates></LinearRing></outerBoundaryIs></Polygon></Placemark><Placemark><name>OG-316</name><styleUrl>#g</styleUrl><Polygon><outerBoundaryIs><LinearRing><coordinates>36.99051642344524,-1.062128707053712 36.99070653197533,-1.061936457778909 36.99080096621166,-1.062031070451826 36.99061085765949,-1.062223319732424 36.99051642344524,-1.062128707053712</coordinates></LinearRing></outerBoundaryIs></Polygon></Placemark><Placemark><name>OG-317</name><styleUrl>#g</styleUrl><Polygon><outerBoundaryIs><LinearRing><coordinates>36.99023312083727,-1.061844869065865 36.99042322930114,-1.061652619808514 36.99051766352009,-1.061747232457261 36.990327555034135,-1.06193948172044 36.99023312083727,-1.061844869065865</coordinates></LinearRing></outerBoundaryIs></Polygon></Placemark><Placemark><name>OG-318</name><styleUrl>#g</styleUrl><Polygon><outerBoundaryIs><LinearRing><coordinates>36.99061085765949,-1.062223319732424 36.99080096621166,-1.062031070451826 36.99089540045377,-1.062125683132791 36.99070529187956,-1.062317932419185 36.99061085765949,-1.062223319732424</coordinates></LinearRing></outerBoundaryIs></Polygon></Placemark><Placemark><name>OG-319</name><styleUrl>#g</styleUrl><Polygon><outerBoundaryIs><LinearRing><coordinates>36.99079848545975,-1.062794019322915 36.99098859412385,-1.062601770076216 36.99100049039767,-1.062589739850234 36.99109782542205,-1.062687258830918 36.99091324727291,-1.06285170505608 36.99085432934712,-1.062849968768582 36.99079848545975,-1.062794019322915</coordinates></LinearRing></outerBoundaryIs></Polygon></Placemark><Placemark><name>OG-320</name><styleUrl>#g</styleUrl><Polygon><outerBoundaryIs><LinearRing><coordinates>36.99013868664618,-1.061750256419326 36.99032879508795,-1.061558007167819 36.99042322930114,-1.061652619808514 36.99023312083727,-1.061844869065865 36.99013868664618,-1.061750256419326</coordinates></LinearRing></outerBoundaryIs></Polygon></Placemark><Placemark><name>OG-321</name><styleUrl>#g</styleUrl><Polygon><outerBoundaryIs><LinearRing><coordinates>36.99070529187956,-1.062317932419185 36.99089540045377,-1.062125683132791 36.99098983470166,-1.062220295821805 36.99079972610541,-1.062412545113996 36.99070529187956,-1.062317932419185</coordinates></LinearRing></outerBoundaryIs></Polygon></Placemark><Placemark><name>OG-322</name><styleUrl>#g</styleUrl><Polygon><outerBoundaryIs><LinearRing><coordinates>36.99004425246089,-1.061655643780823 36.99023436088055,-1.061463394535144 36.99032879508795,-1.061558007167819 36.99013868664618,-1.061750256419326 36.99004425246089,-1.061655643780823</coordinates></LinearRing></outerBoundaryIs></Polygon></Placemark><Placemark><name>OG-323</name><styleUrl>#g</styleUrl><Polygon><outerBoundaryIs><LinearRing><coordinates>36.99079972610541,-1.062412545113996 36.99098983470166,-1.062220295821805 36.99108426895533,-1.06231490851885 36.99089416033705,-1.062507157816838 36.99079972610541,-1.062412545113996</coordinates></LinearRing></outerBoundaryIs></Polygon></Placemark><Placemark><name>OG-324</name><styleUrl>#g</styleUrl><Polygon><outerBoundaryIs><LinearRing><coordinates>36.98994981828139,-1.061561031150376 36.99013992667894,-1.061368781910539 36.99023436088055,-1.061463394535144 36.99004425246089,-1.061655643780823 36.98994981828139,-1.061561031150376</coordinates></LinearRing></outerBoundaryIs></Polygon></Placemark><Placemark><name>OG-325</name><styleUrl>#g</styleUrl><Polygon><outerBoundaryIs><LinearRing><coordinates>36.99089416033705,-1.062507157816838 36.99108426895533,-1.06231490851885 36.99117870276419,-1.062409520772514 36.99100049039767,-1.062589739850234 36.99098859412385,-1.062601770076216 36.99089416033705,-1.062507157816838</coordinates></LinearRing></outerBoundaryIs></Polygon></Placemark><Placemark><name>OG-326</name><styleUrl>#g</styleUrl><Polygon><outerBoundaryIs><LinearRing><coordinates>36.98985538410768,-1.061466418527983 36.99004549248313,-1.061274169294023 36.99013992667894,-1.061368781910539 36.98994981828139,-1.061561031150376 36.98985538410768,-1.061466418527983</coordinates></LinearRing></outerBoundaryIs></Polygon></Placemark><Placemark><name>OG-327</name><styleUrl>#g</styleUrl><Polygon><outerBoundaryIs><LinearRing><coordinates>36.99100049039767,-1.062589739850234 36.99117870276419,-1.062409520772514 36.9912587177235,-1.062489686932096 36.99125709847616,-1.062545357626247 36.99109782542205,-1.062687258830918 36.99100049039767,-1.062589739850234</coordinates></LinearRing></outerBoundaryIs></Polygon></Placemark><Placemark><name>OG-328</name><styleUrl>#g</styleUrl><Polygon><outerBoundaryIs><LinearRing><coordinates>36.98968853421569,-1.062428742767784 36.98984548402662,-1.062270028342189 36.98996129089731,-1.062386054133372 36.98980434106402,-1.062544768564837 36.98968853421569,-1.062428742767784</coordinates></LinearRing></outerBoundaryIs></Polygon></Placemark><Placemark><name>OG-329</name><styleUrl>#g</styleUrl><Polygon><outerBoundaryIs><LinearRing><coordinates>36.98957272737606,-1.062312716982844 36.98972967716464,-1.062154002563135 36.98984548402662,-1.062270028342189 36.98968853421569,-1.062428742767784 36.98957272737606,-1.062312716982844</coordinates></LinearRing></outerBoundaryIs></Polygon></Placemark><Placemark><name>OG-330</name><styleUrl>#g</styleUrl><Polygon><outerBoundaryIs><LinearRing><coordinates>36.98980434106402,-1.062544768564837 36.98996129089731,-1.062386054133372 36.990077097776705,-1.062502079936614 36.98992014792104,-1.062660794373984 36.98980434106402,-1.062544768564837</coordinates></LinearRing></outerBoundaryIs></Polygon></Placemark><Placemark><name>OG-331</name><styleUrl>#g</styleUrl><Polygon><outerBoundaryIs><LinearRing><coordinates>36.989456920545166,-1.062196691210035 36.9896138703114,-1.062037976796194 36.98972967716464,-1.062154002563135 36.98957272737606,-1.062312716982844 36.989456920545166,-1.062196691210035</coordinates></LinearRing></outerBoundaryIs></Polygon></Placemark><Placemark><name>OG-332</name><styleUrl>#g</styleUrl><Polygon><outerBoundaryIs><LinearRing><coordinates>36.98992014792104,-1.062660794373984 36.990077097776705,-1.062502079936614 36.990192897557726,-1.062618098631445 36.990303942299896,-1.0627293533014 36.990146992400305,-1.062888067750471 36.98992014792104,-1.062660794373984</coordinates></LinearRing></outerBoundaryIs></Polygon></Placemark><Placemark><name>OG-333</name><styleUrl>#g</styleUrl><Polygon><outerBoundaryIs><LinearRing><coordinates>36.98934111372294,-1.062080665449324 36.98949806346685,-1.061921951041318 36.9896138703114,-1.062037976796194 36.989456920545166,-1.062196691210035 36.98934111372294,-1.062080665449324</coordinates></LinearRing></outerBoundaryIs></Polygon></Placemark><Placemark><name>OG-334</name><styleUrl>#g</styleUrl><Polygon><outerBoundaryIs><LinearRing><coordinates>36.98922530690944,-1.06196463970073 36.98938225663103,-1.061805925298591 36.98949806346685,-1.061921951041318 36.98934111372294,-1.062080665449324 36.98922530690944,-1.06196463970073</coordinates></LinearRing></outerBoundaryIs></Polygon></Placemark><Placemark><name>OG-335</name><styleUrl>#g</styleUrl><Polygon><outerBoundaryIs><LinearRing><coordinates>36.990146992400305,-1.062888067750471 36.990303942299896,-1.0627293533014 36.990414987050094,-1.062840607982504 36.99025803712911,-1.062999322437136 36.990146992400305,-1.062888067750471</coordinates></LinearRing></outerBoundaryIs></Polygon></Placemark><Placemark><name>OG-336</name><styleUrl>#g</styleUrl><Polygon><outerBoundaryIs><LinearRing><coordinates>36.98984548402662,-1.062270028342189 36.9900024515749,-1.062111295924566 36.99011825846797,-1.062227321709828 36.98996129089731,-1.062386054133372 36.98984548402662,-1.062270028342189</coordinates></LinearRing></outerBoundaryIs></Polygon></Placemark><Placemark><name>OG-337</name><styleUrl>#g</styleUrl><Polygon><outerBoundaryIs><LinearRing><coordinates>36.98972967716464,-1.062154002563135 36.98988664469056,-1.061995270151381 36.9900024515749,-1.062111295924566 36.98984548402662,-1.062270028342189 36.98972967716464,-1.062154002563135</coordinates></LinearRing></outerBoundaryIs></Polygon></Placemark><Placemark><name>OG-338</name><styleUrl>#g</styleUrl><Polygon><outerBoundaryIs><LinearRing><coordinates>36.98996129089731,-1.062386054133372 36.99011825846797,-1.062227321709828 36.99023406536972,-1.062343347507183 36.990077097776705,-1.062502079936614 36.98996129089731,-1.062386054133372</coordinates></LinearRing></outerBoundaryIs></Polygon></Placemark><Placemark><name>OG-339</name><styleUrl>#g</styleUrl><Polygon><outerBoundaryIs><LinearRing><coordinates>36.9896138703114,-1.062037976796194 36.98977083781493,-1.061879244390359 36.98988664469056,-1.061995270151381 36.98972967716464,-1.062154002563135 36.9896138703114,-1.062037976796194</coordinates></LinearRing></outerBoundaryIs></Polygon></Placemark><Placemark><name>OG-340</name><styleUrl>#g</styleUrl><Polygon><outerBoundaryIs><LinearRing><coordinates>36.98938225663103,-1.061805925298591 36.98922530690944,-1.06196463970073 36.98910958131552,-1.061848695328688 36.98926652973486,-1.061689979649992 36.98938225663103,-1.061805925298591</coordinates></LinearRing></outerBoundaryIs></Polygon></Placemark><Placemark><name>OG-341</name><styleUrl>#g</styleUrl><Polygon><outerBoundaryIs><LinearRing><coordinates>36.990077097776705,-1.062502079936614 36.99023406536972,-1.062343347507183 36.99034986517294,-1.062459366196278 36.990192897557726,-1.062618098631445 36.990077097776705,-1.062502079936614</coordinates></LinearRing></outerBoundaryIs></Polygon></Placemark><Placemark><name>OG-342</name><styleUrl>#g</styleUrl><Polygon><outerBoundaryIs><LinearRing><coordinates>36.98949806346685,-1.061921951041318 36.98965503094798,-1.061763218641401 36.98977083781493,-1.061879244390359 36.9896138703114,-1.062037976796194 36.98949806346685,-1.061921951041318</coordinates></LinearRing></outerBoundaryIs></Polygon></Placemark><Placemark><name>OG-343</name><styleUrl>#g</styleUrl><Polygon><outerBoundaryIs><LinearRing><coordinates>36.99025803712911,-1.062999322437136 36.990414987050094,-1.062840607982504 36.99052862282047,-1.062954458585308 36.99040018941616,-1.063084335912644 36.99034302356336,-1.063084469561813 36.99025803712911,-1.062999322437136</coordinates></LinearRing></outerBoundaryIs></Polygon></Placemark><Placemark><name>OG-344</name><styleUrl>#g</styleUrl><Polygon><outerBoundaryIs><LinearRing><coordinates>36.990192897557726,-1.062618098631445 36.99034986517294,-1.062459366196278 36.99057195470827,-1.062681875535979 36.990414987050094,-1.062840607982504 36.990303942299896,-1.0627293533014 36.990192897557726,-1.062618098631445</coordinates></LinearRing></outerBoundaryIs></Polygon></Placemark><Placemark><name>OG-345</name><styleUrl>#g</styleUrl><Polygon><outerBoundaryIs><LinearRing><coordinates>36.98938225663103,-1.061805925298591 36.98953922408975,-1.061647192904642 36.98965503094798,-1.061763218641401 36.98949806346685,-1.061921951041318 36.98938225663103,-1.061805925298591</coordinates></LinearRing></outerBoundaryIs></Polygon></Placemark><Placemark><name>OG-346</name><styleUrl>#g</styleUrl><Polygon><outerBoundaryIs><LinearRing><coordinates>36.98926652973486,-1.061689979649992 36.9894234958911,-1.061531245979468 36.98953922408975,-1.061647192904642 36.98938225663103,-1.061805925298591 36.98926652973486,-1.061689979649992</coordinates></LinearRing></outerBoundaryIs></Polygon></Placemark><Placemark><name>OG-347</name><styleUrl>#g</styleUrl><Polygon><outerBoundaryIs><LinearRing><coordinates>36.990414987050094,-1.062840607982504 36.99057195470827,-1.062681875535979 36.99061156217821,-1.062721557875313 36.99065694117532,-1.062767022652013 36.9906570739672,-1.06282456327908 36.99052862282047,-1.062954458585308 36.990414987050094,-1.062840607982504</coordinates></LinearRing></outerBoundaryIs></Polygon></Placemark><Placemark><name>OG-348</name><styleUrl>#g</styleUrl><Polygon><outerBoundaryIs><LinearRing><coordinates>36.98646777523875,-1.062236878608833 36.98666182459252,-1.062069812758658 36.98684762923278,-1.062288470067155 36.98668429815254,-1.062429089141852 36.98662730551927,-1.062424615961764 36.98646777523875,-1.062236878608833</coordinates></LinearRing></outerBoundaryIs></Polygon></Placemark><Placemark><name>OG-349</name><styleUrl>#g</styleUrl><Polygon><outerBoundaryIs><LinearRing><coordinates>36.98666182459252,-1.062069812758658 36.98646777523875,-1.062236878608833 36.98630795702441,-1.06204880242419 36.98631240102412,-1.061991435695797 36.98647573202317,-1.061850816628582 36.98666182459252,-1.062069812758658</coordinates></LinearRing></outerBoundaryIs></Polygon></Placemark><Placemark><name>OG-350</name><styleUrl>#g</styleUrl><Polygon><outerBoundaryIs><LinearRing><coordinates>36.98666182459252,-1.062069812758658 36.9868537064014,-1.061904612981771 36.98686193303341,-1.061914294185888 36.9870395110893,-1.0621232702859 36.98684762923278,-1.062288470067155 36.98666182459252,-1.062069812758658</coordinates></LinearRing></outerBoundaryIs></Polygon></Placemark><Placemark><name>OG-351</name><styleUrl>#g</styleUrl><Polygon><outerBoundaryIs><LinearRing><coordinates>36.98647573202317,-1.061850816628582 36.986667613784334,-1.061685616856133 36.9868537064014,-1.061904612981771 36.98666182459252,-1.062069812758658 36.98647573202317,-1.061850816628582</coordinates></LinearRing></outerBoundaryIs></Polygon></Placemark><Placemark><name>OG-352</name><styleUrl>#g</styleUrl><Polygon><outerBoundaryIs><LinearRing><coordinates>36.98687299820777,-1.061562160832106 36.98705691473636,-1.061746425505756 36.98686193303341,-1.061914294185888 36.9868537064014,-1.061904612981771 36.986667613784334,-1.061685616856133 36.98681363069272,-1.061559904187686 36.98687299820777,-1.061562160832106</coordinates></LinearRing></outerBoundaryIs></Polygon></Placemark><Placemark><name>OG-353</name><styleUrl>#g</styleUrl><Polygon><outerBoundaryIs><LinearRing><coordinates>36.98686193303341,-1.061914294185888 36.98705691473636,-1.061746425505756 36.98722251808037,-1.061912342336206 36.98722044898734,-1.061967492595958 36.9870395110893,-1.0621232702859 36.98686193303341,-1.061914294185888</coordinates></LinearRing></outerBoundaryIs></Polygon></Placemark><Placemark><name>OG-354</name><styleUrl>#g</styleUrl><Polygon><outerBoundaryIs><LinearRing><coordinates>36.98453699928401,-1.062107275896765 36.9847417878803,-1.061930964332782 36.98482892502972,-1.062033508573102 36.98462413640958,-1.062209820139292 36.98453699928401,-1.062107275896765</coordinates></LinearRing></outerBoundaryIs></Polygon></Placemark><Placemark><name>OG-355</name><styleUrl>#g</styleUrl><Polygon><outerBoundaryIs><LinearRing><coordinates>36.98444986216247,-1.062004731662728 36.98465465073488,-1.061828420100935 36.9847417878803,-1.061930964332782 36.98453699928401,-1.062107275896765 36.98444986216247,-1.062004731662728</coordinates></LinearRing></outerBoundaryIs></Polygon></Placemark><Placemark><name>OG-356</name><styleUrl>#g</styleUrl><Polygon><outerBoundaryIs><LinearRing><coordinates>36.98462413640958,-1.062209820139292 36.98482892502972,-1.062033508573102 36.98491606218319,-1.06213605282191 36.98471127353915,-1.062312364390308 36.98462413640958,-1.062209820139292</coordinates></LinearRing></outerBoundaryIs></Polygon></Placemark><Placemark><name>OG-357</name><styleUrl>#g</styleUrl><Polygon><outerBoundaryIs><LinearRing><coordinates>36.98436272504489,-1.061902187437249 36.98456751359347,-1.061725875877611 36.98465465073488,-1.061828420100935 36.98444986216247,-1.062004731662728 36.98436272504489,-1.061902187437249</coordinates></LinearRing></outerBoundaryIs></Polygon></Placemark><Placemark><name>OG-358</name><styleUrl>#g</styleUrl><Polygon><outerBoundaryIs><LinearRing><coordinates>36.98471127353915,-1.062312364390308 36.98491606218319,-1.06213605282191 36.98498510386465,-1.062217302063138 36.98497942441884,-1.062273141555632 36.98483005722773,-1.062389627630181 36.98477182924626,-1.062383627236048 36.98471127353915,-1.062312364390308</coordinates></LinearRing></outerBoundaryIs></Polygon></Placemark><Placemark><name>OG-359</name><styleUrl>#g</styleUrl><Polygon><outerBoundaryIs><LinearRing><coordinates>36.98456751359347,-1.061725875877611 36.98436272504489,-1.061902187437249 36.98434224618913,-1.061919818590014 36.98424797195364,-1.061808875301422 36.98440027736816,-1.061653826919835 36.98450090926434,-1.06164749496149 36.98456751359347,-1.061725875877611</coordinates></LinearRing></outerBoundaryIs></Polygon></Placemark><Placemark><name>OG-360</name><styleUrl>#g</styleUrl><Polygon><outerBoundaryIs><LinearRing><coordinates>36.98750903075874,-1.062862242297842 36.9876204469121,-1.0627663191377 36.98778393166271,-1.062958710111601 36.98770323383298,-1.063028186478789 36.98764624115306,-1.06302371329372 36.98750903075874,-1.062862242297842</coordinates></LinearRing></outerBoundaryIs></Polygon></Placemark><Placemark><name>OG-361</name><styleUrl>#g</styleUrl><Polygon><outerBoundaryIs><LinearRing><coordinates>36.98750903075874,-1.062862242297842 36.98737182037437,-1.062700771322995 36.98737626438113,-1.062643404557462 36.98745696217561,-1.06257392819356 36.9876204469121,-1.0627663191377 36.98750903075874,-1.062862242297842</coordinates></LinearRing></outerBoundaryIs></Polygon></Placemark><Placemark><name>OG-362</name><styleUrl>#g</styleUrl><Polygon><outerBoundaryIs><LinearRing><coordinates>36.9876204469121,-1.0627663191377 36.98772939340375,-1.062672522199259 36.98789287817812,-1.062864913170965 36.98778393166271,-1.062958710111601 36.9876204469121,-1.0627663191377</coordinates></LinearRing></outerBoundaryIs></Polygon></Placemark><Placemark><name>OG-363</name><styleUrl>#g</styleUrl><Polygon><outerBoundaryIs><LinearRing><coordinates>36.98745696217561,-1.06257392819356 36.98756590864344,-1.06248013125728 36.98772939340375,-1.062672522199259 36.9876204469121,-1.0627663191377 36.98745696217561,-1.06257392819356</coordinates></LinearRing></outerBoundaryIs></Polygon></Placemark><Placemark><name>OG-364</name><styleUrl>#g</styleUrl><Polygon><outerBoundaryIs><LinearRing><coordinates>36.98772939340375,-1.062672522199259 36.98783833989077,-1.062578725244296 36.98800182468892,-1.062771116213773 36.98789287817812,-1.062864913170965 36.98772939340375,-1.062672522199259</coordinates></LinearRing></outerBoundaryIs></Polygon></Placemark><Placemark><name>OG-365</name><styleUrl>#g</styleUrl><Polygon><outerBoundaryIs><LinearRing><coordinates>36.98756590864344,-1.06248013125728 36.98767485510665,-1.062386334304494 36.98783833989077,-1.062578725244296 36.98772939340375,-1.062672522199259 36.98756590864344,-1.06248013125728</coordinates></LinearRing></outerBoundaryIs></Polygon></Placemark><Placemark><name>OG-366</name><styleUrl>#g</styleUrl><Polygon><outerBoundaryIs><LinearRing><coordinates>36.98783833989077,-1.062578725244296 36.98794728637321,-1.062484928272779 36.98811077119516,-1.062677319240061 36.98800182468892,-1.062771116213773 36.98783833989077,-1.062578725244296</coordinates></LinearRing></outerBoundaryIs></Polygon></Placemark><Placemark><name>OG-367</name><styleUrl>#g</styleUrl><Polygon><outerBoundaryIs><LinearRing><coordinates>36.98767485510665,-1.062386334304494 36.98778380156529,-1.06229253733517 36.98794728637321,-1.062484928272779 36.98783833989077,-1.062578725244296 36.98767485510665,-1.062386334304494</coordinates></LinearRing></outerBoundaryIs></Polygon></Placemark><Placemark><name>OG-368</name><styleUrl>#g</styleUrl><Polygon><outerBoundaryIs><LinearRing><coordinates>36.98794728637321,-1.062484928272779 36.98805623285105,-1.062391131284708 36.98821971769677,-1.062583522249762 36.98811077119516,-1.062677319240061 36.98794728637321,-1.062484928272779</coordinates></LinearRing></outerBoundaryIs></Polygon></Placemark><Placemark><name>OG-369</name><styleUrl>#g</styleUrl><Polygon><outerBoundaryIs><LinearRing><coordinates>36.98778380156529,-1.06229253733517 36.98789274801933,-1.062198740349275 36.98805623285105,-1.062391131284708 36.98794728637321,-1.062484928272779 36.98778380156529,-1.06229253733517</coordinates></LinearRing></outerBoundaryIs></Polygon></Placemark><Placemark><name>OG-370</name><styleUrl>#g</styleUrl><Polygon><outerBoundaryIs><LinearRing><coordinates>36.98805623285105,-1.062391131284708 36.98816517932429,-1.062297334280085 36.98832866419381,-1.062489725242944 36.98821971769677,-1.062583522249762 36.98805623285105,-1.062391131284708</coordinates></LinearRing></outerBoundaryIs></Polygon></Placemark><Placemark><name>OG-371</name><styleUrl>#g</styleUrl><Polygon><outerBoundaryIs><LinearRing><coordinates>36.98789274801933,-1.062198740349275 36.98800169446876,-1.062104943346862 36.98816517932429,-1.062297334280085 36.98805623285105,-1.062391131284708 36.98789274801933,-1.062198740349275</coordinates></LinearRing></outerBoundaryIs></Polygon></Placemark><Placemark><name>OG-372</name><styleUrl>#g</styleUrl><Polygon><outerBoundaryIs><LinearRing><coordinates>36.98816517932429,-1.062297334280085 36.98827412579293,-1.062203537258926 36.98843761068624,-1.062395928219592 36.98832866419381,-1.062489725242944 36.98816517932429,-1.062297334280085</coordinates></LinearRing></outerBoundaryIs></Polygon></Placemark><Placemark><name>OG-373</name><styleUrl>#g</styleUrl><Polygon><outerBoundaryIs><LinearRing><coordinates>36.98800169446876,-1.062104943346862 36.98811064091362,-1.062011146327913 36.98827412579293,-1.062203537258926 36.98816517932429,-1.062297334280085 36.98800169446876,-1.062104943346862</coordinates></LinearRing></outerBoundaryIs></Polygon></Placemark><Placemark><name>OG-374</name><styleUrl>#g</styleUrl><Polygon><outerBoundaryIs><LinearRing><coordinates>36.98827412579293,-1.062203537258926 36.988383072256944,-1.062109740221234 36.98854655717406,-1.06230213117974 36.98843761068624,-1.062395928219592 36.98827412579293,-1.062203537258926</coordinates></LinearRing></outerBoundaryIs></Polygon></Placemark><Placemark><name>OG-375</name><styleUrl>#g</styleUrl><Polygon><outerBoundaryIs><LinearRing><coordinates>36.98811064091362,-1.062011146327913 36.98821958735388,-1.061917349292447 36.988383072256944,-1.062109740221234 36.98827412579293,-1.062203537258926 36.98811064091362,-1.062011146327913</coordinates></LinearRing></outerBoundaryIs></Polygon></Placemark><Placemark><name>OG-376</name><styleUrl>#g</styleUrl><Polygon><outerBoundaryIs><LinearRing><coordinates>36.988383072256944,-1.062109740221234 36.98849201749741,-1.06201594421646 36.98865550243831,-1.062208335172772 36.98854655717406,-1.06230213117974 36.988383072256944,-1.062109740221234</coordinates></LinearRing></outerBoundaryIs></Polygon></Placemark><Placemark><name>OG-377</name><styleUrl>#g</styleUrl><Polygon><outerBoundaryIs><LinearRing><coordinates>36.98821958735388,-1.061917349292447 36.9883285325706,-1.061823553289881 36.98849201749741,-1.06201594421646 36.988383072256944,-1.062109740221234 36.98821958735388,-1.061917349292447</coordinates></LinearRing></outerBoundaryIs></Polygon></Placemark><Placemark><name>OG-378</name><styleUrl>#g</styleUrl><Polygon><outerBoundaryIs><LinearRing><coordinates>36.98831101632927,-1.061802939978087 36.98840647291529,-1.061720756946316 36.98860446998053,-1.061919128642488 36.98849201749741,-1.06201594421646 36.9883285325706,-1.061823553289881 36.98831101632927,-1.061802939978087</coordinates></LinearRing></outerBoundaryIs></Polygon></Placemark><Placemark><name>OG-379</name><styleUrl>#g</styleUrl><Polygon><outerBoundaryIs><LinearRing><coordinates>36.98849201749741,-1.06201594421646 36.98860446998053,-1.061919128642488 36.98880246707122,-1.062117500374132 36.98871397646539,-1.062193686041147 36.98869646021992,-1.062173072722699 36.98865550243831,-1.062208335172772 36.98849201749741,-1.06201594421646</coordinates></LinearRing></outerBoundaryIs></Polygon></Placemark><Placemark><name>OG-380</name><styleUrl>#g</styleUrl><Polygon><outerBoundaryIs><LinearRing><coordinates>36.99161897561455,-1.06265500371611 36.991754317336415,-1.062534423618714 36.99188987830212,-1.062700802140779 36.99178480515796,-1.062794415019417 36.99172890328773,-1.062789921664323 36.99161897561455,-1.06265500371611</coordinates></LinearRing></outerBoundaryIs></Polygon></Placemark><Placemark><name>OG-381</name><styleUrl>#g</styleUrl><Polygon><outerBoundaryIs><LinearRing><coordinates>36.99151368221084,-1.062461656687477 36.99161875531541,-1.062368043812005 36.991754317336415,-1.062534423618714 36.99161897561455,-1.06265500371611 36.99150904688307,-1.062520084475952 36.99151368221084,-1.062461656687477</coordinates></LinearRing></outerBoundaryIs></Polygon></Placemark><Placemark><name>OG-382</name><styleUrl>#g</styleUrl><Polygon><outerBoundaryIs><LinearRing><coordinates>36.991754317336415,-1.062534423618714 36.99188135785077,-1.062421239291714 36.99201691884038,-1.062587617811862 36.99188987830212,-1.062700802140779 36.991754317336415,-1.062534423618714</coordinates></LinearRing></outerBoundaryIs></Polygon></Placemark><Placemark><name>OG-383</name><styleUrl>#g</styleUrl><Polygon><outerBoundaryIs><LinearRing><coordinates>36.99161875531541,-1.062368043812005 36.99174579580585,-1.062254859486905 36.99188135785077,-1.062421239291714 36.991754317336415,-1.062534423618714 36.99161875531541,-1.062368043812005</coordinates></LinearRing></outerBoundaryIs></Polygon></Placemark><Placemark><name>OG-384</name><styleUrl>#g</styleUrl><Polygon><outerBoundaryIs><LinearRing><coordinates>36.99188135785077,-1.062421239291714 36.99200839835802,-1.062308054941678 36.99214395937154,-1.062474433459908 36.99201691884038,-1.062587617811862 36.99188135785077,-1.062421239291714</coordinates></LinearRing></outerBoundaryIs></Polygon></Placemark><Placemark><name>OG-385</name><styleUrl>#g</styleUrl><Polygon><outerBoundaryIs><LinearRing><coordinates>36.99174579580585,-1.062254859486905 36.99187283628916,-1.062141675138752 36.99200839835802,-1.062308054941678 36.99188135785077,-1.062421239291714 36.99174579580585,-1.062254859486905</coordinates></LinearRing></outerBoundaryIs></Polygon></Placemark><Placemark><name>OG-386</name><styleUrl>#g</styleUrl><Polygon><outerBoundaryIs><LinearRing><coordinates>36.99200839835802,-1.062308054941678 36.9921354388582,-1.062194870568574 36.99227099989563,-1.06236124908487 36.99214395937154,-1.062474433459908 36.99200839835802,-1.062308054941678</coordinates></LinearRing></outerBoundaryIs></Polygon></Placemark><Placemark><name>OG-387</name><styleUrl>#g</styleUrl><Polygon><outerBoundaryIs><LinearRing><coordinates>36.99187283628916,-1.062141675138752 36.99199987676541,-1.062028490767564 36.9921354388582,-1.062194870568574 36.99200839835802,-1.062308054941678 36.99187283628916,-1.062141675138752</coordinates></LinearRing></outerBoundaryIs></Polygon></Placemark><Placemark><name>OG-388</name><styleUrl>#g</styleUrl><Polygon><outerBoundaryIs><LinearRing><coordinates>36.9921354388582,-1.062194870568574 36.9922624793513,-1.062081686172369 36.99239804041265,-1.062248064686799 36.99227099989563,-1.06236124908487 36.9921354388582,-1.062194870568574</coordinates></LinearRing></outerBoundaryIs></Polygon></Placemark><Placemark><name>OG-389</name><styleUrl>#g</styleUrl><Polygon><outerBoundaryIs><LinearRing><coordinates>36.99199987676541,-1.062028490767564 36.99212691723461,-1.061915306373275 36.9922624793513,-1.062081686172369 36.9921354388582,-1.062194870568574 36.99199987676541,-1.062028490767564</coordinates></LinearRing></outerBoundaryIs></Polygon></Placemark><Placemark><name>OG-390</name><styleUrl>#g</styleUrl><Polygon><outerBoundaryIs><LinearRing><coordinates>36.9922624793513,-1.062081686172369 36.99244571946588,-1.061918431702923 36.992568777150204,-1.062041721768653 36.99256715794037,-1.062097392509045 36.99239804041265,-1.062248064686799 36.9922624793513,-1.062081686172369</coordinates></LinearRing></outerBoundaryIs></Polygon></Placemark><Placemark><name>OG-391</name><styleUrl>#g</styleUrl><Polygon><outerBoundaryIs><LinearRing><coordinates>36.99232266060041,-1.061795140457624 36.99244571946588,-1.061918431702923 36.9922624793513,-1.062081686172369 36.99212691723461,-1.061915306373275 36.99226374264157,-1.061793404233982 36.99232266060041,-1.061795140457624</coordinates></LinearRing></outerBoundaryIs></Polygon></Placemark><Placemark><name>OG-392</name><styleUrl>#g</styleUrl><Polygon><outerBoundaryIs><LinearRing><coordinates>36.98433900377519,-1.063226785285439 36.98455998158666,-1.063054452950918 36.98463913553989,-1.063157287047709 36.98441815770385,-1.063329619382183 36.98433900377519,-1.063226785285439</coordinates></LinearRing></outerBoundaryIs></Polygon></Placemark><Placemark><name>OG-393</name><styleUrl>#g</styleUrl><Polygon><outerBoundaryIs><LinearRing><coordinates>36.98441815770385,-1.063329619382183 36.98463913553989,-1.063157287047709 36.98471828949574,-1.063260121152403 36.98449731163515,-1.06343245348688 36.98441815770385,-1.063329619382183</coordinates></LinearRing></outerBoundaryIs></Polygon></Placemark><Placemark><name>OG-394</name><styleUrl>#g</styleUrl><Polygon><outerBoundaryIs><LinearRing><coordinates>36.98425984984924,-1.063123951196633 36.98448082763614,-1.062951618862114 36.98455998158666,-1.063054452950918 36.98433900377519,-1.063226785285439 36.98425984984924,-1.063123951196633</coordinates></LinearRing></outerBoundaryIs></Polygon></Placemark><Placemark><name>OG-395</name><styleUrl>#g</styleUrl><Polygon><outerBoundaryIs><LinearRing><coordinates>36.98449731163515,-1.06343245348688 36.98471828949574,-1.063260121152403 36.98479744345423,-1.063362955265066 36.98457646556909,-1.06353528759953 36.98449731163515,-1.06343245348688</coordinates></LinearRing></outerBoundaryIs></Polygon></Placemark><Placemark><name>OG-396</name><styleUrl>#g</styleUrl><Polygon><outerBoundaryIs><LinearRing><coordinates>36.98418042440087,-1.063020764359738 36.98439866718302,-1.062850564934816 36.98444514124057,-1.062905256326445 36.98448082763614,-1.062951618862114 36.98425984984924,-1.063123951196633 36.98418042440087,-1.063020764359738</coordinates></LinearRing></outerBoundaryIs></Polygon></Placemark><Placemark><name>OG-397</name><styleUrl>#g</styleUrl><Polygon><outerBoundaryIs><LinearRing><coordinates>36.98457646556909,-1.06353528759953 36.98479744345423,-1.063362955265066 36.9848765974154,-1.063465789385748 36.98465561950569,-1.063638121720116 36.98457646556909,-1.06353528759953</coordinates></LinearRing></outerBoundaryIs></Polygon></Placemark><Placemark><name>OG-398</name><styleUrl>#g</styleUrl><Polygon><outerBoundaryIs><LinearRing><coordinates>36.98409931651029,-1.062915391755911 36.98431248763535,-1.062749147509496 36.98439866718302,-1.062850564934816 36.98418042440087,-1.063020764359738 36.98409931651029,-1.062915391755911</coordinates></LinearRing></outerBoundaryIs></Polygon></Placemark><Placemark><name>OG-399</name><styleUrl>#g</styleUrl><Polygon><outerBoundaryIs><LinearRing><coordinates>36.98465561950569,-1.063638121720116 36.9848765974154,-1.063465789385748 36.98495575137921,-1.06356862351428 36.98473477344495,-1.063740955848638 36.98465561950569,-1.063638121720116</coordinates></LinearRing></outerBoundaryIs></Polygon></Placemark><Placemark><name>OG-400</name><styleUrl>#g</styleUrl><Polygon><outerBoundaryIs><LinearRing><coordinates>36.98401623846626,-1.062807459600899 36.98422421474199,-1.062645266606424 36.98431248763535,-1.062749147509496 36.98409931651029,-1.062915391755911 36.98401623846626,-1.062807459600899</coordinates></LinearRing></outerBoundaryIs></Polygon></Placemark><Placemark><name>OG-401</name><styleUrl>#g</styleUrl><Polygon><outerBoundaryIs><LinearRing><coordinates>36.98393104103684,-1.062696774020718 36.98413368994108,-1.062538735627815 36.98422421474199,-1.062645266606424 36.98401623846626,-1.062807459600899 36.98393104103684,-1.062696774020718</coordinates></LinearRing></outerBoundaryIs></Polygon></Placemark><Placemark><name>OG-402</name><styleUrl>#g</styleUrl><Polygon><outerBoundaryIs><LinearRing><coordinates>36.98382852419256,-1.06249491335638 36.98405364772449,-1.062319347783561 36.98415021842428,-1.062432993652288 36.98408878183343,-1.062485887077222 36.98413368994108,-1.062538735627815 36.98393104103684,-1.062696774020718 36.98383239834253,-1.062568620815768 36.98382852419256,-1.06249491335638</coordinates></LinearRing></outerBoundaryIs></Polygon></Placemark><Placemark><name>OG-403</name><styleUrl>#g</styleUrl><Polygon><outerBoundaryIs><LinearRing><coordinates>36.98428229875709,-1.062588427804891 36.98444982317224,-1.062457781654453 36.98456653966095,-1.062595135376418 36.9844309689415,-1.06270086199921 36.9843727409705,-1.062694861587821 36.98437271015488,-1.062694825323461 36.98428229875709,-1.062588427804891</coordinates></LinearRing></outerBoundaryIs></Polygon></Placemark><Placemark><name>OG-404</name><styleUrl>#g</styleUrl><Polygon><outerBoundaryIs><LinearRing><coordinates>36.98416796860182,-1.062453882331771 36.98433549299196,-1.06232323618274 36.98444982317224,-1.062457781654453 36.98428229875709,-1.062588427804891 36.98419289317888,-1.062483213954257 36.98416796860182,-1.062453882331771</coordinates></LinearRing></outerBoundaryIs></Polygon></Placemark><Placemark><name>OG-405</name><styleUrl>#g</styleUrl><Polygon><outerBoundaryIs><LinearRing><coordinates>36.98405364772449,-1.062319347783561 36.98382852419256,-1.06249491335638 36.98382537860799,-1.062435067227848 36.98403293946062,-1.06209693343081 36.98407477808392,-1.062146169749314 36.98415486238837,-1.062240414160599 36.98405364772449,-1.062319347783561</coordinates></LinearRing></outerBoundaryIs></Polygon></Placemark><Placemark><name>OG-406</name><styleUrl>#g</styleUrl><Polygon><outerBoundaryIs><LinearRing><coordinates>36.98405364772449,-1.062319347783561 36.98415486238837,-1.062240414160599 36.98422117208964,-1.062188701635951 36.98433549299196,-1.06232323618274 36.98416796860182,-1.062453882331771 36.98415021842428,-1.062432993652288 36.98405364772449,-1.062319347783561</coordinates></LinearRing></outerBoundaryIs></Polygon></Placemark><Placemark><name>OG-407</name><styleUrl>#g</styleUrl><Polygon><outerBoundaryIs><LinearRing><coordinates>36.98444982317224,-1.062457781654453 36.98461740460549,-1.06232709099578 36.98470784685848,-1.06243352477643 36.98470216740092,-1.06248936425801 36.98456653966095,-1.062595135376418 36.98444982317224,-1.062457781654453</coordinates></LinearRing></outerBoundaryIs></Polygon></Placemark><Placemark><name>OG-408</name><styleUrl>#g</styleUrl><Polygon><outerBoundaryIs><LinearRing><coordinates>36.98433549299196,-1.06232323618274 36.98450307440018,-1.06219254552549 36.98461740460549,-1.06232709099578 36.98444982317224,-1.062457781654453 36.98433549299196,-1.06232323618274</coordinates></LinearRing></outerBoundaryIs></Polygon></Placemark><Placemark><name>OG-409</name><styleUrl>#g</styleUrl><Polygon><outerBoundaryIs><LinearRing><coordinates>36.98422117208964,-1.062188701635951 36.98438875347287,-1.062058010980157 36.98450307440018,-1.06219254552549 36.98433549299196,-1.06232323618274 36.98422117208964,-1.062188701635951</coordinates></LinearRing></outerBoundaryIs></Polygon></Placemark><Placemark><name>OG-410</name><styleUrl>#g</styleUrl><Polygon><outerBoundaryIs><LinearRing><coordinates>36.98407477808392,-1.062146169749314 36.98430866914397,-1.061963766570295 36.98438875347287,-1.062058010980157 36.98422117208964,-1.062188701635951 36.98415486238837,-1.062240414160599 36.98407477808392,-1.062146169749314</coordinates></LinearRing></outerBoundaryIs></Polygon></Placemark><Placemark><name>OG-411</name><styleUrl>#g</styleUrl><Polygon><outerBoundaryIs><LinearRing><coordinates>36.98430128847717,-1.061955080893755 36.98430866914397,-1.061963766570295 36.98407477808392,-1.062146169749314 36.98403293946062,-1.06209693343081 36.98414610580145,-1.061912575997834 36.98422895860022,-1.061828231074952 36.98432176733322,-1.061937449742177 36.98430128847717,-1.061955080893755</coordinates></LinearRing></outerBoundaryIs></Polygon></Placemark><Placemark><name>OG-412</name><styleUrl>#g</styleUrl><Polygon><outerBoundaryIs><LinearRing><coordinates>36.98617697928057,-1.062852390937813 36.98638125624965,-1.062676519873522 36.986556047621754,-1.062882216776747 36.98635177060504,-1.063058087845402 36.98617697928057,-1.062852390937813</coordinates></LinearRing></outerBoundaryIs></Polygon></Placemark><Placemark><name>OG-413</name><styleUrl>#g</styleUrl><Polygon><outerBoundaryIs><LinearRing><coordinates>36.98600218797226,-1.06264669406441 36.98620646489371,-1.062470823004395 36.98638125624965,-1.062676519873522 36.98617697928057,-1.062852390937813 36.98600218797226,-1.06264669406441</coordinates></LinearRing></outerBoundaryIs></Polygon></Placemark><Placemark><name>OG-414</name><styleUrl>#g</styleUrl><Polygon><outerBoundaryIs><LinearRing><coordinates>36.98635177060504,-1.063058087845402 36.986556047621754,-1.062882216776747 36.98673284358675,-1.063090272727943 36.98655928486328,-1.063239697039886 36.98650229222196,-1.063235223829331 36.98635177060504,-1.063058087845402</coordinates></LinearRing></outerBoundaryIs></Polygon></Placemark><Placemark><name>OG-415</name><styleUrl>#g</styleUrl><Polygon><outerBoundaryIs><LinearRing><coordinates>36.98585291122918,-1.062416731309156 36.98603054520161,-1.062263798309194 36.98620646489371,-1.062470823004395 36.98600218797226,-1.06264669406441 36.98586562023373,-1.062485979236757 36.98585291122918,-1.062416731309156</coordinates></LinearRing></outerBoundaryIs></Polygon></Placemark><Placemark><name>OG-416</name><styleUrl>#g</styleUrl><Polygon><outerBoundaryIs><LinearRing><coordinates>36.98638125624965,-1.062676519873522 36.98658553221663,-1.062500649599822 36.98676032363647,-1.062706346498635 36.986556047621754,-1.062882216776747 36.98638125624965,-1.062676519873522</coordinates></LinearRing></outerBoundaryIs></Polygon></Placemark><Placemark><name>OG-417</name><styleUrl>#g</styleUrl><Polygon><outerBoundaryIs><LinearRing><coordinates>36.98620646489371,-1.062470823004395 36.98641074081294,-1.062294952735156 36.98658553221663,-1.062500649599822 36.98638125624965,-1.062676519873522 36.98620646489371,-1.062470823004395</coordinates></LinearRing></outerBoundaryIs></Polygon></Placemark><Placemark><name>OG-418</name><styleUrl>#g</styleUrl><Polygon><outerBoundaryIs><LinearRing><coordinates>36.986556047621754,-1.062882216776747 36.98676032363647,-1.062706346498635 36.98691084533551,-1.062883482475039 36.98690640131271,-1.062940849222672 36.98673284358675,-1.063090272727943 36.986556047621754,-1.062882216776747</coordinates></LinearRing></outerBoundaryIs></Polygon></Placemark><Placemark><name>OG-419</name><styleUrl>#g</styleUrl><Polygon><outerBoundaryIs><LinearRing><coordinates>36.98603054520161,-1.062263798309194 36.98623482107283,-1.062087928044358 36.98641074081294,-1.062294952735156 36.98620646489371,-1.062470823004395 36.98603054520161,-1.062263798309194</coordinates></LinearRing></outerBoundaryIs></Polygon></Placemark><Placemark><name>OG-420</name><styleUrl>#g</styleUrl><Polygon><outerBoundaryIs><LinearRing><coordinates>36.98603054520161,-1.062263798309194 36.98585291122918,-1.062416731309156 36.98603379600888,-1.061905650867346 36.98607363558116,-1.061898242826667 36.98623482107283,-1.062087928044358 36.98603054520161,-1.062263798309194</coordinates></LinearRing></outerBoundaryIs></Polygon></Placemark><Placemark><name>OG-421</name><styleUrl>#g</styleUrl><Polygon><outerBoundaryIs><LinearRing><coordinates>36.98685228110778,-1.062689370243878 36.98709936077881,-1.062476648285501 36.98724563604192,-1.062648786923988 36.98702927465847,-1.062835062105596 36.98697228200623,-1.062830588916678 36.98685228110778,-1.062689370243878</coordinates></LinearRing></outerBoundaryIs></Polygon></Placemark><Placemark><name>OG-422</name><styleUrl>#g</styleUrl><Polygon><outerBoundaryIs><LinearRing><coordinates>36.98709936077881,-1.062476648285501 36.98685228110778,-1.062689370243878 36.98673240276766,-1.062548295806467 36.98673684677889,-1.062490929063986 36.98695320807776,-1.062304653890185 36.98709936077881,-1.062476648285501</coordinates></LinearRing></outerBoundaryIs></Polygon></Placemark><Placemark><name>OG-423</name><styleUrl>#g</styleUrl><Polygon><outerBoundaryIs><LinearRing><coordinates>36.98709936077881,-1.062476648285501 36.98734367831249,-1.062266304271165 36.98748995362334,-1.062438442905319 36.98724563604192,-1.062648786923988 36.98709936077881,-1.062476648285501</coordinates></LinearRing></outerBoundaryIs></Polygon></Placemark><Placemark><name>OG-424</name><styleUrl>#g</styleUrl><Polygon><outerBoundaryIs><LinearRing><coordinates>36.98695320807776,-1.062304653890185 36.98719752556376,-1.062094309880311 36.98734367831249,-1.062266304271165 36.98709936077881,-1.062476648285501 36.98695320807776,-1.062304653890185</coordinates></LinearRing></outerBoundaryIs></Polygon></Placemark><Placemark><name>OG-425</name><styleUrl>#g</styleUrl><Polygon><outerBoundaryIs><LinearRing><coordinates>36.98719752556376,-1.062094309880311 36.98727793193559,-1.062025084363708 36.98733729947621,-1.06202734101685 36.98759988793537,-1.062290426576941 36.9875978188356,-1.062345576849149 36.98748995362334,-1.062438442905319 36.98734367831249,-1.062266304271165 36.98719752556376,-1.062094309880311</coordinates></LinearRing></outerBoundaryIs></Polygon></Placemark><Placemark><name>OG-426</name><styleUrl>#g</styleUrl><Polygon><outerBoundaryIs><LinearRing><coordinates>36.98790022637736,-1.063322606469337 36.98800469552706,-1.063232664338606 36.98817985779507,-1.063438797602824 36.98810610698545,-1.063502292939063 36.98804911428338,-1.063497819743699 36.98790022637736,-1.063322606469337</coordinates></LinearRing></outerBoundaryIs></Polygon></Placemark><Placemark><name>OG-427</name><styleUrl>#g</styleUrl><Polygon><outerBoundaryIs><LinearRing><coordinates>36.98790022637736,-1.063322606469337 36.9877513384831,-1.063147393219731 36.98775578250016,-1.063090026441592 36.98782953327527,-1.06302653110854 36.98800469552706,-1.063232664338606 36.98790022637736,-1.063322606469337</coordinates></LinearRing></outerBoundaryIs></Polygon></Placemark><Placemark><name>OG-428</name><styleUrl>#g</styleUrl><Polygon><outerBoundaryIs><LinearRing><coordinates>36.98800469552706,-1.063232664338606 36.988106859658195,-1.063144706682476 36.98828202195008,-1.06335083994445 36.98817985779507,-1.063438797602824 36.98800469552706,-1.063232664338606</coordinates></LinearRing></outerBoundaryIs></Polygon></Placemark><Placemark><name>OG-429</name><styleUrl>#g</styleUrl><Polygon><outerBoundaryIs><LinearRing><coordinates>36.98782953327527,-1.06302653110854 36.98793169738248,-1.062938573454601 36.988106859658195,-1.063144706682476 36.98800469552706,-1.063232664338606 36.98782953327527,-1.06302653110854</coordinates></LinearRing></outerBoundaryIs></Polygon></Placemark><Placemark><name>OG-430</name><styleUrl>#g</styleUrl><Polygon><outerBoundaryIs><LinearRing><coordinates>36.988106859658195,-1.063144706682476 36.988209023785274,-1.063056749011786 36.98838418610105,-1.063262882271551 36.98828202195008,-1.06335083994445 36.988106859658195,-1.063144706682476</coordinates></LinearRing></outerBoundaryIs></Polygon></Placemark><Placemark><name>OG-431</name><styleUrl>#g</styleUrl><Polygon><outerBoundaryIs><LinearRing><coordinates>36.98793169738248,-1.062938573454601 36.98803386148564,-1.062850615786101 36.988209023785274,-1.063056749011786 36.988106859658195,-1.063144706682476 36.98793169738248,-1.062938573454601</coordinates></LinearRing></outerBoundaryIs></Polygon></Placemark><Placemark><name>OG-432</name><styleUrl>#g</styleUrl><Polygon><outerBoundaryIs><LinearRing><coordinates>36.988209023785274,-1.063056749011786 36.9883111879083,-1.06296879132657 36.98848635024796,-1.063174924584093 36.98838418610105,-1.063262882271551 36.988209023785274,-1.063056749011786</coordinates></LinearRing></outerBoundaryIs></Polygon></Placemark><Placemark><name>OG-433</name><styleUrl>#g</styleUrl><Polygon><outerBoundaryIs><LinearRing><coordinates>36.98803386148564,-1.062850615786101 36.98813602558474,-1.062762658103076 36.9883111879083,-1.06296879132657 36.988209023785274,-1.063056749011786 36.98803386148564,-1.062850615786101</coordinates></LinearRing></outerBoundaryIs></Polygon></Placemark><Placemark><name>OG-434</name><styleUrl>#g</styleUrl><Polygon><outerBoundaryIs><LinearRing><coordinates>36.9883111879083,-1.06296879132657 36.98841335202727,-1.062880833626796 36.98858851439082,-1.063086966882094 36.98848635024796,-1.063174924584093 36.9883111879083,-1.06296879132657</coordinates></LinearRing></outerBoundaryIs></Polygon></Placemark><Placemark><name>OG-435</name><styleUrl>#g</styleUrl><Polygon><outerBoundaryIs><LinearRing><coordinates>36.98813602558474,-1.062762658103076 36.98823818967981,-1.062674700405509 36.98841335202727,-1.062880833626796 36.9883111879083,-1.06296879132657 36.98813602558474,-1.062762658103076</coordinates></LinearRing></outerBoundaryIs></Polygon></Placemark><Placemark><name>OG-436</name><styleUrl>#g</styleUrl><Polygon><outerBoundaryIs><LinearRing><coordinates>36.98841335202727,-1.062880833626796 36.98851551614219,-1.062792875912464 36.98869067852964,-1.062999009165555 36.98858851439082,-1.063086966882094 36.98841335202727,-1.062880833626796</coordinates></LinearRing></outerBoundaryIs></Polygon></Placemark><Placemark><name>OG-437</name><styleUrl>#g</styleUrl><Polygon><outerBoundaryIs><LinearRing><coordinates>36.98823818967981,-1.062674700405509 36.98834035377084,-1.062586742693401 36.98851551614219,-1.062792875912464 36.98841335202727,-1.062880833626796 36.98823818967981,-1.062674700405509</coordinates></LinearRing></outerBoundaryIs></Polygon></Placemark><Placemark><name>OG-438</name><styleUrl>#g</styleUrl><Polygon><outerBoundaryIs><LinearRing><coordinates>36.98851551614219,-1.062792875912464 36.98861768025308,-1.062704918183593 36.98879284266443,-1.062911051434476 36.98869067852964,-1.062999009165555 36.98851551614219,-1.062792875912464</coordinates></LinearRing></outerBoundaryIs></Polygon></Placemark><Placemark><name>OG-439</name><styleUrl>#g</styleUrl><Polygon><outerBoundaryIs><LinearRing><coordinates>36.98834035377084,-1.062586742693401 36.98844251785781,-1.062498784966736 36.98861768025308,-1.062704918183593 36.98851551614219,-1.062792875912464 36.98834035377084,-1.062586742693401</coordinates></LinearRing></outerBoundaryIs></Polygon></Placemark><Placemark><name>OG-440</name><styleUrl>#g</styleUrl><Polygon><outerBoundaryIs><LinearRing><coordinates>36.98861768025308,-1.062704918183593 36.988719844359885,-1.062616960440183 36.98889500679515,-1.062823093688875 36.98879284266443,-1.062911051434476 36.98861768025308,-1.062704918183593</coordinates></LinearRing></outerBoundaryIs></Polygon></Placemark><Placemark><name>OG-441</name><styleUrl>#g</styleUrl><Polygon><outerBoundaryIs><LinearRing><coordinates>36.98844251785781,-1.062498784966736 36.98854468194074,-1.062410827225549 36.988719844359885,-1.062616960440183 36.98861768025308,-1.062704918183593 36.98844251785781,-1.062498784966736</coordinates></LinearRing></outerBoundaryIs></Polygon></Placemark><Placemark><name>OG-442</name><styleUrl>#g</styleUrl><Polygon><outerBoundaryIs><LinearRing><coordinates>36.988719844359885,-1.062616960440183 36.988822008462655,-1.062529002682218 36.98899717092183,-1.06273513592872 36.98889500679515,-1.062823093688875 36.988719844359885,-1.062616960440183</coordinates></LinearRing></outerBoundaryIs></Polygon></Placemark><Placemark><name>OG-443</name><styleUrl>#g</styleUrl><Polygon><outerBoundaryIs><LinearRing><coordinates>36.98854468194074,-1.062410827225549 36.98864684601963,-1.062322869469824 36.988822008462655,-1.062529002682218 36.988719844359885,-1.062616960440183 36.98854468194074,-1.062410827225549</coordinates></LinearRing></outerBoundaryIs></Polygon></Placemark><Placemark><name>OG-444</name><styleUrl>#g</styleUrl><Polygon><outerBoundaryIs><LinearRing><coordinates>36.988822008462655,-1.062529002682218 36.98892417142369,-1.06244104588921 36.98909933390677,-1.062647179133538 36.98899717092183,-1.06273513592872 36.988822008462655,-1.062529002682218</coordinates></LinearRing></outerBoundaryIs></Polygon></Placemark><Placemark><name>OG-445</name><styleUrl>#g</styleUrl><Polygon><outerBoundaryIs><LinearRing><coordinates>36.98864684601963,-1.062322869469824 36.9887490089568,-1.062234912679054 36.98892417142369,-1.06244104588921 36.988822008462655,-1.062529002682218 36.98864684601963,-1.062322869469824</coordinates></LinearRing></outerBoundaryIs></Polygon></Placemark><Placemark><name>OG-446</name><styleUrl>#g</styleUrl><Polygon><outerBoundaryIs><LinearRing><coordinates>36.9887490089568,-1.062234912679054 36.98873149271101,-1.062214299359921 36.98882162808134,-1.062136697640357 36.98903239920843,-1.062347867590793 36.98892417142369,-1.06244104588921 36.9887490089568,-1.062234912679054</coordinates></LinearRing></outerBoundaryIs></Polygon></Placemark><Placemark><name>OG-447</name><styleUrl>#g</styleUrl><Polygon><outerBoundaryIs><LinearRing><coordinates>36.98892417142369,-1.06244104588921 36.98903239920843,-1.062347867590793 36.98924317036435,-1.06255903758137 36.98911685015596,-1.062667792459836 36.98909933390677,-1.062647179133538 36.98892417142369,-1.06244104588921</coordinates></LinearRing></outerBoundaryIs></Polygon></Placemark><Placemark><name>OG-448</name><styleUrl>#g</styleUrl><Polygon><outerBoundaryIs><LinearRing><coordinates>36.98462331787553,-1.063003871846552 36.98472742868831,-1.062922679680349 36.98489303290728,-1.063137826946993 36.98482087580876,-1.063194099583777 36.98476416504342,-1.063186855635144 36.98462331787553,-1.063003871846552</coordinates></LinearRing></outerBoundaryIs></Polygon></Placemark><Placemark><name>OG-449</name><styleUrl>#g</styleUrl><Polygon><outerBoundaryIs><LinearRing><coordinates>36.98448357907517,-1.062762774410684 36.98455904493859,-1.06270392136379 36.98472742868831,-1.062922679680349 36.98462331787553,-1.063003871846552 36.984507850008,-1.062853859981336 36.98447789960255,-1.062818613882822 36.98448357907517,-1.062762774410684</coordinates></LinearRing></outerBoundaryIs></Polygon></Placemark><Placemark><name>OG-450</name><styleUrl>#g</styleUrl><Polygon><outerBoundaryIs><LinearRing><coordinates>36.98472742868831,-1.062922679680349 36.9848291503028,-1.06284335074575 36.9849947545454,-1.063058498012407 36.98489303290728,-1.063137826946993 36.98472742868831,-1.062922679680349</coordinates></LinearRing></outerBoundaryIs></Polygon></Placemark><Placemark><name>OG-451</name><styleUrl>#g</styleUrl><Polygon><outerBoundaryIs><LinearRing><coordinates>36.98455904493859,-1.06270392136379 36.98466076652906,-1.062624592429159 36.9848291503028,-1.06284335074575 36.98472742868831,-1.062922679680349 36.98455904493859,-1.06270392136379</coordinates></LinearRing></outerBoundaryIs></Polygon></Placemark><Placemark><name>OG-452</name><styleUrl>#g</styleUrl><Polygon><outerBoundaryIs><LinearRing><coordinates>36.9848291503028,-1.06284335074575 36.98493087191467,-1.062764021797745 36.98509647618091,-1.06297916906445 36.9849947545454,-1.063058498012407 36.9848291503028,-1.06284335074575</coordinates></LinearRing></outerBoundaryIs></Polygon></Placemark><Placemark><name>OG-453</name><styleUrl>#g</styleUrl><Polygon><outerBoundaryIs><LinearRing><coordinates>36.98466076652906,-1.062624592429159 36.98476248811691,-1.062545263481105 36.98493087191467,-1.062764021797745 36.9848291503028,-1.06284335074575 36.98466076652906,-1.062624592429159</coordinates></LinearRing></outerBoundaryIs></Polygon></Placemark><Placemark><name>OG-454</name><styleUrl>#g</styleUrl><Polygon><outerBoundaryIs><LinearRing><coordinates>36.98493087191467,-1.062764021797745 36.98503259352391,-1.062684692836352 36.98519819781379,-1.062899840103138 36.98509647618091,-1.06297916906445 36.98493087191467,-1.062764021797745</coordinates></LinearRing></outerBoundaryIs></Polygon></Placemark><Placemark><name>OG-455</name><styleUrl>#g</styleUrl><Polygon><outerBoundaryIs><LinearRing><coordinates>36.98476248811691,-1.062545263481105 36.98486420970215,-1.062465934519696 36.98503259352391,-1.062684692836352 36.98493087191467,-1.062764021797745 36.98476248811691,-1.062545263481105</coordinates></LinearRing></outerBoundaryIs></Polygon></Placemark><Placemark><name>OG-456</name><styleUrl>#g</styleUrl><Polygon><outerBoundaryIs><LinearRing><coordinates>36.98503259352391,-1.062684692836352 36.98513431601661,-1.062605363170511 36.98515082071204,-1.062626805486184 36.98529992033011,-1.062820510437378 36.98519819781379,-1.062899840103138 36.98503259352391,-1.062684692836352</coordinates></LinearRing></outerBoundaryIs></Polygon></Placemark><Placemark><name>OG-457</name><styleUrl>#g</styleUrl><Polygon><outerBoundaryIs><LinearRing><coordinates>36.98486420970215,-1.062465934519696 36.98496593217084,-1.062386604853874 36.98513431601661,-1.062605363170511 36.98503259352391,-1.062684692836352 36.98486420970215,-1.062465934519696</coordinates></LinearRing></outerBoundaryIs></Polygon></Placemark><Placemark><name>OG-458</name><styleUrl>#g</styleUrl><Polygon><outerBoundaryIs><LinearRing><coordinates>36.98515082071204,-1.062626805486184 36.985260437844104,-1.062541319063518 36.98541260747345,-1.062720394495461 36.98543639732333,-1.062748390737666 36.98533003611082,-1.062831337969476 36.98531353141392,-1.062809895650334 36.98529992033011,-1.062820510437378 36.98515082071204,-1.062626805486184</coordinates></LinearRing></outerBoundaryIs></Polygon></Placemark><Placemark><name>OG-459</name><styleUrl>#g</styleUrl><Polygon><outerBoundaryIs><LinearRing><coordinates>36.985090262580805,-1.062341054353396 36.985260437844104,-1.062541319063518 36.98515082071204,-1.062626805486184 36.98513431601661,-1.062605363170511 36.98496593217084,-1.062386604853874 36.98503203459018,-1.062335053964969 36.985090262580805,-1.062341054353396</coordinates></LinearRing></outerBoundaryIs></Polygon></Placemark><Placemark><name>OG-460</name><styleUrl>#g</styleUrl><Polygon><outerBoundaryIs><LinearRing><coordinates>36.9833751089184,-1.062762622938897 36.98357530092284,-1.062500350557724 36.98367751984505,-1.062633149888874 36.98344887063914,-1.062932704113576 36.98340570728168,-1.062833177221852 36.9833751089184,-1.062762622938897</coordinates></LinearRing></outerBoundaryIs></Polygon></Placemark><Placemark><name>OG-461</name><styleUrl>#g</styleUrl><Polygon><outerBoundaryIs><LinearRing><coordinates>36.99038413654568,-1.063510803806833 36.99053712761599,-1.063374499652061 36.99066622247545,-1.063503838784952 36.9905132312952,-1.063640143021521 36.99038413654568,-1.063510803806833</coordinates></LinearRing></outerBoundaryIs></Polygon></Placemark><Placemark><name>OG-462</name><styleUrl>#g</styleUrl><Polygon><outerBoundaryIs><LinearRing><coordinates>36.9905132312952,-1.063640143021521 36.99066622247545,-1.063503838784952 36.990817929660935,-1.063655833036253 36.99069520696925,-1.063765170195318 36.99063628907113,-1.063763433834334 36.9905132312952,-1.063640143021521</coordinates></LinearRing></outerBoundaryIs></Polygon></Placemark><Placemark><name>OG-463</name><styleUrl>#g</styleUrl><Polygon><outerBoundaryIs><LinearRing><coordinates>36.99028533977017,-1.063383604606404 36.99028527227627,-1.06335434465188 36.99040060332971,-1.063237717038918 36.99053712761599,-1.063374499652061 36.99038413654568,-1.063510803806833 36.99028540500473,-1.063411885302012 36.99028533977017,-1.063383604606404</coordinates></LinearRing></outerBoundaryIs></Polygon></Placemark><Placemark><name>OG-464</name><styleUrl>#g</styleUrl><Polygon><outerBoundaryIs><LinearRing><coordinates>36.99066622247545,-1.063503838784952 36.99079326680601,-1.063390651309447 36.99094497401457,-1.063542645555979 36.990817929660935,-1.063655833036253 36.99066622247545,-1.063503838784952</coordinates></LinearRing></outerBoundaryIs></Polygon></Placemark><Placemark><name>OG-465</name><styleUrl>#g</styleUrl><Polygon><outerBoundaryIs><LinearRing><coordinates>36.9907716270062,-1.062920197001551 36.99087865199124,-1.06302742430402 36.99103035943539,-1.06317941853721 36.99092031112951,-1.063277463810922 36.99079326680601,-1.063390651309447 36.99066622247545,-1.063503838784952 36.99053712761599,-1.063374499652061 36.99040060332971,-1.063237717038918 36.99071446114336,-1.062920330663429 36.9907716270062,-1.062920197001551</coordinates></LinearRing></outerBoundaryIs></Polygon></Placemark><Placemark><name>OG-466</name><styleUrl>#g</styleUrl><Polygon><outerBoundaryIs><LinearRing><coordinates>36.99079326680601,-1.063390651309447 36.99092031112951,-1.063277463810922 36.99107201836111,-1.06342945805262 36.99094497401457,-1.063542645555979 36.99079326680601,-1.063390651309447</coordinates></LinearRing></outerBoundaryIs></Polygon></Placemark><Placemark><name>OG-467</name><styleUrl>#g</styleUrl><Polygon><outerBoundaryIs><LinearRing><coordinates>36.99092031112951,-1.063277463810922 36.99103035943539,-1.06317941853721 36.99104733888024,-1.063164291048216 36.99119904613482,-1.063316285285063 36.99107201836111,-1.06342945805262 36.99092031112951,-1.063277463810922</coordinates></LinearRing></outerBoundaryIs></Polygon></Placemark><Placemark><name>OG-468</name><styleUrl>#g</styleUrl><Polygon><outerBoundaryIs><LinearRing><coordinates>36.99087865199124,-1.06302742430402 36.991022692386196,-1.062899094426899 36.9911743997553,-1.063051088744792 36.99104733888024,-1.063164291048216 36.99103035943539,-1.06317941853721 36.99087865199124,-1.06302742430402</coordinates></LinearRing></outerBoundaryIs></Polygon></Placemark><Placemark><name>OG-469</name><styleUrl>#g</styleUrl><Polygon><outerBoundaryIs><LinearRing><coordinates>36.99104733888024,-1.063164291048216 36.9911743997553,-1.063051088744792 36.99132610703288,-1.063203082976735 36.99119904613482,-1.063316285285063 36.99104733888024,-1.063164291048216</coordinates></LinearRing></outerBoundaryIs></Polygon></Placemark><Placemark><name>OG-470</name><styleUrl>#g</styleUrl><Polygon><outerBoundaryIs><LinearRing><coordinates>36.991022692386196,-1.062899094426899 36.99114973666539,-1.062785906864028 36.99130144405751,-1.062937901177071 36.9911743997553,-1.063051088744792 36.991022692386196,-1.062899094426899</coordinates></LinearRing></outerBoundaryIs></Polygon></Placemark><Placemark><name>OG-471</name><styleUrl>#g</styleUrl><Polygon><outerBoundaryIs><LinearRing><coordinates>36.9911743997553,-1.063051088744792 36.99130144405751,-1.062937901177071 36.99145315135814,-1.063089895404198 36.99132610703288,-1.063203082976735 36.9911743997553,-1.063051088744792</coordinates></LinearRing></outerBoundaryIs></Polygon></Placemark><Placemark><name>OG-472</name><styleUrl>#g</styleUrl><Polygon><outerBoundaryIs><LinearRing><coordinates>36.99114973666539,-1.062785906864028 36.99127678093754,-1.062672719278077 36.99141905933052,-1.062815266732783 36.99142848835265,-1.062824713586254 36.99130144405751,-1.062937901177071 36.99114973666539,-1.062785906864028</coordinates></LinearRing></outerBoundaryIs></Polygon></Placemark><Placemark><name>OG-473</name><styleUrl>#g</styleUrl><Polygon><outerBoundaryIs><LinearRing><coordinates>36.99130144405751,-1.062937901177071 36.99142848835265,-1.062824713586254 36.99158019567631,-1.062976707808598 36.99145315135814,-1.063089895404198 36.99130144405751,-1.062937901177071</coordinates></LinearRing></outerBoundaryIs></Polygon></Placemark><Placemark><name>OG-474</name><styleUrl>#g</styleUrl><Polygon><outerBoundaryIs><LinearRing><coordinates>36.99127678093754,-1.062672719278077 36.99139256492677,-1.062569563793286 36.99144846678159,-1.062574057145984 36.99154996950916,-1.062698634878215 36.99141905933052,-1.062815266732783 36.99127678093754,-1.062672719278077</coordinates></LinearRing></outerBoundaryIs></Polygon></Placemark><Placemark><name>OG-475</name><styleUrl>#g</styleUrl><Polygon><outerBoundaryIs><LinearRing><coordinates>36.99141905933052,-1.062815266732783 36.99154996950916,-1.062698634878215 36.99166832316774,-1.062843894335818 36.99166368782829,-1.062902322128848 36.99158019567631,-1.062976707808598 36.99142848835265,-1.062824713586254 36.99141905933052,-1.062815266732783</coordinates></LinearRing></outerBoundaryIs></Polygon></Placemark><Placemark><name>OG-476</name><styleUrl>#g</styleUrl><Polygon><outerBoundaryIs><LinearRing><coordinates>36.98936273893241,-1.063074004196249 36.989574873204624,-1.062891368113812 36.98966827659857,-1.062984948263042 36.98944812464207,-1.063174487118276 36.98936273893241,-1.063074004196249</coordinates></LinearRing></outerBoundaryIs></Polygon></Placemark><Placemark><name>OG-477</name><styleUrl>#g</styleUrl><Polygon><outerBoundaryIs><LinearRing><coordinates>36.98953050715563,-1.063271435846735 36.98965850037408,-1.063161240671238 36.98980880944717,-1.063338126164335 36.98970980610468,-1.063419853807415 36.98965227631514,-1.063414735257911 36.98953050715563,-1.063271435846735</coordinates></LinearRing></outerBoundaryIs></Polygon></Placemark><Placemark><name>OG-478</name><styleUrl>#g</styleUrl><Polygon><outerBoundaryIs><LinearRing><coordinates>36.98944812464207,-1.063174487118276 36.98966827659857,-1.062984948263042 36.989758394798876,-1.063075237003863 36.98965850037408,-1.063161240671238 36.98953050715563,-1.063271435846735 36.98944812464207,-1.063174487118276</coordinates></LinearRing></outerBoundaryIs></Polygon></Placemark><Placemark><name>OG-479</name><styleUrl>#g</styleUrl><Polygon><outerBoundaryIs><LinearRing><coordinates>36.98927400147061,-1.062969576896098 36.98947780333187,-1.062794114549676 36.989574873204624,-1.062891368113812 36.98936273893241,-1.063074004196249 36.98927400147061,-1.062969576896098</coordinates></LinearRing></outerBoundaryIs></Polygon></Placemark><Placemark><name>OG-480</name><styleUrl>#g</styleUrl><Polygon><outerBoundaryIs><LinearRing><coordinates>36.9891814742932,-1.062860689817691 36.98937658789243,-1.062692707576482 36.98947780333187,-1.062794114549676 36.98927400147061,-1.062969576896098 36.9891814742932,-1.062860689817691</coordinates></LinearRing></outerBoundaryIs></Polygon></Placemark><Placemark><name>OG-481</name><styleUrl>#g</styleUrl><Polygon><outerBoundaryIs><LinearRing><coordinates>36.98937658789243,-1.062692707576482 36.9891814742932,-1.062860689817691 36.98912081609813,-1.062789306537478 36.98912526008069,-1.062731939707779 36.98915188265484,-1.062709019113509 36.98913436640532,-1.062688405786493 36.98926233137997,-1.062578234855227 36.98937658789243,-1.062692707576482</coordinates></LinearRing></outerBoundaryIs></Polygon></Placemark><Placemark><name>OG-482</name><styleUrl>#g</styleUrl><Polygon><outerBoundaryIs><LinearRing><coordinates>36.98965850037408,-1.063161240671238 36.989758394798876,-1.063075237003863 36.9899442259791,-1.063261419859151 36.98982632945415,-1.063358743916271 36.98980880944717,-1.063338126164335 36.98965850037408,-1.063161240671238</coordinates></LinearRing></outerBoundaryIs></Polygon></Placemark><Placemark><name>OG-483</name><styleUrl>#g</styleUrl><Polygon><outerBoundaryIs><LinearRing><coordinates>36.98578269804985,-1.06294726743534 36.98599551978856,-1.062764039874473 36.98633260824629,-1.063160730377033 36.98611978641154,-1.063343957946838 36.98595123456982,-1.063145603668599 36.98578269804985,-1.06294726743534</coordinates></LinearRing></outerBoundaryIs></Polygon></Placemark><Placemark><name>OG-484</name><styleUrl>#g</styleUrl><Polygon><outerBoundaryIs><LinearRing><coordinates>36.98611978641154,-1.063343957946838 36.98633260824629,-1.063160730377033 36.98650216223525,-1.063360263949658 36.98628934035222,-1.063543491524013 36.98611978641154,-1.063343957946838</coordinates></LinearRing></outerBoundaryIs></Polygon></Placemark><Placemark><name>OG-485</name><styleUrl>#g</styleUrl><Polygon><outerBoundaryIs><LinearRing><coordinates>36.98599551978856,-1.062764039874473 36.98578269804985,-1.06294726743534 36.98563662869225,-1.062775370897601 36.98564107272892,-1.062718004196268 36.9857924577841,-1.062587670141633 36.98584945038933,-1.062592143340618 36.98599551978856,-1.062764039874473</coordinates></LinearRing></outerBoundaryIs></Polygon></Placemark><Placemark><name>OG-486</name><styleUrl>#g</styleUrl><Polygon><outerBoundaryIs><LinearRing><coordinates>36.98723463571068,-1.063395929521585 36.9866640934485,-1.063887134091515 36.98657543820791,-1.063880175730822 36.98630685654622,-1.063564104840169 36.98651300112216,-1.063386626053536 36.98692518266745,-1.063031760903252 36.98723463571068,-1.063395929521585</coordinates></LinearRing></outerBoundaryIs></Polygon></Placemark><Placemark><name>OG-487</name><styleUrl>#g</styleUrl><Polygon><outerBoundaryIs><LinearRing><coordinates>36.98692518266745,-1.063031760903252 36.98725339104075,-1.06274919172577 36.98731038370202,-1.062753664907393 36.98756728823853,-1.063055993560242 36.98756284421977,-1.063113360331539 36.98723463571068,-1.063395929521585 36.98692518266745,-1.063031760903252</coordinates></LinearRing></outerBoundaryIs></Polygon></Placemark><Placemark><name>OG-488</name><styleUrl>#g</styleUrl><Polygon><outerBoundaryIs><LinearRing><coordinates>36.98499792241989,-1.06349054519765 36.98510826087393,-1.063404496369546 36.98526774622312,-1.063611694253145 36.98518936149933,-1.06367282355191 36.985132650713645,-1.063665579591693 36.98499792241989,-1.06349054519765</coordinates></LinearRing></outerBoundaryIs></Polygon></Placemark><Placemark><name>OG-489</name><styleUrl>#g</styleUrl><Polygon><outerBoundaryIs><LinearRing><coordinates>36.98499792241989,-1.06349054519765 36.9848631931526,-1.063315509551811 36.98487038986555,-1.063258426542086 36.98494877455424,-1.063197297243306 36.98510826087393,-1.063404496369546 36.98499792241989,-1.06349054519765</coordinates></LinearRing></outerBoundaryIs></Polygon></Placemark><Placemark><name>OG-490</name><styleUrl>#g</styleUrl><Polygon><outerBoundaryIs><LinearRing><coordinates>36.98510826087393,-1.063404496369546 36.985216118087266,-1.063320382550558 36.98537560346059,-1.063527580434184 36.98526774622312,-1.063611694253145 36.98510826087393,-1.063404496369546</coordinates></LinearRing></outerBoundaryIs></Polygon></Placemark><Placemark><name>OG-491</name><styleUrl>#g</styleUrl><Polygon><outerBoundaryIs><LinearRing><coordinates>36.98494877455424,-1.063197297243306 36.98505663174344,-1.06311318342429 36.985216118087266,-1.063320382550558 36.98510826087393,-1.063404496369546 36.98494877455424,-1.063197297243306</coordinates></LinearRing></outerBoundaryIs></Polygon></Placemark><Placemark><name>OG-492</name><styleUrl>#g</styleUrl><Polygon><outerBoundaryIs><LinearRing><coordinates>36.985216118087266,-1.063320382550558 36.98532397529763,-1.063236268716517 36.98548346069511,-1.063443466600188 36.98537560346059,-1.063527580434184 36.985216118087266,-1.063320382550558</coordinates></LinearRing></outerBoundaryIs></Polygon></Placemark><Placemark><name>OG-493</name><styleUrl>#g</styleUrl><Polygon><outerBoundaryIs><LinearRing><coordinates>36.98505663174344,-1.06311318342429 36.98516448892968,-1.063029069590221 36.98532397529763,-1.063236268716517 36.985216118087266,-1.063320382550558 36.98505663174344,-1.06311318342429</coordinates></LinearRing></outerBoundaryIs></Polygon></Placemark><Placemark><name>OG-494</name><styleUrl>#g</styleUrl><Polygon><outerBoundaryIs><LinearRing><coordinates>36.98532397529763,-1.063236268716517 36.98543183566895,-1.0631521524 36.98543521753667,-1.063156546004086 36.98551789762472,-1.06326396108176 36.9855913210905,-1.063359350283731 36.98548346069511,-1.063443466600188 36.98532397529763,-1.063236268716517</coordinates></LinearRing></outerBoundaryIs></Polygon></Placemark><Placemark><name>OG-495</name><styleUrl>#g</styleUrl><Polygon><outerBoundaryIs><LinearRing><coordinates>36.98516448892968,-1.063029069590221 36.98527234927689,-1.062944953273691 36.98535044383708,-1.0630464109847 36.98543183566895,-1.0631521524 36.98532397529763,-1.063236268716517 36.98516448892968,-1.063029069590221</coordinates></LinearRing></outerBoundaryIs></Polygon></Placemark><Placemark><name>OG-496</name><styleUrl>#g</styleUrl><Polygon><outerBoundaryIs><LinearRing><coordinates>36.98543521753667,-1.063156546004086 36.98564452314355,-1.062993316249581 36.98573237319435,-1.063096699481825 36.98551789762472,-1.06326396108176 36.98543521753667,-1.063156546004086</coordinates></LinearRing></outerBoundaryIs></Polygon></Placemark><Placemark><name>OG-497</name><styleUrl>#g</styleUrl><Polygon><outerBoundaryIs><LinearRing><coordinates>36.98535044383708,-1.0630464109847 36.98555444856935,-1.062887315169465 36.98564452314355,-1.062993316249581 36.98543521753667,-1.063156546004086 36.98543183566895,-1.0631521524 36.98535044383708,-1.0630464109847</coordinates></LinearRing></outerBoundaryIs></Polygon></Placemark><Placemark><name>OG-498</name><styleUrl>#g</styleUrl><Polygon><outerBoundaryIs><LinearRing><coordinates>36.98551789762472,-1.06326396108176 36.98573237319435,-1.063096699481825 36.98580959951151,-1.063187580551193 36.98582792454152,-1.06320914571727 36.98573047581,-1.063285142394728 36.98571397110979,-1.06326370006787 36.9855913210905,-1.063359350283731 36.98551789762472,-1.06326396108176</coordinates></LinearRing></outerBoundaryIs></Polygon></Placemark><Placemark><name>OG-499</name><styleUrl>#g</styleUrl><Polygon><outerBoundaryIs><LinearRing><coordinates>36.98550979836372,-1.062834770154043 36.98555444856935,-1.062887315169465 36.98535044383708,-1.0630464109847 36.98527234927689,-1.062944953273691 36.98536304550496,-1.062874222608746 36.98534654080783,-1.062852780288913 36.98545393405163,-1.062769028215416 36.98550979836372,-1.062834770154043</coordinates></LinearRing></outerBoundaryIs></Polygon></Placemark><Placemark><name>OG-500</name><styleUrl>#g</styleUrl><Polygon><outerBoundaryIs><LinearRing><coordinates>36.98884739573085,-1.063477433507008 36.98906447221297,-1.06329054263083 36.989146666363794,-1.063387269726276 36.98892958985785,-1.063574160604694 36.98884739573085,-1.063477433507008</coordinates></LinearRing></outerBoundaryIs></Polygon></Placemark><Placemark><name>OG-501</name><styleUrl>#g</styleUrl><Polygon><outerBoundaryIs><LinearRing><coordinates>36.98892958985785,-1.063574160604694 36.989146666363794,-1.063387269726276 36.989228860518196,-1.063483996829251 36.98901178398842,-1.063670887709856 36.98892958985785,-1.063574160604694</coordinates></LinearRing></outerBoundaryIs></Polygon></Placemark><Placemark><name>OG-502</name><styleUrl>#g</styleUrl><Polygon><outerBoundaryIs><LinearRing><coordinates>36.98876520160743,-1.063380706416901 36.988982278065734,-1.06319381554291 36.98906447221297,-1.06329054263083 36.98884739573085,-1.063477433507008 36.98876520160743,-1.063380706416901</coordinates></LinearRing></outerBoundaryIs></Polygon></Placemark><Placemark><name>OG-503</name><styleUrl>#g</styleUrl><Polygon><outerBoundaryIs><LinearRing><coordinates>36.98901178398842,-1.063670887709856 36.989228860518196,-1.063483996829251 36.9893110546762,-1.063580723939767 36.98909397812259,-1.063767614822647 36.98901178398842,-1.063670887709856</coordinates></LinearRing></outerBoundaryIs></Polygon></Placemark><Placemark><name>OG-504</name><styleUrl>#g</styleUrl><Polygon><outerBoundaryIs><LinearRing><coordinates>36.98868300748758,-1.063283979334306 36.988900083922076,-1.063097088462519 36.988982278065734,-1.06319381554291 36.98876520160743,-1.063380706416901 36.98868300748758,-1.063283979334306</coordinates></LinearRing></outerBoundaryIs></Polygon></Placemark><Placemark><name>OG-505</name><styleUrl>#g</styleUrl><Polygon><outerBoundaryIs><LinearRing><coordinates>36.988900083922076,-1.063097088462519 36.98868300748758,-1.063283979334306 36.98862522656742,-1.063215982016713 36.98862967057325,-1.063158615206587 36.98881602862236,-1.062998171154199 36.988900083922076,-1.063097088462519</coordinates></LinearRing></outerBoundaryIs></Polygon></Placemark><Placemark><name>OG-506</name><styleUrl>#g</styleUrl><Polygon><outerBoundaryIs><LinearRing><coordinates>36.98909397812259,-1.063767614822647 36.9893110546762,-1.063580723939767 36.98931632901373,-1.063576183026433 36.98952813121153,-1.063393832991254 36.98958975211455,-1.063466349218216 36.98958477108256,-1.063523070680315 36.98920544417078,-1.063836206292974 36.98914791439354,-1.06383108772083 36.98909397812259,-1.063767614822647</coordinates></LinearRing></outerBoundaryIs></Polygon></Placemark><Placemark><name>OG-507</name><styleUrl>#g</styleUrl><Polygon><outerBoundaryIs><LinearRing><coordinates>36.98906447221297,-1.06329054263083 36.98928154867685,-1.063103651688914 36.98936374285149,-1.063200378782157 36.989146666363794,-1.063387269726276 36.98906447221297,-1.06329054263083</coordinates></LinearRing></outerBoundaryIs></Polygon></Placemark><Placemark><name>OG-508</name><styleUrl>#g</styleUrl><Polygon><outerBoundaryIs><LinearRing><coordinates>36.989146666363794,-1.063387269726276 36.98936374285149,-1.063200378782157 36.98944593702971,-1.063297105882926 36.989228860518196,-1.063483996829251 36.989146666363794,-1.063387269726276</coordinates></LinearRing></outerBoundaryIs></Polygon></Placemark><Placemark><name>OG-509</name><styleUrl>#g</styleUrl><Polygon><outerBoundaryIs><LinearRing><coordinates>36.988982278065734,-1.06319381554291 36.98919935450579,-1.063006924603198 36.98928154867685,-1.063103651688914 36.98906447221297,-1.06329054263083 36.988982278065734,-1.06319381554291</coordinates></LinearRing></outerBoundaryIs></Polygon></Placemark><Placemark><name>OG-510</name><styleUrl>#g</styleUrl><Polygon><outerBoundaryIs><LinearRing><coordinates>36.989228860518196,-1.063483996829251 36.98944593702971,-1.063297105882926 36.98952813121153,-1.063393832991254 36.98931632901373,-1.063576183026433 36.9893110546762,-1.063580723939767 36.989228860518196,-1.063483996829251</coordinates></LinearRing></outerBoundaryIs></Polygon></Placemark><Placemark><name>OG-511</name><styleUrl>#g</styleUrl><Polygon><outerBoundaryIs><LinearRing><coordinates>36.988900083922076,-1.063097088462519 36.9891171603383,-1.062910197525044 36.98919935450579,-1.063006924603198 36.988982278065734,-1.06319381554291 36.988900083922076,-1.063097088462519</coordinates></LinearRing></outerBoundaryIs></Polygon></Placemark><Placemark><name>OG-512</name><styleUrl>#g</styleUrl><Polygon><outerBoundaryIs><LinearRing><coordinates>36.98881602862236,-1.062998171154199 36.989002386657994,-1.062837727053437 36.98905937938465,-1.06284220021056 36.9891171603383,-1.062910197525044 36.988900083922076,-1.063097088462519 36.98881602862236,-1.062998171154199</coordinates></LinearRing></outerBoundaryIs></Polygon></Placemark><Placemark><name>OG-513</name><styleUrl>#g</styleUrl><Polygon><outerBoundaryIs><LinearRing><coordinates>36.98335036168606,-1.063061761022401 36.98312877122375,-1.06335206729947 36.983040616314035,-1.063200842772997 36.98327659998555,-1.062891679849976 36.98331059922035,-1.062970075947403 36.98335036168606,-1.063061761022401</coordinates></LinearRing></outerBoundaryIs></Polygon></Placemark><Placemark><name>OG-514</name><styleUrl>#g</styleUrl><Polygon><outerBoundaryIs><LinearRing><coordinates>36.98786365448666,-1.064089893071274 36.98803176362565,-1.06394516061577 36.988138528927436,-1.064070803506889 36.98797041976448,-1.064215535964629 36.98786365448666,-1.064089893071274</coordinates></LinearRing></outerBoundaryIs></Polygon></Placemark><Placemark><name>OG-515</name><styleUrl>#g</styleUrl><Polygon><outerBoundaryIs><LinearRing><coordinates>36.98775688921491,-1.063964250190672 36.987924998329916,-1.06381951773737 36.98803176362565,-1.06394516061577 36.98786365448666,-1.064089893071274 36.98775688921491,-1.063964250190672</coordinates></LinearRing></outerBoundaryIs></Polygon></Placemark><Placemark><name>OG-516</name><styleUrl>#g</styleUrl><Polygon><outerBoundaryIs><LinearRing><coordinates>36.98797041976448,-1.064215535964629 36.988138528927436,-1.064070803506889 36.988245294235284,-1.064196446410725 36.98807718504831,-1.064341178870719 36.98797041976448,-1.064215535964629</coordinates></LinearRing></outerBoundaryIs></Polygon></Placemark><Placemark><name>OG-517</name><styleUrl>#g</styleUrl><Polygon><outerBoundaryIs><LinearRing><coordinates>36.98765012394919,-1.063838607322773 36.98781823304024,-1.063693874871707 36.987924998329916,-1.06381951773737 36.98775688921491,-1.063964250190672 36.98765012394919,-1.063838607322773</coordinates></LinearRing></outerBoundaryIs></Polygon></Placemark><Placemark><name>OG-518</name><styleUrl>#g</styleUrl><Polygon><outerBoundaryIs><LinearRing><coordinates>36.98807718504831,-1.064341178870719 36.988245294235284,-1.064196446410725 36.98835205954919,-1.064322089327293 36.9881839503382,-1.064466821789543 36.98807718504831,-1.064341178870719</coordinates></LinearRing></outerBoundaryIs></Polygon></Placemark><Placemark><name>OG-519</name><styleUrl>#g</styleUrl><Polygon><outerBoundaryIs><LinearRing><coordinates>36.98754335868952,-1.063712964467614 36.98771146775661,-1.063568232018748 36.98781823304024,-1.063693874871707 36.98765012394919,-1.063838607322773 36.98754335868952,-1.063712964467614</coordinates></LinearRing></outerBoundaryIs></Polygon></Placemark><Placemark><name>OG-520</name><styleUrl>#g</styleUrl><Polygon><outerBoundaryIs><LinearRing><coordinates>36.9881839503382,-1.064466821789543 36.98835205954919,-1.064322089327293 36.98835435163405,-1.064320115972316 36.98846355976461,-1.064448633635183 36.98832139773494,-1.064565988627046 36.98826386797931,-1.064560870015272 36.9881839503382,-1.064466821789543</coordinates></LinearRing></outerBoundaryIs></Polygon></Placemark><Placemark><name>OG-521</name><styleUrl>#g</styleUrl><Polygon><outerBoundaryIs><LinearRing><coordinates>36.98743659343589,-1.063587321625211 36.98760470247904,-1.063442589178511 36.98771146775661,-1.063568232018748 36.98754335868952,-1.063712964467614 36.98743659343589,-1.063587321625211</coordinates></LinearRing></outerBoundaryIs></Polygon></Placemark><Placemark><name>OG-522</name><styleUrl>#g</styleUrl><Polygon><outerBoundaryIs><LinearRing><coordinates>36.98803176362565,-1.06394516061577 36.98819987305116,-1.063800427864717 36.98830663837691,-1.063926070753616 36.988138528927436,-1.064070803506889 36.98803176362565,-1.06394516061577</coordinates></LinearRing></outerBoundaryIs></Polygon></Placemark><Placemark><name>OG-523</name><styleUrl>#g</styleUrl><Polygon><outerBoundaryIs><LinearRing><coordinates>36.987924998329916,-1.06381951773737 36.98809310773144,-1.063674784988553 36.98819987305116,-1.063800427864717 36.98803176362565,-1.06394516061577 36.987924998329916,-1.06381951773737</coordinates></LinearRing></outerBoundaryIs></Polygon></Placemark><Placemark><name>OG-524</name><styleUrl>#g</styleUrl><Polygon><outerBoundaryIs><LinearRing><coordinates>36.988138528927436,-1.064070803506889 36.98830663837691,-1.063926070753616 36.98841340370871,-1.064051713655248 36.988245294235284,-1.064196446410725 36.988138528927436,-1.064070803506889</coordinates></LinearRing></outerBoundaryIs></Polygon></Placemark><Placemark><name>OG-525</name><styleUrl>#g</styleUrl><Polygon><outerBoundaryIs><LinearRing><coordinates>36.98781823304024,-1.063693874871707 36.98798634241778,-1.063549142125124 36.98809310773144,-1.063674784988553 36.987924998329916,-1.06381951773737 36.98781823304024,-1.063693874871707</coordinates></LinearRing></outerBoundaryIs></Polygon></Placemark><Placemark><name>OG-526</name><styleUrl>#g</styleUrl><Polygon><outerBoundaryIs><LinearRing><coordinates>36.988245294235284,-1.064196446410725 36.98841340370871,-1.064051713655248 36.98852016904656,-1.064177356569612 36.98835435163405,-1.064320115972316 36.98835205954919,-1.064322089327293 36.988245294235284,-1.064196446410725</coordinates></LinearRing></outerBoundaryIs></Polygon></Placemark><Placemark><name>OG-527</name><styleUrl>#g</styleUrl><Polygon><outerBoundaryIs><LinearRing><coordinates>36.98760470247904,-1.063442589178511 36.98743659343589,-1.063587321625211 36.98735368344422,-1.063489751992303 36.98735812747996,-1.06343238522988 36.98749551814377,-1.063314099563876 36.98760470247904,-1.063442589178511</coordinates></LinearRing></outerBoundaryIs></Polygon></Placemark><Placemark><name>OG-528</name><styleUrl>#g</styleUrl><Polygon><outerBoundaryIs><LinearRing><coordinates>36.98771146775661,-1.063568232018748 36.98787957711014,-1.063423499274398 36.98798634241778,-1.063549142125124 36.98781823304024,-1.063693874871707 36.98771146775661,-1.063568232018748</coordinates></LinearRing></outerBoundaryIs></Polygon></Placemark><Placemark><name>OG-529</name><styleUrl>#g</styleUrl><Polygon><outerBoundaryIs><LinearRing><coordinates>36.98835435163405,-1.064320115972316 36.98852016904656,-1.064177356569612 36.98860603785564,-1.064278408166305 36.98860105677938,-1.064335129589734 36.98846355976461,-1.064448633635183 36.98835435163405,-1.064320115972316</coordinates></LinearRing></outerBoundaryIs></Polygon></Placemark><Placemark><name>OG-530</name><styleUrl>#g</styleUrl><Polygon><outerBoundaryIs><LinearRing><coordinates>36.98760470247904,-1.063442589178511 36.98777281180855,-1.063297856436429 36.98787957711014,-1.063423499274398 36.98771146775661,-1.063568232018748 36.98760470247904,-1.063442589178511</coordinates></LinearRing></outerBoundaryIs></Polygon></Placemark><Placemark><name>OG-531</name><styleUrl>#g</styleUrl><Polygon><outerBoundaryIs><LinearRing><coordinates>36.98768990177962,-1.063200286806963 36.98777281180855,-1.063297856436429 36.98760470247904,-1.063442589178511 36.98749551814377,-1.063314099563876 36.98763290909751,-1.063195813615635 36.98768990177962,-1.063200286806963</coordinates></LinearRing></outerBoundaryIs></Polygon></Placemark><Placemark><name>OG-532</name><styleUrl>#g</styleUrl><Polygon><outerBoundaryIs><LinearRing><coordinates>36.9853613349592,-1.063962678376662 36.98547469552428,-1.063874272762239 36.98562910882193,-1.064074881249915 36.98554770200327,-1.064138367335022 36.98549099119774,-1.06413112336353 36.9853613349592,-1.063962678376662</coordinates></LinearRing></outerBoundaryIs></Polygon></Placemark><Placemark><name>OG-533</name><styleUrl>#g</styleUrl><Polygon><outerBoundaryIs><LinearRing><coordinates>36.9853613349592,-1.063962678376662 36.98523167883827,-1.06379423355463 36.98523887556387,-1.063737150533388 36.98532028234721,-1.063673664448252 36.98547469552428,-1.063874272762239 36.9853613349592,-1.063962678376662</coordinates></LinearRing></outerBoundaryIs></Polygon></Placemark><Placemark><name>OG-534</name><styleUrl>#g</styleUrl><Polygon><outerBoundaryIs><LinearRing><coordinates>36.98547469552428,-1.063874272762239 36.98558549487753,-1.063787864521446 36.98573990819918,-1.063988473009162 36.98562910882193,-1.064074881249915 36.98547469552428,-1.063874272762239</coordinates></LinearRing></outerBoundaryIs></Polygon></Placemark><Placemark><name>OG-535</name><styleUrl>#g</styleUrl><Polygon><outerBoundaryIs><LinearRing><coordinates>36.98532028234721,-1.063673664448252 36.98543108167645,-1.0635872562074 36.98558549487753,-1.063787864521446 36.98547469552428,-1.063874272762239 36.98532028234721,-1.063673664448252</coordinates></LinearRing></outerBoundaryIs></Polygon></Placemark><Placemark><name>OG-536</name><styleUrl>#g</styleUrl><Polygon><outerBoundaryIs><LinearRing><coordinates>36.98558549487753,-1.063787864521446 36.985696294227644,-1.063701456264769 36.98585070757331,-1.063902064752525 36.98573990819918,-1.063988473009162 36.98558549487753,-1.063787864521446</coordinates></LinearRing></outerBoundaryIs></Polygon></Placemark><Placemark><name>OG-537</name><styleUrl>#g</styleUrl><Polygon><outerBoundaryIs><LinearRing><coordinates>36.98543108167645,-1.0635872562074 36.985541881002554,-1.063500847950714 36.985696294227644,-1.063701456264769 36.98558549487753,-1.063787864521446 36.98543108167645,-1.0635872562074</coordinates></LinearRing></outerBoundaryIs></Polygon></Placemark><Placemark><name>OG-538</name><styleUrl>#g</styleUrl><Polygon><outerBoundaryIs><LinearRing><coordinates>36.985696294227644,-1.063701456264769 36.98580709357463,-1.063615047992191 36.98596150694431,-1.063815656480004 36.98585070757331,-1.063902064752525 36.985696294227644,-1.063701456264769</coordinates></LinearRing></outerBoundaryIs></Polygon></Placemark><Placemark><name>OG-539</name><styleUrl>#g</styleUrl><Polygon><outerBoundaryIs><LinearRing><coordinates>36.985541881002554,-1.063500847950714 36.98565268032555,-1.063414439678094 36.98580709357463,-1.063615047992191 36.985696294227644,-1.063701456264769 36.985541881002554,-1.063500847950714</coordinates></LinearRing></outerBoundaryIs></Polygon></Placemark><Placemark><name>OG-540</name><styleUrl>#g</styleUrl><Polygon><outerBoundaryIs><LinearRing><coordinates>36.98580709357463,-1.063615047992191 36.985917898483784,-1.063528635363551 36.98607231187744,-1.063729243851457 36.98596150694431,-1.063815656480004 36.98580709357463,-1.063615047992191</coordinates></LinearRing></outerBoundaryIs></Polygon></Placemark><Placemark><name>OG-541</name><styleUrl>#g</styleUrl><Polygon><outerBoundaryIs><LinearRing><coordinates>36.98565268032555,-1.063414439678094 36.98576348521077,-1.063328027049412 36.985917898483784,-1.063528635363551 36.98580709357463,-1.063615047992191 36.98565268032555,-1.063414439678094</coordinates></LinearRing></outerBoundaryIs></Polygon></Placemark><Placemark><name>OG-542</name><styleUrl>#g</styleUrl><Polygon><outerBoundaryIs><LinearRing><coordinates>36.985917898483784,-1.063528635363551 36.98602706667455,-1.063443499132811 36.98620867221062,-1.063657215238028 36.9861271557191,-1.063720786919828 36.98611065101548,-1.063699344585486 36.98607231187744,-1.063729243851457 36.985917898483784,-1.063528635363551</coordinates></LinearRing></outerBoundaryIs></Polygon></Placemark><Placemark><name>OG-543</name><styleUrl>#g</styleUrl><Polygon><outerBoundaryIs><LinearRing><coordinates>36.98576348521077,-1.063328027049412 36.98574698051033,-1.063306584721898 36.98584546127348,-1.063229783202705 36.98595869074175,-1.063363033318814 36.98597622747491,-1.063383670806797 36.98602706667455,-1.063443499132811 36.985917898483784,-1.063528635363551 36.98576348521077,-1.063328027049412</coordinates></LinearRing></outerBoundaryIs></Polygon></Placemark><Placemark><name>OG-544</name><styleUrl>#g</styleUrl><Polygon><outerBoundaryIs><LinearRing><coordinates>36.98847924713082,-1.064004005879174 36.9886840363309,-1.063827693865366 36.98877063221338,-1.063929601048462 36.98877137117944,-1.063930470673713 36.98856658195549,-1.064106782689716 36.98847924713082,-1.064004005879174</coordinates></LinearRing></outerBoundaryIs></Polygon></Placemark><Placemark><name>OG-545</name><styleUrl>#g</styleUrl><Polygon><outerBoundaryIs><LinearRing><coordinates>36.98856658195549,-1.064106782689716 36.98877137117944,-1.063930470673713 36.988858952354114,-1.064033537365651 36.9886541631062,-1.06420984938389 36.98856658195549,-1.064106782689716</coordinates></LinearRing></outerBoundaryIs></Polygon></Placemark><Placemark><name>OG-546</name><styleUrl>#g</styleUrl><Polygon><outerBoundaryIs><LinearRing><coordinates>36.98839191231018,-1.0639012290771 36.988596701486394,-1.063724917065521 36.9886840363309,-1.063827693865366 36.98847924713082,-1.064004005879174 36.98839191231018,-1.0639012290771</coordinates></LinearRing></outerBoundaryIs></Polygon></Placemark><Placemark><name>OG-547</name><styleUrl>#g</styleUrl><Polygon><outerBoundaryIs><LinearRing><coordinates>36.9886541631062,-1.06420984938389 36.988858952354114,-1.064033537365651 36.98894554824459,-1.064135444565746 36.98874075897296,-1.064311756586196 36.98866856207644,-1.064226794289069 36.9886541631062,-1.06420984938389</coordinates></LinearRing></outerBoundaryIs></Polygon></Placemark><Placemark><name>OG-548</name><styleUrl>#g</styleUrl><Polygon><outerBoundaryIs><LinearRing><coordinates>36.98830457749361,-1.06379845228358 36.98850936664595,-1.063622140274195 36.988596701486394,-1.063724917065521 36.98839191231018,-1.0639012290771 36.98830457749361,-1.06379845228358</coordinates></LinearRing></outerBoundaryIs></Polygon></Placemark><Placemark><name>OG-549</name><styleUrl>#g</styleUrl><Polygon><outerBoundaryIs><LinearRing><coordinates>36.98874075897296,-1.064311756586196 36.98894554824459,-1.064135444565746 36.98903337574946,-1.064238801149856 36.98882858645379,-1.064415113172551 36.98874075897296,-1.064311756586196</coordinates></LinearRing></outerBoundaryIs></Polygon></Placemark><Placemark><name>OG-550</name><styleUrl>#g</styleUrl><Polygon><outerBoundaryIs><LinearRing><coordinates>36.98821724268107,-1.06369567549858 36.98842203180955,-1.06351936349139 36.98850936664595,-1.063622140274195 36.98830457749361,-1.06379845228358 36.98821724268107,-1.06369567549858</coordinates></LinearRing></outerBoundaryIs></Polygon></Placemark><Placemark><name>OG-551</name><styleUrl>#g</styleUrl><Polygon><outerBoundaryIs><LinearRing><coordinates>36.98842203180955,-1.06351936349139 36.98821724268107,-1.06369567549858 36.98815421163587,-1.063621499717011 36.98815865566385,-1.063564132925525 36.98833272640126,-1.063414267717549 36.98842203180955,-1.06351936349139</coordinates></LinearRing></outerBoundaryIs></Polygon></Placemark><Placemark><name>OG-552</name><styleUrl>#g</styleUrl><Polygon><outerBoundaryIs><LinearRing><coordinates>36.9886840363309,-1.063827693865366 36.98888882551483,-1.063651381792994 36.98897616038725,-1.063754158599112 36.98877137117944,-1.063930470673713 36.98877063221338,-1.063929601048462 36.9886840363309,-1.063827693865366</coordinates></LinearRing></outerBoundaryIs></Polygon></Placemark><Placemark><name>OG-553</name><styleUrl>#g</styleUrl><Polygon><outerBoundaryIs><LinearRing><coordinates>36.98877137117944,-1.063930470673713 36.98897616038725,-1.063754158599112 36.98906374158587,-1.06385722528883 36.988858952354114,-1.064033537365651 36.98877137117944,-1.063930470673713</coordinates></LinearRing></outerBoundaryIs></Polygon></Placemark><Placemark><name>OG-554</name><styleUrl>#g</styleUrl><Polygon><outerBoundaryIs><LinearRing><coordinates>36.988596701486394,-1.063724917065521 36.98880149064642,-1.063548604995393 36.98888882551483,-1.063651381792994 36.9886840363309,-1.063827693865366 36.988596701486394,-1.063724917065521</coordinates></LinearRing></outerBoundaryIs></Polygon></Placemark><Placemark><name>OG-555</name><styleUrl>#g</styleUrl><Polygon><outerBoundaryIs><LinearRing><coordinates>36.988858952354114,-1.064033537365651 36.98906374158587,-1.06385722528883 36.98908539018257,-1.063882701638636 36.98915033749999,-1.063959132486747 36.98894554824459,-1.064135444565746 36.988858952354114,-1.064033537365651</coordinates></LinearRing></outerBoundaryIs></Polygon></Placemark><Placemark><name>OG-556</name><styleUrl>#g</styleUrl><Polygon><outerBoundaryIs><LinearRing><coordinates>36.98850936664595,-1.063622140274195 36.98871415578208,-1.063445828206295 36.98880149064642,-1.063548604995393 36.988596701486394,-1.063724917065521 36.98850936664595,-1.063622140274195</coordinates></LinearRing></outerBoundaryIs></Polygon></Placemark><Placemark><name>OG-557</name><styleUrl>#g</styleUrl><Polygon><outerBoundaryIs><LinearRing><coordinates>36.98894554824459,-1.064135444565746 36.98915033749999,-1.063959132486747 36.98923816502886,-1.064062489068631 36.98903337574946,-1.064238801149856 36.98894554824459,-1.064135444565746</coordinates></LinearRing></outerBoundaryIs></Polygon></Placemark><Placemark><name>OG-558</name><styleUrl>#g</styleUrl><Polygon><outerBoundaryIs><LinearRing><coordinates>36.98842203180955,-1.06351936349139 36.98862682092177,-1.063343051425698 36.98871415578208,-1.063445828206295 36.98850936664595,-1.063622140274195 36.98842203180955,-1.06351936349139</coordinates></LinearRing></outerBoundaryIs></Polygon></Placemark><Placemark><name>OG-559</name><styleUrl>#g</styleUrl><Polygon><outerBoundaryIs><LinearRing><coordinates>36.98903337574946,-1.064238801149856 36.98923816502886,-1.064062489068631 36.9892586439559,-1.064044857857308 36.98936026584772,-1.064164447826707 36.98913101032107,-1.064353698825873 36.98903337574946,-1.064238801149856</coordinates></LinearRing></outerBoundaryIs></Polygon></Placemark><Placemark><name>OG-560</name><styleUrl>#g</styleUrl><Polygon><outerBoundaryIs><LinearRing><coordinates>36.98856378984209,-1.063268875647333 36.98862682092177,-1.063343051425698 36.98842203180955,-1.06351936349139 36.98833272640126,-1.063414267717549 36.98850679712692,-1.063264402467388 36.98856378984209,-1.063268875647333</coordinates></LinearRing></outerBoundaryIs></Polygon></Placemark><Placemark><name>OG-561</name><styleUrl>#g</styleUrl><Polygon><outerBoundaryIs><LinearRing><coordinates>36.98933093345436,-1.063837856194697 36.98943511817139,-1.063751851384633 36.98961031815472,-1.063958028937269 36.98950613341359,-1.064044033749199 36.98933093345436,-1.063837856194697</coordinates></LinearRing></outerBoundaryIs></Polygon></Placemark><Placemark><name>OG-562</name><styleUrl>#g</styleUrl><Polygon><outerBoundaryIs><LinearRing><coordinates>36.98943511817139,-1.063751851384633 36.98953930288483,-1.063665846559912 36.98971450289228,-1.063872024110666 36.98961031815472,-1.063958028937269 36.98943511817139,-1.063751851384633</coordinates></LinearRing></outerBoundaryIs></Polygon></Placemark><Placemark><name>OG-563</name><styleUrl>#g</styleUrl><Polygon><outerBoundaryIs><LinearRing><coordinates>36.98953930288483,-1.063665846559912 36.98961038728495,-1.063607166143001 36.98964350990044,-1.06357982330714 36.989818709932,-1.063786000856029 36.98971450289228,-1.063872024110666 36.98953930288483,-1.063665846559912</coordinates></LinearRing></outerBoundaryIs></Polygon></Placemark><Placemark><name>OG-564</name><styleUrl>#g</styleUrl><Polygon><outerBoundaryIs><LinearRing><coordinates>36.98964350990044,-1.06357982330714 36.98974771691245,-1.06349380003969 36.98992291696813,-1.063699977586714 36.989818709932,-1.063786000856029 36.98964350990044,-1.06357982330714</coordinates></LinearRing></outerBoundaryIs></Polygon></Placemark><Placemark><name>OG-565</name><styleUrl>#g</styleUrl><Polygon><outerBoundaryIs><LinearRing><coordinates>36.98974771691245,-1.06349380003969 36.9898519239209,-1.063407776757596 36.9900271240007,-1.063613954302772 36.98992291696813,-1.063699977586714 36.98974771691245,-1.06349380003969</coordinates></LinearRing></outerBoundaryIs></Polygon></Placemark><Placemark><name>OG-566</name><styleUrl>#g</styleUrl><Polygon><outerBoundaryIs><LinearRing><coordinates>36.98984384946128,-1.063379361668567 36.98996342301196,-1.063280653221814 36.99012684157669,-1.06344438105501 36.990132916501,-1.063526622191451 36.9900271240007,-1.063613954302772 36.9898519239209,-1.063407776757596 36.98986136946859,-1.063399979421188 36.98984384946128,-1.063379361668567</coordinates></LinearRing></outerBoundaryIs></Polygon></Placemark><Placemark><name>OG-567</name><styleUrl>#g</styleUrl><Polygon><outerBoundaryIs><LinearRing><coordinates>36.98739713867248,-1.064318571624771 36.98755723787506,-1.064180735363937 36.98766945492173,-1.06431279401383 36.98750935569512,-1.064450630276903 36.98739713867248,-1.064318571624771</coordinates></LinearRing></outerBoundaryIs></Polygon></Placemark><Placemark><name>OG-568</name><styleUrl>#g</styleUrl><Polygon><outerBoundaryIs><LinearRing><coordinates>36.98750935569512,-1.064450630276903 36.98766945492173,-1.06431279401383 36.9877816719751,-1.064444852677792 36.98762157272444,-1.064582688943123 36.98750935569512,-1.064450630276903</coordinates></LinearRing></outerBoundaryIs></Polygon></Placemark><Placemark><name>OG-569</name><styleUrl>#g</styleUrl><Polygon><outerBoundaryIs><LinearRing><coordinates>36.98728492165652,-1.064186512986697 36.98744502083508,-1.064048676728118 36.98755723787506,-1.064180735363937 36.98739713867248,-1.064318571624771 36.98728492165652,-1.064186512986697</coordinates></LinearRing></outerBoundaryIs></Polygon></Placemark><Placemark><name>OG-570</name><styleUrl>#g</styleUrl><Polygon><outerBoundaryIs><LinearRing><coordinates>36.98762157272444,-1.064582688943123 36.9877816719751,-1.064444852677792 36.98789388903516,-1.064576911355791 36.98784251457925,-1.064621141812406 36.98773378976043,-1.064714747623379 36.98762157272444,-1.064582688943123</coordinates></LinearRing></outerBoundaryIs></Polygon></Placemark><Placemark><name>OG-571</name><styleUrl>#g</styleUrl><Polygon><outerBoundaryIs><LinearRing><coordinates>36.98717270464726,-1.064054454362714 36.98733280380181,-1.063916618106356 36.98744502083508,-1.064048676728118 36.98728492165652,-1.064186512986697 36.98717270464726,-1.064054454362714</coordinates></LinearRing></outerBoundaryIs></Polygon></Placemark><Placemark><name>OG-572</name><styleUrl>#g</styleUrl><Polygon><outerBoundaryIs><LinearRing><coordinates>36.98773378976043,-1.064714747623379 36.98784251457925,-1.064621141812406 36.98801240058444,-1.064821066175429 36.9879330067214,-1.064886605887355 36.98787547697525,-1.064881487258133 36.98773378976043,-1.064714747623379</coordinates></LinearRing></outerBoundaryIs></Polygon></Placemark><Placemark><name>OG-573</name><styleUrl>#g</styleUrl><Polygon><outerBoundaryIs><LinearRing><coordinates>36.98706048764468,-1.063922395752808 36.98722058677523,-1.06378455949867 36.98733280380181,-1.063916618106356 36.98717270464726,-1.064054454362714 36.98706048764468,-1.063922395752808</coordinates></LinearRing></outerBoundaryIs></Polygon></Placemark><Placemark><name>OG-574</name><styleUrl>#g</styleUrl><Polygon><outerBoundaryIs><LinearRing><coordinates>36.98755723787506,-1.064180735363937 36.98771733766316,-1.064042898554691 36.98782955473383,-1.06417495720236 36.98766945492173,-1.06431279401383 36.98755723787506,-1.064180735363937</coordinates></LinearRing></outerBoundaryIs></Polygon></Placemark><Placemark><name>OG-575</name><styleUrl>#g</styleUrl><Polygon><outerBoundaryIs><LinearRing><coordinates>36.98766945492173,-1.06431279401383 36.98782955473383,-1.06417495720236 36.98794177181117,-1.064307015864117 36.9877816719751,-1.064444852677792 36.98766945492173,-1.06431279401383</coordinates></LinearRing></outerBoundaryIs></Polygon></Placemark><Placemark><name>OG-576</name><styleUrl>#g</styleUrl><Polygon><outerBoundaryIs><LinearRing><coordinates>36.98784251457925,-1.064621141812406 36.98789388903516,-1.064576911355791 36.98794766178676,-1.064530616099397 36.98811940893913,-1.06473273065741 36.98801240058444,-1.064821066175429 36.98784251457925,-1.064621141812406</coordinates></LinearRing></outerBoundaryIs></Polygon></Placemark><Placemark><name>OG-577</name><styleUrl>#g</styleUrl><Polygon><outerBoundaryIs><LinearRing><coordinates>36.98744502083508,-1.064048676728118 36.98760512059918,-1.063910839921093 36.98771733766316,-1.064042898554691 36.98755723787506,-1.064180735363937 36.98744502083508,-1.064048676728118</coordinates></LinearRing></outerBoundaryIs></Polygon></Placemark><Placemark><name>OG-578</name><styleUrl>#g</styleUrl><Polygon><outerBoundaryIs><LinearRing><coordinates>36.9877816719751,-1.064444852677792 36.98794177181117,-1.064307015864117 36.98805398889521,-1.064439074539943 36.98794766178676,-1.064530616099397 36.98789388903516,-1.064576911355791 36.9877816719751,-1.064444852677792</coordinates></LinearRing></outerBoundaryIs></Polygon></Placemark><Placemark><name>OG-579</name><styleUrl>#g</styleUrl><Polygon><outerBoundaryIs><LinearRing><coordinates>36.98733280380181,-1.063916618106356 36.98749290354188,-1.063778781301602 36.98760512059918,-1.063910839921093 36.98744502083508,-1.064048676728118 36.98733280380181,-1.063916618106356</coordinates></LinearRing></outerBoundaryIs></Polygon></Placemark><Placemark><name>OG-580</name><styleUrl>#g</styleUrl><Polygon><outerBoundaryIs><LinearRing><coordinates>36.98722058677523,-1.06378455949867 36.98706048764468,-1.063922395752808 36.98697204792249,-1.063818318598592 36.98697649197618,-1.063760951851287 36.98710587272282,-1.063649562361539 36.98722058677523,-1.06378455949867</coordinates></LinearRing></outerBoundaryIs></Polygon></Placemark><Placemark><name>OG-581</name><styleUrl>#g</styleUrl><Polygon><outerBoundaryIs><LinearRing><coordinates>36.98794766178676,-1.064530616099397 36.98805398889521,-1.064439074539943 36.98820134375011,-1.064612483858445 36.98819636265566,-1.064669205265726 36.98811940893913,-1.06473273065741 36.98794766178676,-1.064530616099397</coordinates></LinearRing></outerBoundaryIs></Polygon></Placemark><Placemark><name>OG-582</name><styleUrl>#g</styleUrl><Polygon><outerBoundaryIs><LinearRing><coordinates>36.98722058677523,-1.06378455949867 36.98738068649125,-1.063646722696135 36.98749290354188,-1.063778781301602 36.98733280380181,-1.063916618106356 36.98722058677523,-1.06378455949867</coordinates></LinearRing></outerBoundaryIs></Polygon></Placemark><Placemark><name>OG-583</name><styleUrl>#g</styleUrl><Polygon><outerBoundaryIs><LinearRing><coordinates>36.98729224673125,-1.063542645545503 36.98738068649125,-1.063646722696135 36.98722058677523,-1.06378455949867 36.98710587272282,-1.063649562361539 36.98723525405836,-1.063538172335857 36.98729224673125,-1.063542645545503</coordinates></LinearRing></outerBoundaryIs></Polygon></Placemark><Placemark><name>OG-584</name><styleUrl>#g</styleUrl><Polygon><outerBoundaryIs><LinearRing><coordinates>36.98976721073262,-1.064281533234923 36.9896717402196,-1.064363332563313 36.98961532848693,-1.064358243169502 36.98951235513371,-1.064231840799649 36.989517979711046,-1.064174576852841 36.98961490041584,-1.064094568540796 36.98976721073262,-1.064281533234923</coordinates></LinearRing></outerBoundaryIs></Polygon></Placemark><Placemark><name>OG-585</name><styleUrl>#g</styleUrl><Polygon><outerBoundaryIs><LinearRing><coordinates>36.98961490041584,-1.064094568540796 36.98973970079424,-1.063991545458024 36.98989013706537,-1.064176209681751 36.98976721073262,-1.064281533234923 36.98961490041584,-1.064094568540796</coordinates></LinearRing></outerBoundaryIs></Polygon></Placemark><Placemark><name>OG-586</name><styleUrl>#g</styleUrl><Polygon><outerBoundaryIs><LinearRing><coordinates>36.98973970079424,-1.063991545458024 36.98986657206958,-1.063886812817844 36.99001510319701,-1.064069138397838 36.98989013706537,-1.064176209681751 36.98973970079424,-1.063991545458024</coordinates></LinearRing></outerBoundaryIs></Polygon></Placemark><Placemark><name>OG-587</name><styleUrl>#g</styleUrl><Polygon><outerBoundaryIs><LinearRing><coordinates>36.98986657206958,-1.063886812817844 36.98999562443822,-1.063780279651464 36.99014221766911,-1.063960226383157 36.99001510319701,-1.064069138397838 36.98986657206958,-1.063886812817844</coordinates></LinearRing></outerBoundaryIs></Polygon></Placemark><Placemark><name>OG-588</name><styleUrl>#g</styleUrl><Polygon><outerBoundaryIs><LinearRing><coordinates>36.98999562443822,-1.063780279651464 36.99012525518261,-1.063673269006785 36.99027350886086,-1.063847735714975 36.99014221766911,-1.063960226383157 36.98999562443822,-1.063780279651464</coordinates></LinearRing></outerBoundaryIs></Polygon></Placemark><Placemark><name>OG-589</name><styleUrl>#g</styleUrl><Polygon><outerBoundaryIs><LinearRing><coordinates>36.99012525518261,-1.063673269006785 36.99022012333096,-1.063594954992661 36.99028002802164,-1.063597857051336 36.99043062517413,-1.063748739410152 36.99033432513152,-1.063831249585993 36.9903173328395,-1.063810187198318 36.99030948063648,-1.063816914989704 36.99027350886086,-1.063847735714975 36.99012525518261,-1.063673269006785</coordinates></LinearRing></outerBoundaryIs></Polygon></Placemark><Placemark><name>OG-590</name><styleUrl>#g</styleUrl><Polygon><outerBoundaryIs><LinearRing><coordinates>36.98524270607826,-1.064400844903677 36.98546368417009,-1.064228512569472 36.98554283808291,-1.06433134666511 36.9853218599665,-1.06450367899931 36.98524270607826,-1.064400844903677</coordinates></LinearRing></outerBoundaryIs></Polygon></Placemark><Placemark><name>OG-591</name><styleUrl>#g</styleUrl><Polygon><outerBoundaryIs><LinearRing><coordinates>36.9853218599665,-1.06450367899931 36.98554283808291,-1.06433134666511 36.98562199199836,-1.064434180768677 36.98540101385741,-1.064606513102873 36.9853218599665,-1.06450367899931</coordinates></LinearRing></outerBoundaryIs></Polygon></Placemark><Placemark><name>OG-592</name><styleUrl>#g</styleUrl><Polygon><outerBoundaryIs><LinearRing><coordinates>36.98516355219267,-1.064298010815991 36.98538453025996,-1.064125678481763 36.98546368417009,-1.064228512569472 36.98524270607826,-1.064400844903677 36.98516355219267,-1.064298010815991</coordinates></LinearRing></outerBoundaryIs></Polygon></Placemark><Placemark><name>OG-593</name><styleUrl>#g</styleUrl><Polygon><outerBoundaryIs><LinearRing><coordinates>36.98540101385741,-1.064606513102873 36.98562199199836,-1.064434180768677 36.98570114591647,-1.06453701488019 36.98548016775096,-1.064709347214382 36.98540101385741,-1.064606513102873</coordinates></LinearRing></outerBoundaryIs></Polygon></Placemark><Placemark><name>OG-594</name><styleUrl>#g</styleUrl><Polygon><outerBoundaryIs><LinearRing><coordinates>36.98508439830974,-1.064195176736321 36.98530537635248,-1.064022844402036 36.98538453025996,-1.064125678481763 36.98516355219267,-1.064298010815991 36.98508439830974,-1.064195176736321</coordinates></LinearRing></outerBoundaryIs></Polygon></Placemark><Placemark><name>OG-595</name><styleUrl>#g</styleUrl><Polygon><outerBoundaryIs><LinearRing><coordinates>36.98548016775096,-1.064709347214382 36.98570114591647,-1.06453701488019 36.98578029983727,-1.064639848999665 36.985559321647195,-1.064812181333804 36.98548016775096,-1.064709347214382</coordinates></LinearRing></outerBoundaryIs></Polygon></Placemark><Placemark><name>OG-596</name><styleUrl>#g</styleUrl><Polygon><outerBoundaryIs><LinearRing><coordinates>36.985559321647195,-1.064812181333804 36.98578029983727,-1.064639848999665 36.98582836478247,-1.064702293366853 36.98582116802923,-1.064759376405594 36.98574044848599,-1.064822326450027 36.98575695317455,-1.064843768792764 36.9856486482914,-1.064928231557815 36.985559321647195,-1.064812181333804</coordinates></LinearRing></outerBoundaryIs></Polygon></Placemark><Placemark><name>OG-597</name><styleUrl>#g</styleUrl><Polygon><outerBoundaryIs><LinearRing><coordinates>36.98500524442947,-1.064092342664499 36.98522622244763,-1.063920010330222 36.98530537635248,-1.064022844402036 36.98508439830974,-1.064195176736321 36.98500524442947,-1.064092342664499</coordinates></LinearRing></outerBoundaryIs></Polygon></Placemark><Placemark><name>OG-598</name><styleUrl>#g</styleUrl><Polygon><outerBoundaryIs><LinearRing><coordinates>36.98492609055185,-1.063989508600642 36.98514706854547,-1.063817176266341 36.98522622244763,-1.063920010330222 36.98500524442947,-1.064092342664499 36.98492609055185,-1.063989508600642</coordinates></LinearRing></outerBoundaryIs></Polygon></Placemark><Placemark><name>OG-599</name><styleUrl>#g</styleUrl><Polygon><outerBoundaryIs><LinearRing><coordinates>36.98484693667689,-1.063886674544786 36.98506791464595,-1.063714342210459 36.98514706854547,-1.063817176266341 36.98492609055185,-1.063989508600642 36.98484693667689,-1.063886674544786</coordinates></LinearRing></outerBoundaryIs></Polygon></Placemark><Placemark><name>OG-600</name><styleUrl>#g</styleUrl><Polygon><outerBoundaryIs><LinearRing><coordinates>36.98506791464595,-1.063714342210459 36.98484693667689,-1.063886674544786 36.98476778280457,-1.063783840496846 36.98498876074909,-1.063611508162493 36.98506791464595,-1.063714342210459</coordinates></LinearRing></outerBoundaryIs></Polygon></Placemark><Placemark><name>OG-601</name><styleUrl>#g</styleUrl><Polygon><outerBoundaryIs><LinearRing><coordinates>36.98574114604435,-1.064456116088487 36.98583984184444,-1.064379147011433 36.98601572522224,-1.064607648748538 36.98594898318671,-1.064659698296317 36.98589227235896,-1.064652454312206 36.98574114604435,-1.064456116088487</coordinates></LinearRing></outerBoundaryIs></Polygon></Placemark><Placemark><name>OG-602</name><styleUrl>#g</styleUrl><Polygon><outerBoundaryIs><LinearRing><coordinates>36.98574114604435,-1.064456116088487 36.98559001933746,-1.064259777371516 36.98559721607536,-1.064202694339024 36.98566395807782,-1.064150644791274 36.98583984184444,-1.064379147011433 36.98574114604435,-1.064456116088487</coordinates></LinearRing></outerBoundaryIs></Polygon></Placemark><Placemark><name>OG-603</name><styleUrl>#g</styleUrl><Polygon><outerBoundaryIs><LinearRing><coordinates>36.98583984184444,-1.064379147011433 36.98593850546576,-1.06430220301484 36.98611438886788,-1.064530704751931 36.98601572522224,-1.064607648748538 36.98583984184444,-1.064379147011433</coordinates></LinearRing></outerBoundaryIs></Polygon></Placemark><Placemark><name>OG-604</name><styleUrl>#g</styleUrl><Polygon><outerBoundaryIs><LinearRing><coordinates>36.98566395807782,-1.064150644791274 36.98576262167479,-1.064073700794642 36.98593850546576,-1.06430220301484 36.98583984184444,-1.064379147011433 36.98566395807782,-1.064150644791274</coordinates></LinearRing></outerBoundaryIs></Polygon></Placemark><Placemark><name>OG-605</name><styleUrl>#g</styleUrl><Polygon><outerBoundaryIs><LinearRing><coordinates>36.98593850546576,-1.06430220301484 36.98603716908459,-1.064225259005652 36.98621305251104,-1.064453760742763 36.98611438886788,-1.064530704751931 36.98593850546576,-1.06430220301484</coordinates></LinearRing></outerBoundaryIs></Polygon></Placemark><Placemark><name>OG-606</name><styleUrl>#g</styleUrl><Polygon><outerBoundaryIs><LinearRing><coordinates>36.98576262167479,-1.064073700794642 36.98586128526927,-1.063996756785415 36.98603716908459,-1.064225259005652 36.98593850546576,-1.06430220301484 36.98576262167479,-1.064073700794642</coordinates></LinearRing></outerBoundaryIs></Polygon></Placemark><Placemark><name>OG-607</name><styleUrl>#g</styleUrl><Polygon><outerBoundaryIs><LinearRing><coordinates>36.98603716908459,-1.064225259005652 36.98613583270096,-1.064148314983835 36.98631171615176,-1.064376816720984 36.98621305251104,-1.064453760742763 36.98603716908459,-1.064225259005652</coordinates></LinearRing></outerBoundaryIs></Polygon></Placemark><Placemark><name>OG-608</name><styleUrl>#g</styleUrl><Polygon><outerBoundaryIs><LinearRing><coordinates>36.98586128526927,-1.063996756785415 36.98595994886131,-1.063919812763594 36.98613583270096,-1.064148314983835 36.98603716908459,-1.064225259005652 36.98586128526927,-1.063996756785415</coordinates></LinearRing></outerBoundaryIs></Polygon></Placemark><Placemark><name>OG-609</name><styleUrl>#g</styleUrl><Polygon><outerBoundaryIs><LinearRing><coordinates>36.98613583270096,-1.064148314983835 36.98623449631483,-1.064071370949442 36.98641037978997,-1.06429987268661 36.98631171615176,-1.064376816720984 36.98613583270096,-1.064148314983835</coordinates></LinearRing></outerBoundaryIs></Polygon></Placemark><Placemark><name>OG-610</name><styleUrl>#g</styleUrl><Polygon><outerBoundaryIs><LinearRing><coordinates>36.98595994886131,-1.063919812763594 36.98605861245083,-1.063842868729178 36.98623449631483,-1.064071370949442 36.98613583270096,-1.064148314983835 36.98595994886131,-1.063919812763594</coordinates></LinearRing></outerBoundaryIs></Polygon></Placemark><Placemark><name>OG-611</name><styleUrl>#g</styleUrl><Polygon><outerBoundaryIs><LinearRing><coordinates>36.98623449631483,-1.064071370949442 36.98633316065415,-1.063994426334755 36.98650904415355,-1.064222928072028 36.98641037978997,-1.06429987268661 36.98623449631483,-1.064071370949442</coordinates></LinearRing></outerBoundaryIs></Polygon></Placemark><Placemark><name>OG-612</name><styleUrl>#g</styleUrl><Polygon><outerBoundaryIs><LinearRing><coordinates>36.98605861245083,-1.063842868729178 36.98615727676593,-1.063765924114419 36.98633316065415,-1.063994426334755 36.98623449631483,-1.064071370949442 36.98605861245083,-1.063842868729178</coordinates></LinearRing></outerBoundaryIs></Polygon></Placemark><Placemark><name>OG-613</name><styleUrl>#g</styleUrl><Polygon><outerBoundaryIs><LinearRing><coordinates>36.98633316065415,-1.063994426334755 36.98643062751466,-1.063918415574568 36.98657663781655,-1.06409024270487 36.986585555155465,-1.064163260018382 36.98650904415355,-1.064222928072028 36.98633316065415,-1.063994426334755</coordinates></LinearRing></outerBoundaryIs></Polygon></Placemark><Placemark><name>OG-614</name><styleUrl>#g</styleUrl><Polygon><outerBoundaryIs><LinearRing><coordinates>36.98624339187325,-1.063698073857044 36.98643062751466,-1.063918415574568 36.98633316065415,-1.063994426334755 36.98615727676593,-1.063765924114419 36.98616016512666,-1.063763671589531 36.98614366042282,-1.063742229254482 36.98622620894606,-1.063677852730933 36.98624339187325,-1.063698073857044</coordinates></LinearRing></outerBoundaryIs></Polygon></Placemark><Placemark><name>OG-615</name><styleUrl>#g</styleUrl><Polygon><outerBoundaryIs><LinearRing><coordinates>36.98855248554268,-1.065365238345396 36.98873577065785,-1.065213936339785 36.98883245624039,-1.065332620481685 36.98865161982888,-1.065481901062449 36.98855248554268,-1.065365238345396</coordinates></LinearRing></outerBoundaryIs></Polygon></Placemark><Placemark><name>OG-616</name><styleUrl>#g</styleUrl><Polygon><outerBoundaryIs><LinearRing><coordinates>36.98845465354985,-1.065250108191451 36.98864035520039,-1.0650968113157 36.98873577065785,-1.065213936339785 36.98855248554268,-1.065365238345396 36.98845465354985,-1.065250108191451</coordinates></LinearRing></outerBoundaryIs></Polygon></Placemark><Placemark><name>OG-617</name><styleUrl>#g</styleUrl><Polygon><outerBoundaryIs><LinearRing><coordinates>36.98865161982888,-1.065481901062449 36.98883245624039,-1.065332620481685 36.98892724097515,-1.065448971287286 36.98875445093175,-1.065602914254002 36.98865161982888,-1.065481901062449</coordinates></LinearRing></outerBoundaryIs></Polygon></Placemark><Placemark><name>OG-618</name><styleUrl>#g</styleUrl><Polygon><outerBoundaryIs><LinearRing><coordinates>36.98864035520039,-1.0650968113157 36.98845465354985,-1.065250108191451 36.9883821654232,-1.06516480308171 36.98838714653276,-1.065108081669303 36.98854403226323,-1.064978572341375 36.98864035520039,-1.0650968113157</coordinates></LinearRing></outerBoundaryIs></Polygon></Placemark><Placemark><name>OG-619</name><styleUrl>#g</styleUrl><Polygon><outerBoundaryIs><LinearRing><coordinates>36.98854403226323,-1.064978572341375 36.9893223981629,-1.064336029919731 36.98950590950673,-1.064561294744095 36.98968156886961,-1.064776921081114 36.98892724097515,-1.065448971287286 36.98883245624039,-1.065332620481685 36.98873577065785,-1.065213936339785 36.98864035520039,-1.0650968113157 36.98854403226323,-1.064978572341375</coordinates></LinearRing></outerBoundaryIs></Polygon></Placemark><Placemark><name>OG-620</name><styleUrl>#g</styleUrl><Polygon><outerBoundaryIs><LinearRing><coordinates>36.9893223981629,-1.064336029919731 36.98939295800281,-1.064277782599048 36.989449844277345,-1.064283443672928 36.98960619588595,-1.064475369207517 36.98950590950673,-1.064561294744095 36.9893223981629,-1.064336029919731</coordinates></LinearRing></outerBoundaryIs></Polygon></Placemark><Placemark><name>OG-621</name><styleUrl>#g</styleUrl><Polygon><outerBoundaryIs><LinearRing><coordinates>36.98950590950673,-1.064561294744095 36.98960619588595,-1.064475369207517 36.98963065753027,-1.064505396492855 36.98974846679921,-1.064404457296238 36.98989615136605,-1.064585743803125 36.98984082015719,-1.064635039863132 36.98968156886961,-1.064776921081114 36.98950590950673,-1.064561294744095</coordinates></LinearRing></outerBoundaryIs></Polygon></Placemark><Placemark><name>OG-622</name><styleUrl>#g</styleUrl><Polygon><outerBoundaryIs><LinearRing><coordinates>36.98974846679921,-1.064404457296238 36.98986784937599,-1.064302170062367 36.9900136108888,-1.064481095941188 36.98989615136605,-1.064585743803125 36.98974846679921,-1.064404457296238</coordinates></LinearRing></outerBoundaryIs></Polygon></Placemark><Placemark><name>OG-623</name><styleUrl>#g</styleUrl><Polygon><outerBoundaryIs><LinearRing><coordinates>36.98986784937599,-1.064302170062367 36.98998882818579,-1.06419851514785 36.99013264093118,-1.064375048835253 36.99012587935817,-1.06438107290546 36.9900136108888,-1.064481095941188 36.98986784937599,-1.064302170062367</coordinates></LinearRing></outerBoundaryIs></Polygon></Placemark><Placemark><name>OG-624</name><styleUrl>#g</styleUrl><Polygon><outerBoundaryIs><LinearRing><coordinates>36.98998882818579,-1.06419851514785 36.99011146316119,-1.064093441201361 36.99025330046034,-1.064267549948852 36.99013264093118,-1.064375048835253 36.98998882818579,-1.06419851514785</coordinates></LinearRing></outerBoundaryIs></Polygon></Placemark><Placemark><name>OG-625</name><styleUrl>#g</styleUrl><Polygon><outerBoundaryIs><LinearRing><coordinates>36.99011146316119,-1.064093441201361 36.99023582832875,-1.063986884795666 36.99037566231041,-1.064158534390937 36.99025330046034,-1.064267549948852 36.99011146316119,-1.064093441201361</coordinates></LinearRing></outerBoundaryIs></Polygon></Placemark><Placemark><name>OG-626</name><styleUrl>#g</styleUrl><Polygon><outerBoundaryIs><LinearRing><coordinates>36.99023582832875,-1.063986884795666 36.99036045751237,-1.06388010215371 36.99050166415569,-1.064046275832052 36.99037566231041,-1.064158534390937 36.99023582832875,-1.063986884795666</coordinates></LinearRing></outerBoundaryIs></Polygon></Placemark><Placemark><name>OG-627</name><styleUrl>#g</styleUrl><Polygon><outerBoundaryIs><LinearRing><coordinates>36.99044978991108,-1.06376794044238 36.99062125432388,-1.063939729588418 36.99050166415569,-1.064046275832052 36.99036045751237,-1.06388010215371 36.99036830971595,-1.06387337436229 36.99035131742367,-1.063852311973961 36.99044978991108,-1.06376794044238</coordinates></LinearRing></outerBoundaryIs></Polygon></Placemark><Placemark><name>OG-628</name><styleUrl>#g</styleUrl><Polygon><outerBoundaryIs><LinearRing><coordinates>36.98732290839281,-1.064759809939505 36.98752225577827,-1.064588183357522 36.98761214985254,-1.064693972050704 36.98741280244316,-1.064865598634906 36.98732290839281,-1.064759809939505</coordinates></LinearRing></outerBoundaryIs></Polygon></Placemark><Placemark><name>OG-629</name><styleUrl>#g</styleUrl><Polygon><outerBoundaryIs><LinearRing><coordinates>36.98741280244316,-1.064865598634906 36.98761214985254,-1.064693972050704 36.98770204393113,-1.064799760752916 36.98750269649778,-1.064971387339321 36.98741280244316,-1.064865598634906</coordinates></LinearRing></outerBoundaryIs></Polygon></Placemark><Placemark><name>OG-630</name><styleUrl>#g</styleUrl><Polygon><outerBoundaryIs><LinearRing><coordinates>36.98723301434675,-1.064654021253134 36.98743236170824,-1.064482394673369 36.98752225577827,-1.064588183357522 36.98732290839281,-1.064759809939505 36.98723301434675,-1.064654021253134</coordinates></LinearRing></outerBoundaryIs></Polygon></Placemark><Placemark><name>OG-631</name><styleUrl>#g</styleUrl><Polygon><outerBoundaryIs><LinearRing><coordinates>36.98750269649778,-1.064971387339321 36.98770204393113,-1.064799760752916 36.98779193801399,-1.064905549464155 36.98759259055672,-1.065077176052798 36.98750269649778,-1.064971387339321</coordinates></LinearRing></outerBoundaryIs></Polygon></Placemark><Placemark><name>OG-632</name><styleUrl>#g</styleUrl><Polygon><outerBoundaryIs><LinearRing><coordinates>36.98714312030499,-1.064548232575794 36.98734246764251,-1.064376605998229 36.98743236170824,-1.064482394673369 36.98723301434675,-1.064654021253134 36.98714312030499,-1.064548232575794</coordinates></LinearRing></outerBoundaryIs></Polygon></Placemark><Placemark><name>OG-633</name><styleUrl>#g</styleUrl><Polygon><outerBoundaryIs><LinearRing><coordinates>36.98759259055672,-1.065077176052798 36.98779193801399,-1.064905549464155 36.98788183210115,-1.065011338184406 36.98768248461994,-1.065182964775253 36.98759259055672,-1.065077176052798</coordinates></LinearRing></outerBoundaryIs></Polygon></Placemark><Placemark><name>OG-634</name><styleUrl>#g</styleUrl><Polygon><outerBoundaryIs><LinearRing><coordinates>36.9870532262675,-1.06444244390747 36.9872525735811,-1.064270817332122 36.98734246764251,-1.064376605998229 36.98714312030499,-1.064548232575794 36.9870532262675,-1.06444244390747</coordinates></LinearRing></outerBoundaryIs></Polygon></Placemark><Placemark><name>OG-635</name><styleUrl>#g</styleUrl><Polygon><outerBoundaryIs><LinearRing><coordinates>36.9869633322343,-1.064336655248178 36.98716267952395,-1.06416502867508 36.9872525735811,-1.064270817332122 36.9870532262675,-1.06444244390747 36.9869633322343,-1.064336655248178</coordinates></LinearRing></outerBoundaryIs></Polygon></Placemark><Placemark><name>OG-636</name><styleUrl>#g</styleUrl><Polygon><outerBoundaryIs><LinearRing><coordinates>36.98768248461994,-1.065182964775253 36.98788183210115,-1.065011338184406 36.9879717261926,-1.065117126913683 36.98799082068531,-1.06510068766378 36.98808782798487,-1.065214847325513 36.98792360519779,-1.065350413308641 36.98789677494208,-1.065372561692417 36.98783924518977,-1.065367443045358 36.98768248461994,-1.065182964775253</coordinates></LinearRing></outerBoundaryIs></Polygon></Placemark><Placemark><name>OG-637</name><styleUrl>#g</styleUrl><Polygon><outerBoundaryIs><LinearRing><coordinates>36.9868734382054,-1.06423086659792 36.98707278547111,-1.064059240027037 36.98716267952395,-1.06416502867508 36.9869633322343,-1.064336655248178 36.9868734382054,-1.06423086659792</coordinates></LinearRing></outerBoundaryIs></Polygon></Placemark><Placemark><name>OG-638</name><styleUrl>#g</styleUrl><Polygon><outerBoundaryIs><LinearRing><coordinates>36.986783544180796,-1.064125077956697 36.98698289142256,-1.063953451388045 36.98707278547111,-1.064059240027037 36.9868734382054,-1.06423086659792 36.986783544180796,-1.064125077956697</coordinates></LinearRing></outerBoundaryIs></Polygon></Placemark><Placemark><name>OG-639</name><styleUrl>#g</styleUrl><Polygon><outerBoundaryIs><LinearRing><coordinates>36.98698289142256,-1.063953451388045 36.986783544180796,-1.064125077956697 36.98672724525103,-1.064058824530819 36.98673415824211,-1.063969587383384 36.98685500297821,-1.063865546966366 36.98691199564229,-1.063870020193514 36.98698289142256,-1.063953451388045</coordinates></LinearRing></outerBoundaryIs></Polygon></Placemark><Placemark><name>OG-640</name><styleUrl>#g</styleUrl><Polygon><outerBoundaryIs><LinearRing><coordinates>36.98577345786322,-1.064865211135779 36.98578996255201,-1.064886653479189 36.98602763008341,-1.065195423262333 36.98591932515913,-1.065279886027366 36.98566515297856,-1.064949673900089 36.98577345786322,-1.064865211135779</coordinates></LinearRing></outerBoundaryIs></Polygon></Placemark><Placemark><name>OG-641</name><styleUrl>#g</styleUrl><Polygon><outerBoundaryIs><LinearRing><coordinates>36.98578996255201,-1.064886653479189 36.98593746217713,-1.064771624236761 36.98617512975772,-1.065080394019972 36.98602763008341,-1.065195423262333 36.98578996255201,-1.064886653479189</coordinates></LinearRing></outerBoundaryIs></Polygon></Placemark><Placemark><name>OG-642</name><styleUrl>#g</styleUrl><Polygon><outerBoundaryIs><LinearRing><coordinates>36.98593746217713,-1.064771624236761 36.98608496179672,-1.064656594966196 36.98632262942645,-1.064965364749459 36.98617512975772,-1.065080394019972 36.98593746217713,-1.064771624236761</coordinates></LinearRing></outerBoundaryIs></Polygon></Placemark><Placemark><name>OG-643</name><styleUrl>#g</styleUrl><Polygon><outerBoundaryIs><LinearRing><coordinates>36.98608496179672,-1.064656594966196 36.98623246141075,-1.064541565667514 36.98647012908965,-1.064850335450829 36.98632262942645,-1.064965364749459 36.98608496179672,-1.064656594966196</coordinates></LinearRing></outerBoundaryIs></Polygon></Placemark><Placemark><name>OG-644</name><styleUrl>#g</styleUrl><Polygon><outerBoundaryIs><LinearRing><coordinates>36.98623246141075,-1.064541565667514 36.98637996101923,-1.06442653634065 36.98661762874728,-1.064735306124051 36.98647012908965,-1.064850335450829 36.98623246141075,-1.064541565667514</coordinates></LinearRing></outerBoundaryIs></Polygon></Placemark><Placemark><name>OG-645</name><styleUrl>#g</styleUrl><Polygon><outerBoundaryIs><LinearRing><coordinates>36.98637996101923,-1.06442653634065 36.986527460622185,-1.064311506985674 36.98676512839939,-1.064620276769128 36.98661762874728,-1.064735306124051 36.98637996101923,-1.06442653634065</coordinates></LinearRing></outerBoundaryIs></Polygon></Placemark><Placemark><name>OG-646</name><styleUrl>#g</styleUrl><Polygon><outerBoundaryIs><LinearRing><coordinates>36.98671099028179,-1.064248350726085 36.98692264822569,-1.064497433026501 36.98676512839939,-1.064620276769128 36.986527460622185,-1.064311506985674 36.98663816537159,-1.064225172522296 36.98671099028179,-1.064248350726085</coordinates></LinearRing></outerBoundaryIs></Polygon></Placemark><Placemark><name>OG-647</name><styleUrl>#g</styleUrl><Polygon><outerBoundaryIs><LinearRing><coordinates>36.98798556661256,-1.064948459154316 36.98805851825298,-1.064888237507676 36.98823371791763,-1.065094415085025 36.98810866940428,-1.065197642721474 36.98801129962167,-1.065083056487582 36.98803177855775,-1.065065425310918 36.98798058550268,-1.065005180552562 36.98798556661256,-1.064948459154316</coordinates></LinearRing></outerBoundaryIs></Polygon></Placemark><Placemark><name>OG-648</name><styleUrl>#g</styleUrl><Polygon><outerBoundaryIs><LinearRing><coordinates>36.98805851825298,-1.064888237507676 36.98816272531933,-1.064802214463048 36.98833792500815,-1.065008392038544 36.98823371791763,-1.065094415085025 36.98805851825298,-1.064888237507676</coordinates></LinearRing></outerBoundaryIs></Polygon></Placemark><Placemark><name>OG-649</name><styleUrl>#g</styleUrl><Polygon><outerBoundaryIs><LinearRing><coordinates>36.98816272531933,-1.064802214463048 36.98826693238214,-1.064716191403763 36.98844213209506,-1.064922368977356 36.98833792500815,-1.065008392038544 36.98816272531933,-1.064802214463048</coordinates></LinearRing></outerBoundaryIs></Polygon></Placemark><Placemark><name>OG-650</name><styleUrl>#g</styleUrl><Polygon><outerBoundaryIs><LinearRing><coordinates>36.98826693238214,-1.064716191403763 36.98837113944136,-1.064630168329822 36.98854633917842,-1.064836345901563 36.98844213209506,-1.064922368977356 36.98826693238214,-1.064716191403763</coordinates></LinearRing></outerBoundaryIs></Polygon></Placemark><Placemark><name>OG-651</name><styleUrl>#g</styleUrl><Polygon><outerBoundaryIs><LinearRing><coordinates>36.98837113944136,-1.064630168329822 36.988475346497,-1.064544145241242 36.98865054625819,-1.064750322811132 36.98854633917842,-1.064836345901563 36.98837113944136,-1.064630168329822</coordinates></LinearRing></outerBoundaryIs></Polygon></Placemark><Placemark><name>OG-652</name><styleUrl>#g</styleUrl><Polygon><outerBoundaryIs><LinearRing><coordinates>36.988475346497,-1.064544145241242 36.98857955354909,-1.064458122137992 36.98875475333439,-1.064664299705997 36.98865054625819,-1.064750322811132 36.988475346497,-1.064544145241242</coordinates></LinearRing></outerBoundaryIs></Polygon></Placemark><Placemark><name>OG-653</name><styleUrl>#g</styleUrl><Polygon><outerBoundaryIs><LinearRing><coordinates>36.98888091336316,-1.064560154380497 36.98875475333439,-1.064664299705997 36.98857955354909,-1.064458122137992 36.98865708954168,-1.064394116029464 36.98870822711282,-1.064398665895932 36.98876714966192,-1.064468006767971 36.98878762859271,-1.064450375570087 36.98888091336316,-1.064560154380497</coordinates></LinearRing></outerBoundaryIs></Polygon></Placemark><Placemark><name>OG-654</name><styleUrl>#g</styleUrl><Polygon><outerBoundaryIs><LinearRing><coordinates>36.9859688392246,-1.065344213073798 36.98644773034397,-1.064970744555331 36.98661277734416,-1.065185168068374 36.98656654151456,-1.065221225596281 36.98617649119893,-1.065525410563178 36.98608437204591,-1.065494309529285 36.9859688392246,-1.065344213073798</coordinates></LinearRing></outerBoundaryIs></Polygon></Placemark><Placemark><name>OG-655</name><styleUrl>#g</styleUrl><Polygon><outerBoundaryIs><LinearRing><coordinates>36.98644773034397,-1.064970744555331 36.98655424301791,-1.064887679425829 36.98671929004274,-1.065102102938904 36.98661277734416,-1.065185168068374 36.98644773034397,-1.064970744555331</coordinates></LinearRing></outerBoundaryIs></Polygon></Placemark><Placemark><name>OG-656</name><styleUrl>#g</styleUrl><Polygon><outerBoundaryIs><LinearRing><coordinates>36.98655424301791,-1.064887679425829 36.98666075568896,-1.064804614281666 36.98682580273844,-1.065019037794756 36.98671929004274,-1.065102102938904 36.98655424301791,-1.064887679425829</coordinates></LinearRing></outerBoundaryIs></Polygon></Placemark><Placemark><name>OG-657</name><styleUrl>#g</styleUrl><Polygon><outerBoundaryIs><LinearRing><coordinates>36.98666075568896,-1.064804614281666 36.98676726835711,-1.064721549122826 36.98693231543125,-1.064935972635933 36.98682580273844,-1.065019037794756 36.98666075568896,-1.064804614281666</coordinates></LinearRing></outerBoundaryIs></Polygon></Placemark><Placemark><name>OG-658</name><styleUrl>#g</styleUrl><Polygon><outerBoundaryIs><LinearRing><coordinates>36.98676726835711,-1.064721549122826 36.98687378102236,-1.064638483949294 36.98703882812114,-1.064852907462449 36.98693231543125,-1.064935972635933 36.98676726835711,-1.064721549122826</coordinates></LinearRing></outerBoundaryIs></Polygon></Placemark><Placemark><name>OG-659</name><styleUrl>#g</styleUrl><Polygon><outerBoundaryIs><LinearRing><coordinates>36.98687378102236,-1.064638483949294 36.98697525845252,-1.064559345548253 36.98712435158539,-1.06473480064077 36.98711867208018,-1.064790640201206 36.98703882812114,-1.064852907462449 36.98687378102236,-1.064638483949294</coordinates></LinearRing></outerBoundaryIs></Polygon></Placemark><Placemark><name>OG-660</name><styleUrl>#g</styleUrl><Polygon><outerBoundaryIs><LinearRing><coordinates>36.98745349201096,-1.065705500819364 36.9877397688802,-1.0654590332973 36.98786176196576,-1.065602596682304 36.98756857526967,-1.065855013119798 36.98745349201096,-1.065705500819364</coordinates></LinearRing></outerBoundaryIs></Polygon></Placemark><Placemark><name>OG-661</name><styleUrl>#g</styleUrl><Polygon><outerBoundaryIs><LinearRing><coordinates>36.98768100757629,-1.066001081401571 36.98782547021033,-1.065876707639733 36.98805828942494,-1.066150693054716 36.98793306661622,-1.066262257003198 36.98787804088981,-1.066257060495636 36.98768100757629,-1.066001081401571</coordinates></LinearRing></outerBoundaryIs></Polygon></Placemark><Placemark><name>OG-662</name><styleUrl>#g</styleUrl><Polygon><outerBoundaryIs><LinearRing><coordinates>36.98756857526967,-1.065855013119798 36.98786176196576,-1.065602596682304 36.98791863630224,-1.065669527299939 36.98793702220281,-1.065691164118575 36.98798094493272,-1.065742853082474 36.98782547021033,-1.065876707639733 36.98768100757629,-1.066001081401571 36.98756857526967,-1.065855013119798</coordinates></LinearRing></outerBoundaryIs></Polygon></Placemark><Placemark><name>OG-663</name><styleUrl>#g</styleUrl><Polygon><outerBoundaryIs><LinearRing><coordinates>36.98733537884982,-1.065552052181368 36.98761456397291,-1.065311690197462 36.9877397688802,-1.0654590332973 36.98745349201096,-1.065705500819364 36.98733537884982,-1.065552052181368</coordinates></LinearRing></outerBoundaryIs></Polygon></Placemark><Placemark><name>OG-664</name><styleUrl>#g</styleUrl><Polygon><outerBoundaryIs><LinearRing><coordinates>36.98721426037091,-1.065394699146094 36.98748617330475,-1.065160598052237 36.98761456397291,-1.065311690197462 36.98733537884982,-1.065552052181368 36.98721426037091,-1.065394699146094</coordinates></LinearRing></outerBoundaryIs></Polygon></Placemark><Placemark><name>OG-665</name><styleUrl>#g</styleUrl><Polygon><outerBoundaryIs><LinearRing><coordinates>36.98782547021033,-1.065876707639733 36.98798094493272,-1.065742853082474 36.98818523543247,-1.065983265389379 36.98818124109614,-1.066041152488248 36.98805828942494,-1.066150693054716 36.98782547021033,-1.065876707639733</coordinates></LinearRing></outerBoundaryIs></Polygon></Placemark><Placemark><name>OG-666</name><styleUrl>#g</styleUrl><Polygon><outerBoundaryIs><LinearRing><coordinates>36.98708469406287,-1.065226370988303 36.98735977263325,-1.06501184777411 36.98748617330475,-1.065160598052237 36.98721426037091,-1.065394699146094 36.98708469406287,-1.065226370988303</coordinates></LinearRing></outerBoundaryIs></Polygon></Placemark><Placemark><name>OG-667</name><styleUrl>#g</styleUrl><Polygon><outerBoundaryIs><LinearRing><coordinates>36.98735977263325,-1.06501184777411 36.98708469406287,-1.065226370988303 36.986978631492,-1.065088578098486 36.98698582824132,-1.06503149501778 36.98718881905519,-1.064873190248925 36.98724704716575,-1.064879190695612 36.98735977263325,-1.06501184777411</coordinates></LinearRing></outerBoundaryIs></Polygon></Placemark><Placemark><name>OG-668</name><styleUrl>#g</styleUrl><Polygon><outerBoundaryIs><LinearRing><coordinates>36.98723069823065,-1.066084075922528 36.9875094075003,-1.06586672154089 36.98762846743989,-1.06602140022918 36.98734975812371,-1.066238754610803 36.98723069823065,-1.066084075922528</coordinates></LinearRing></outerBoundaryIs></Polygon></Placemark><Placemark><name>OG-669</name><styleUrl>#g</styleUrl><Polygon><outerBoundaryIs><LinearRing><coordinates>36.98711163834358,-1.065929397252238 36.98739034756672,-1.065712042870531 36.9875094075003,-1.06586672154089 36.98723069823065,-1.066084075922528 36.98711163834358,-1.065929397252238</coordinates></LinearRing></outerBoundaryIs></Polygon></Placemark><Placemark><name>OG-670</name><styleUrl>#g</styleUrl><Polygon><outerBoundaryIs><LinearRing><coordinates>36.98734975812371,-1.066238754610803 36.98762846743989,-1.06602140022918 36.98774752738553,-1.066176078935436 36.98746881802282,-1.066393433317027 36.98734975812371,-1.066238754610803</coordinates></LinearRing></outerBoundaryIs></Polygon></Placemark><Placemark><name>OG-671</name><styleUrl>#g</styleUrl><Polygon><outerBoundaryIs><LinearRing><coordinates>36.98699257846262,-1.065774718599833 36.98727128763925,-1.06555736421809 36.98739034756672,-1.065712042870531 36.98711163834358,-1.065929397252238 36.98699257846262,-1.065774718599833</coordinates></LinearRing></outerBoundaryIs></Polygon></Placemark><Placemark><name>OG-672</name><styleUrl>#g</styleUrl><Polygon><outerBoundaryIs><LinearRing><coordinates>36.98746881802282,-1.066393433317027 36.98774752738553,-1.066176078935436 36.98783759632611,-1.066293093502553 36.98783208473933,-1.066352224113972 36.98762804642844,-1.066534006550166 36.98757302070894,-1.066528810028886 36.98746881802282,-1.066393433317027</coordinates></LinearRing></outerBoundaryIs></Polygon></Placemark><Placemark><name>OG-673</name><styleUrl>#g</styleUrl><Polygon><outerBoundaryIs><LinearRing><coordinates>36.98687351858769,-1.065620039965401 36.98715222771776,-1.065402685583617 36.98727128763925,-1.06555736421809 36.98699257846262,-1.065774718599833 36.98687351858769,-1.065620039965401</coordinates></LinearRing></outerBoundaryIs></Polygon></Placemark><Placemark><name>OG-674</name><styleUrl>#g</styleUrl><Polygon><outerBoundaryIs><LinearRing><coordinates>36.98675445871876,-1.065465361348925 36.98703316780232,-1.0652480069671 36.98715222771776,-1.065402685583617 36.98687351858769,-1.065620039965401 36.98675445871876,-1.065465361348925</coordinates></LinearRing></outerBoundaryIs></Polygon></Placemark><Placemark><name>OG-675</name><styleUrl>#g</styleUrl><Polygon><outerBoundaryIs><LinearRing><coordinates>36.98703316780232,-1.0652480069671 36.98675445871876,-1.065465361348925 36.98665731736375,-1.065339158543193 36.98666451412684,-1.065282075475786 36.98687931553832,-1.065114560174865 36.98693602640932,-1.065121804161306 36.98703316780232,-1.0652480069671</coordinates></LinearRing></outerBoundaryIs></Polygon></Placemark><Placemark><name>OG-676</name><styleUrl>#g</styleUrl><Polygon><outerBoundaryIs><LinearRing><coordinates>36.9881411335415,-1.065722709974253 36.988318768948155,-1.065576071930939 36.988420379727735,-1.065695649064021 36.988242744297224,-1.065842287109187 36.9881411335415,-1.065722709974253</coordinates></LinearRing></outerBoundaryIs></Polygon></Placemark><Placemark><name>OG-677</name><styleUrl>#g</styleUrl><Polygon><outerBoundaryIs><LinearRing><coordinates>36.98803952279123,-1.065603132850847 36.988217158174066,-1.065456494809384 36.988318768948155,-1.065576071930939 36.9881411335415,-1.065722709974253 36.98803952279123,-1.065603132850847</coordinates></LinearRing></outerBoundaryIs></Polygon></Placemark><Placemark><name>OG-678</name><styleUrl>#g</styleUrl><Polygon><outerBoundaryIs><LinearRing><coordinates>36.988242744297224,-1.065842287109187 36.988420379727735,-1.065695649064021 36.98851947218505,-1.065812262601446 36.98834745720804,-1.065965514914295 36.988242744297224,-1.065842287109187</coordinates></LinearRing></outerBoundaryIs></Polygon></Placemark><Placemark><name>OG-679</name><styleUrl>#g</styleUrl><Polygon><outerBoundaryIs><LinearRing><coordinates>36.988217158174066,-1.065456494809384 36.98803952279123,-1.065603132850847 36.98796187365281,-1.065511754131195 36.98796685478128,-1.065455032735401 36.98811323469723,-1.065334196068873 36.988217158174066,-1.065456494809384</coordinates></LinearRing></outerBoundaryIs></Polygon></Placemark><Placemark><name>OG-680</name><styleUrl>#g</styleUrl><Polygon><outerBoundaryIs><LinearRing><coordinates>36.988318768948155,-1.065576071930939 36.98849890113376,-1.065427372744113 36.98860051193754,-1.065546949875284 36.988420379727735,-1.065695649064021 36.988318768948155,-1.065576071930939</coordinates></LinearRing></outerBoundaryIs></Polygon></Placemark><Placemark><name>OG-681</name><styleUrl>#g</styleUrl><Polygon><outerBoundaryIs><LinearRing><coordinates>36.988217158174066,-1.065456494809384 36.98839729033548,-1.065307795624435 36.98849890113376,-1.065427372744113 36.988318768948155,-1.065576071930939 36.988217158174066,-1.065456494809384</coordinates></LinearRing></outerBoundaryIs></Polygon></Placemark><Placemark><name>OG-682</name><styleUrl>#g</styleUrl><Polygon><outerBoundaryIs><LinearRing><coordinates>36.988420379727735,-1.065695649064021 36.98860051193754,-1.065546949875284 36.98869390493923,-1.065656856177144 36.98851947218505,-1.065812262601446 36.988420379727735,-1.065695649064021</coordinates></LinearRing></outerBoundaryIs></Polygon></Placemark><Placemark><name>OG-683</name><styleUrl>#g</styleUrl><Polygon><outerBoundaryIs><LinearRing><coordinates>36.98831964116031,-1.065216416907598 36.98839729033548,-1.065307795624435 36.988217158174066,-1.065456494809384 36.98811323469723,-1.065334196068873 36.98826211139473,-1.06521129827273 36.98831964116031,-1.065216416907598</coordinates></LinearRing></outerBoundaryIs></Polygon></Placemark><Placemark><name>OG-684</name><styleUrl>#g</styleUrl><Polygon><outerBoundaryIs><LinearRing><coordinates>36.98672094723291,-1.066321327322836 36.987068392757756,-1.066050368420425 36.98749213156992,-1.066600876005065 36.98748661996611,-1.066660006602095 36.98721733104144,-1.066899922128891 36.98716230533125,-1.066894725589144 36.98672094723291,-1.066321327322836</coordinates></LinearRing></outerBoundaryIs></Polygon></Placemark><Placemark><name>OG-685</name><styleUrl>#g</styleUrl><Polygon><outerBoundaryIs><LinearRing><coordinates>36.9866222341829,-1.0661930825176 36.98696967965962,-1.065922123615154 36.987068392757756,-1.066050368420425 36.98672094723291,-1.066321327322836 36.9866222341829,-1.0661930825176</coordinates></LinearRing></outerBoundaryIs></Polygon></Placemark><Placemark><name>OG-686</name><styleUrl>#g</styleUrl><Polygon><outerBoundaryIs><LinearRing><coordinates>36.98652352167296,-1.066064838420964 36.98687096710157,-1.065793879518498 36.98696967965962,-1.065922123615154 36.9866222341829,-1.0661930825176 36.98652352167296,-1.066064838420964</coordinates></LinearRing></outerBoundaryIs></Polygon></Placemark><Placemark><name>OG-687</name><styleUrl>#g</styleUrl><Polygon><outerBoundaryIs><LinearRing><coordinates>36.98642480879239,-1.065936593849761 36.98677225417288,-1.06566563494724 36.98687096710157,-1.065793879518498 36.98652352167296,-1.066064838420964 36.98642480879239,-1.065936593849761</coordinates></LinearRing></outerBoundaryIs></Polygon></Placemark><Placemark><name>OG-688</name><styleUrl>#g</styleUrl><Polygon><outerBoundaryIs><LinearRing><coordinates>36.98677225417288,-1.06566563494724 36.98642480879239,-1.065936593849761 36.98624941894332,-1.065708733066421 36.98624250996183,-1.065611179978051 36.98650474505811,-1.065406673139518 36.98658035954001,-1.065416331808595 36.98677225417288,-1.06566563494724</coordinates></LinearRing></outerBoundaryIs></Polygon></Placemark></Document></kml>